run_date,severity,category,step,issue_type,item,description,resolved_date,resolved_by,resolution_note
2026-07-08,info,events,STEP4.5_image_backfill,unresolved_image,Maple Grove - Sounds of Summer Movie Night,Item had a website but no image_url; was on this run's og:image backfill attempt list but never actually fetched (batch-construction error caused one of 7 parallel agent batches to substitute fabricated placeholder items in place of the real ones). Carry forward for backfill next run.,,,
2026-07-08,info,events,STEP4.5_image_backfill,unresolved_image,Maplewood Celebrate Summer,Item had a website but no image_url; was on this run's og:image backfill attempt list but never actually fetched (batch-construction error caused one of 7 parallel agent batches to substitute fabricated placeholder items in place of the real ones). Carry forward for backfill next run.,,,
2026-07-08,info,parks,STEP4.5_image_backfill,unresolved_image,Kelley Park,"Item had a website but no image_url; deliberately deferred to backlog this run (scoped og:image backfill to highest-value 181 of 266 eligible items: all non-park items plus first 40 parks, given historical ~1% yield). Carry forward for backfill next run.",,,
2026-07-08,info,parks,STEP4.5_image_backfill,unresolved_image,Lake Ann Park,"Item had a website but no image_url; deliberately deferred to backlog this run (scoped og:image backfill to highest-value 181 of 266 eligible items: all non-park items plus first 40 parks, given historical ~1% yield). Carry forward for backfill next run.",,,
2026-07-08,info,parks,STEP4.5_image_backfill,unresolved_image,Lily Lake Park,"Item had a website but no image_url; deliberately deferred to backlog this run (scoped og:image backfill to highest-value 181 of 266 eligible items: all non-park items plus first 40 parks, given historical ~1% yield). Carry forward for backfill next run.",,,
2026-07-08,info,parks,STEP4.5_image_backfill,unresolved_image,Pine Tree Pond Park,"Item had a website but no image_url; deliberately deferred to backlog this run (scoped og:image backfill to highest-value 181 of 266 eligible items: all non-park items plus first 40 parks, given historical ~1% yield). Carry forward for backfill next run.",,,
2026-07-08,info,parks,STEP4.5_image_backfill,unresolved_image,Sibley Park,"Item had a website but no image_url; deliberately deferred to backlog this run (scoped og:image backfill to highest-value 181 of 266 eligible items: all non-park items plus first 40 parks, given historical ~1% yield). Carry forward for backfill next run.",2026-08-07,msp-family-guide-error-fixer,"image: stock_openverse_specific — place-specific photo 'South Central Minnesota Pride 2008 at Sibley Park' (Mankato), name match in title, CC BY 2.0 (commons.wikimedia.org)"
2026-07-08,info,parks,STEP4.5_image_backfill,unresolved_image,Staring Lake Park,"Item had a website but no image_url; deliberately deferred to backlog this run (scoped og:image backfill to highest-value 181 of 266 eligible items: all non-park items plus first 40 parks, given historical ~1% yield). Carry forward for backfill next run.",2026-08-07,msp-family-guide-error-fixer,"image: stock_openverse_specific — place-specific Openverse/Flickr photo 'A Walk Around Staring Lake' (Eden Prairie), name match, CC BY-NC 2.0 (flickr.com)"
2026-07-08,info,parks,STEP4.5_image_backfill,unresolved_image,West Medicine Lake Park,"Item had a website but no image_url; deliberately deferred to backlog this run (scoped og:image backfill to highest-value 181 of 266 eligible items: all non-park items plus first 40 parks, given historical ~1% yield). Carry forward for backfill next run.",2026-07-25,msp-family-guide-error-fixer,image: og_image from snoflo.org park page (file named west-medicine-lake-park-minnesota.webp) — place-specific to the named MN park
2026-07-08,info,parks,STEP4.5_image_backfill,unresolved_image,Wolfe Park,"Item had a website but no image_url; deliberately deferred to backlog this run (scoped og:image backfill to highest-value 181 of 266 eligible items: all non-park items plus first 40 parks, given historical ~1% yield). Carry forward for backfill next run.",2026-08-07,msp-family-guide-error-fixer,"image: stock_openverse_specific — place-specific Openverse/Flickr photo 'Morning on Wolfe Lake' (Wolfe Lake within Wolfe Park, St. Louis Park), name match, CC BY-NC-ND 2.0 (flickr.com)"
2026-07-08,info,parks,STEP4.5_image_backfill,unresolved_image,Chapel Trail at St. John's University,"Item had a website but no image_url; deliberately deferred to backlog this run (scoped og:image backfill to highest-value 181 of 266 eligible items: all non-park items plus first 40 parks, given historical ~1% yield). Carry forward for backfill next run.",2026-08-15,msp-family-guide-error-fixer,image: stock_openverse_specific - place-specific Openverse photo 'Stella Maris Chapel' (the chapel the Chapel Trail leads to at Saint John's University); name match verified in image metadata tags sju/saint/johns/stella/maris/chapel/minnesota; CC BY-NC-SA 2.0; https://live.staticflickr.com/2451/3654637380_a62436dc96_b.jpg
2026-07-08,info,parks,STEP4.5_image_backfill,unresolved_image,Lake Park (Winona),"Item had a website but no image_url; deliberately deferred to backlog this run (scoped og:image backfill to highest-value 181 of 266 eligible items: all non-park items plus first 40 parks, given historical ~1% yield). Carry forward for backfill next run.",2026-08-07,msp-family-guide-error-fixer,"image: og_image — specific park-trail photo of Lake Park from visitwinona.com (lakeparkpatheastfallmf.jpg); depicts the named park path, not a generic banner"
2026-07-08,info,parks,STEP4.5_image_backfill,unresolved_image,East Lake Park Bandshell,"Item had a website but no image_url; deliberately deferred to backlog this run (scoped og:image backfill to highest-value 181 of 266 eligible items: all non-park items plus first 40 parks, given historical ~1% yield). Carry forward for backfill next run.",,,
2026-07-08,info,parks,STEP4.5_image_backfill,unresolved_image,Alexandria City Park,"Item had a website but no image_url; deliberately deferred to backlog this run (scoped og:image backfill to highest-value 181 of 266 eligible items: all non-park items plus first 40 parks, given historical ~1% yield). Carry forward for backfill next run.",2026-08-13,msp-family-guide-error-fixer,image: facebook - venue's own page photo (facebook.com/p/City-Park-Alexandria-MN-61559574176542)
2026-07-08,info,parks,STEP4.5_image_backfill,unresolved_image,Lake Latoka Beach,"Item had a website but no image_url; deliberately deferred to backlog this run (scoped og:image backfill to highest-value 181 of 266 eligible items: all non-park items plus first 40 parks, given historical ~1% yield). Carry forward for backfill next run.",2026-07-25,msp-family-guide-error-fixer,"image: og_image — sandee.com deep-link photo explicitly of Lake Latoka Public Beach (photographer Darwin Anderson), CC BY 2.0"
2026-07-08,info,parks,STEP4.5_image_backfill,unresolved_image,Kiwanis Park (Brainerd),"Item had a website but no image_url; deliberately deferred to backlog this run (scoped og:image backfill to highest-value 181 of 266 eligible items: all non-park items plus first 40 parks, given historical ~1% yield). Carry forward for backfill next run.",2026-08-13,msp-family-guide-error-fixer,image: facebook - venue's own page photo (facebook.com/977661215598475)
2026-07-09,info,parks,STEP4.5_image_backfill,unresolved_image,Columbia Park,Park has a website but no og:image; not fetched this run (image backfill prioritized non-park items). Backlog for error-fixer.,2026-08-02,msp-family-guide-error-fixer,"image: og_image — official Minneapolis Parks Columbia Park page, venue-specific photo (columbia_park_archery1.jpg), passed relevance filter"
2026-07-09,info,parks,STEP4.5_image_backfill,unresolved_image,Cottage Grove Ravine Regional Park,Park has a website but no og:image; not fetched this run (image backfill prioritized non-park items). Backlog for error-fixer.,2026-08-13,msp-family-guide-error-fixer,image: facebook - park's own page photo (facebook.com/pages/Cottage-Grove-Ravine-Regional-Park/146293905399493)
2026-07-09,info,parks,STEP4.5_image_backfill,unresolved_image,Hamline Park,Park has a website but no og:image; not fetched this run (image backfill prioritized non-park items). Backlog for error-fixer.,2026-08-07,msp-family-guide-error-fixer,"image: stock_openverse_specific — place-specific photo 'Hamline Playground' (Hamline Park, St. Paul), name match, CC BY-SA 3.0 (commons.wikimedia.org)"
2026-07-09,info,parks,STEP4.5_image_backfill,unresolved_image,Lum Park Recreation Area,Park has a website but no og:image; not fetched this run (image backfill prioritized non-park items). Backlog for error-fixer.,,,
2026-07-09,info,parks,STEP4.5_image_backfill,unresolved_image,Cameron Park (Bemidji),Park has a website but no og:image; not fetched this run (image backfill prioritized non-park items). Backlog for error-fixer.,,,
2026-07-13,info,events,STEP4.7_stock_fallback,unresolved_image,Family Dance Party - Rochester Public Library,New item received topical Openverse stock image only (no facebook/og_image); eligible for later photo upgrade.,2026-08-14,msp-family-guide-error-fixer,"image: stock_openverse_specific - place-specific Openverse photo of Rochester Public Library (Rochester, MN), verified name match in image title 'Rochester, Minnesota Public Library.jpg', CC BY https://upload.wikimedia.org/wikipedia/commons/9/97/Rochester%2C_Minnesota_Public_Library.jpg"
2026-07-13,info,events,STEP4.7_stock_fallback,unresolved_image,Vadnais Heights Summer Concert Series,New item received topical Openverse stock image only (no facebook/og_image); eligible for later photo upgrade.,2026-08-13,msp-family-guide-error-fixer,"image: og_image from official Music-in-the-Park page (https://www.cityvadnaisheights.com/ImageRepository/Document?documentId=3395) - self-branded event photo, passed relevance filter"
2026-07-20,info,meal_deals,STEP4.6_website_backfill,unresolved_website,Tilly's Bar and Grill - Oronoco,"Independent venue with only a Facebook/review presence, no official site confirmed. Left blank.",2026-07-28,msp-family-guide-error-fixer,"website: https://tillystavern.netwaiter.com/ — venue's own ordering page, address 1155 Lake Shady Ave S, Oronoco MN verified"
2026-07-22,info,pipeline,STEP1_fixer_load,no_run_summary_today,-,"No run_summary row dated 2026-07-22 in loaded base (local error_log.csv, 144 rows, Jul 21); today's build/publish not yet reflected. Proceeded on carried-forward open queue.",,,
2026-07-22,info,pipeline,STEP4_fixer,fixer_summary,-,"Open queue examined: 12 unresolved_website + 24 unresolved_image = 36. Resolved this run: 5 (website=4, image=1 [og_image=0, facebook=0, stock_openverse_specific=1]). Left open: 8 website + 23 image = 31. Diagnostics: no_run_summary_today (build/publish for 2026-07-22 not in base); DRIVE_CONNECTOR_UNAVAILABLE this run — Drive MCP (create_file) tools absent, could not perform explicit upload to folder 1XA7M; wrote outputs to local synced 'Error Fixing - Latest' folder as fallback.",,,
2026-07-22,error,pipeline,STEP6_drive_upload,drive_upload_failure,all 5 category sheets,"Google Drive MCP (server d732aa5d) not connected this session; create_file API unavailable. 5 CSVs written to local mounted ""Agents and Workflows"" folder for Drive Desktop-mirror sync instead of API upload to folder 1SlAJxG1H.",,,
2026-07-22,error,pipeline,STEP6_drive_upload,feed_delivery_failed,msp_family_guide.json,Drive MCP not connected; could not API-upload enriched feed to Base44 feed folder 14GABkyPG. 320KB JSON written locally to mounted folder; delivery depends on Drive Desktop sync (unreliable per prior runs). Base44 feed may be stale until sync lands.,,,
2026-07-22,error,pipeline,STEP7_drive_upload,drive_upload_failure,error_log.csv,"Drive MCP not connected; error_log.csv written locally only, not API-uploaded to shared folder 1XA7M this run. Fixer task will need to read the local/synced copy.",,,
2026-07-22,info,pipeline,STEP4.4_checkpoint,feed_checkpoint,-,"Checkpoint feed built on complete pre-enrichment data (311KB, 312 records) and written to mounted folder. Drive API upload unavailable, so no API checkpoint publish; local write only.",,,
2026-07-22,warning,pipeline,STEP4.5_image_backfill,og_image_tooling_unavailable,-,"og:image backfill not attempted: WebFetch converts HTML->markdown and strips <head> meta tags, so og:image is unreadable (known recurring blocker). All 106 imageless fresh items routed to Openverse (STEP 4.7/4.8) instead.",,,
2026-07-22,warning,pipeline,STEP4.8_image_upgrade,curated_bad_url,Wanderlight Trail,"curated_images.csv row image_url points to a web page not an image (natlawreview.com/press-releases/...); rejected, item kept its Openverse image. Fix the row in curated_images.csv.",,,
2026-07-22,warning,pipeline,STEP4.8_image_upgrade,curated_bad_url,Walker Art Center,curated_images.csv row image_url is a web page (walkerart.org/minneapolis-sculpture-garden/) not a direct image; rejected. Fix the row in curated_images.csv.,,,
2026-07-22,warning,pipeline,STEP4.8_image_upgrade,curated_stale,curated_images.csv,Could not re-fetch canonical curated_images.csv from Drive (MCP not connected); used local mounted copy (modified 2026-07-21). Any cloud edits made since then are not reflected this run.,,,
2026-07-22,warning,events,STEP8_summary,count_drop,-,events=88 — below the 150 target and below prior run (133 on 2026-07-21). Cause: fresh subagent searches returned many already-past July events; 20 multi-day/recurring pre-window items were recovered but window is a short 14 days (07-22..08-05). Consider wider August coverage next run.,,,
2026-07-22,info,events,STEP4.6_website_backfill,unresolved_website,Richfield Farmers Market - Kids POP Program,dedicated market page 404d; only city-level info found — no confident specific URL.,2026-07-23,msp-family-guide-error-fixer,website: https://www.richfieldmn.gov/departments/parks_and_recreation/farmers_market/ — official City of Richfield farmers market page naming Kids POP program (Richfield MN)
2026-07-22,info,events,STEP4.6_website_backfill,unresolved_website,Mankato Outdoor RV & Boat Show,results were aggregators / multiple organizer pages; no single official source confidently matched.,2026-07-25,msp-family-guide-error-fixer,website: host dealer Bretz RV & Marine Mankato events page — event name+city match
2026-07-22,info,events,STEP4.6_website_backfill,unresolved_website,Family Fun Night,title too generic to disambiguate a specific venue/event; left blank.,2026-08-14,msp-family-guide-error-fixer,"website: https://loringpark.org/events/family-fun-night/ - verified: Citizens For A Loring Park Community event page names 'Family Fun Night' at Loring Park, 1382 Willow St, Minneapolis MN"
2026-07-22,info,events,STEP4.6_website_backfill,unresolved_website,Captain's Quarters,title too generic to verify a specific venue; left blank.,,,
2026-07-22,info,events,STEP4.6_website_backfill,unresolved_website,K.U.B.E. - Plymouth Community Center,Plymouth Community Center site returned 403; specific K.U.B.E. program page unverifiable.,2026-07-23,msp-family-guide-error-fixer,website: https://www.plymouthmn.gov/departments/parks-recreation/plymouth-community-center/indoor-playground — official City of Plymouth page for K.U.B.E. indoor playground (Plymouth MN)
2026-07-22,info,pipeline,STEP8_summary,run_summary,-,"Run 2026-07-22 (Wed, window 07-22..08-05, RUN_APIFY=False). Counts {'events': 88, 'parks': 127, 'meal_deals': 24, 'volunteer_opportunities': 18, 'restaurants': 55} total 312. Images: {'stock_openverse': 191, 'curated': 26, 'openverse_named': 91, 'og_image': 4}. Websites blank: events 5, meal_deals 1, restaurants 12. New log rows: 3 error, 5 warning, 6 info. KEY FAILURE: Google Drive MCP not connected -> no API upload of 5 sheets / feed JSON / error_log; all written to local mounted folder for Desktop-mirror sync only.",,,
2026-07-22,warning,events,STEP8_summary,count_drop,sports/active-rec,Only 7 events tagged sports/youth-sports/pro-sports/game vs ~15 target. Many Twins/Saints/Northwoods games the sports subagent found were dated after the 08-05 window end and dropped. Widen sports date capture or pull full home-stand ranges next run.,,,
2026-07-22,info,events,STEP8_summary,count_note,age-bands,"Age-band coverage: kids 51, toddlers 12, preschool 7, teens 5, babies 4. teens/babies low but non-zero; play-cafe tagged=13 (above tripwire).",,,
2026-07-23,info,pipeline,STEP1_fixer_load,no_run_summary_today,fixer_diagnostic,Publish-stage run_summary row dated 2026-07-23 not present in base log at fixer start; proceeded on carried-forward open queue.,,,
2026-07-23,info,pipeline,STEP4_fixer,fixer_summary,fixer_run_2026-07-23,"open examined=36 (website 13, image 23); resolved=4 (website 4 [official/gov/dedicated-site URLs: Peak Cafe@Edinborough=edinamn.gov, Mocha Mommas=mochamommas.com, Richfield Farmers Market=richfieldmn.gov, K.U.B.E.=plymouthmn.gov]; image 0); left_open=32 (website 9, image 23). Held OPEN per trustworthy bar consistent with 2026-07-20 precedent: Godfathers Pizza-Rochester / Tillys-Oronoco / Rafiki Coffee (Facebook-only presence = build stage FB-insufficient bar), Woodys Grille (Yelp closed-flag not a positive permanent-closure confirmation), Detroit Lakes Cruise DL Nights (tourism roundup only), Wild Bills (ambiguous location), Mankato RV&Boat Show (aggregators), Family Fun Night / Captains Quarters (titles too generic). image 0: og_image extraction non-functional (WebFetch strips head); Openverse returned no place-specific name-matched photo for any of the 23 park/venue items (only wrong-city same-name parks, topical, or no results). diagnostics: no_run_summary_today.",,,
2026-07-23,info,pipeline,STEP8_summary,run_summary,-,"Run 2026-07-23 (Thu, window 07-23..08-06, RUN_APIFY=False). Counts {'events':180,'parks':127,'meal_deals':24,'volunteer_opportunities':27,'restaurants':60} total 418. Images: {'stock_openverse':184,'openverse_named':91,'curated_tag':84,'curated':46,'facebook':9,'og_image':4} still_blank 0. events sports-tagged=20, paid=24, community=29; play-cafe restaurants=10. Seeds present: Rebes, Skinners, Green Mill, Tailgate, Pizza Luce x9 (all mirrored to restaurants). Websites blank: events 16, restaurants 9. Delivered via Drive API: 3 Google Sheets (Meal Deals, Volunteer, Restaurants) to Events Archive folder.",,,
2026-07-23,error,pipeline,STEP6_upload,drive_upload_failure,"events.csv,parks.csv","Events Sheet (112470 bytes / ~34.7K tok) and Parks Sheet (69606 bytes / ~34.7K tok) could not be created as Google Sheets this run: inline create_file textContent exceeds the ~32K output-token emission ceiling, and the Drive-for-Desktop mirror is frozen at 2026-07-22 10:22 (mirror events.csv=50424, parks.csv=69610 = yesterday build) so copy_file would deliver stale data. Correct today files are written to the local mounted folder awaiting sync resume.",,,
2026-07-23,error,pipeline,STEP6_feed,feed_delivery_failed,msp_family_guide.json,JSON feed (434501 bytes) not delivered to Base44 feed folder: far exceeds inline emission ceiling and Desktop mirror is frozen (mirror msp_family_guide.json=320002 = yesterday). Correct feed written locally to mounted folder for sync-based delivery. Same root cause as 2026-07-22 (that run: MCP absent; this run: MCP present but large-file path blocked by stale sync + emission ceiling).,,,
2026-07-23,warning,pipeline,STEP7_error_log_upload,raw_csv_import_dropped_row,error_log.csv,"Verification of this run raw-CSV Drive upload (id 1Kz5Jdsdta7fQ3x2NsO1TVfYDjjBAtU5r, disableConversionToGoogleType:true) found Drive silently dropped 1 of 136 rows during CSV import: the 2026-07-20 STEP4.5_image_backfill low_hit_rate row (a superseded informational note). Remaining 135 rows byte-faithful after CRLF->LF. Authoritative complete log (now 137 rows incl this) retained locally on synced mount. FIX-FORWARD: upload error_log.csv with contentMimeType text/plain (not text/csv) so Drive stores raw bytes and does not re-parse/drop rows.",,,
2026-07-23,error,pipeline,STEP6_feed_publish,feed_delivery_failed,missing_github_token,"github_token.txt absent from task working folder; cannot auth to GitHub contents API. Live raw feed currently ~3 bytes (empty stub), generated_date=None -> Base44 is serving an EMPTY feed. User must restore github_token.txt to resume feed delivery.",,,
2026-07-23,warning,pipeline,STEP4.4_feed_checkpoint,feed_checkpoint,,Early safety feed checkpoint could not publish: same missing github_token blocker as STEP6. Local msp_family_guide.json built successfully (526 records) but not delivered to GitHub.,,,
2026-07-23,warning,pipeline,STEP4.8_image_upgrade,curated_bad_url,Wanderlight Trail,"curated_images.csv row (match_value 'Wanderlight Trail') points to a web page, not a direct image resource (https://natlawreview.com/press-releases/wanderlight-trail-twilight-lantern-spect...); rejected to avoid a broken image. Fix the row's image_url in Drive.",,,
2026-07-23,warning,pipeline,STEP4.8_image_upgrade,curated_bad_url,Walker Art Center,"curated_images.csv row (match_value 'Walker Art Center') points to a web page, not a direct image resource (https://www.walkerart.org/minneapolis-sculpture-garden/); rejected to avoid a broken image. Fix the row's image_url in Drive.",,,
2026-07-23,warning,pipeline,STEP4.8_image_upgrade,curated_bad_url,Great Wolf Lodge,"curated_images.csv row (match_value 'Great Wolf Lodge') points to a web page, not a direct image resource (https://www.greatwolf.com/cdn-cgi/image/fit=scale-down); rejected to avoid a broken image. Fix the row's image_url in Drive.",,,
2026-07-23,warning,pipeline,STEP4.8_image_upgrade,curated_bad_url,Tailgate Sports Cafe,"curated_images.csv row (match_value 'Tailgate Sports Cafe') points to a web page, not a direct image resource (https://popmenucloud.com/cdn-cgi/image/width=1920); rejected to avoid a broken image. Fix the row's image_url in Drive.",,,
2026-07-23,warning,pipeline,STEP4.8_image_upgrade,curated_bad_url,indoor-playground,"curated_images.csv row (match_value 'indoor-playground') points to a web page, not a direct image resource (https://www.pexels.com/photo/children-walking-on-rope-playground-5488873/); rejected to avoid a broken image. Fix the row's image_url in Drive.",,,
2026-07-23,info,pipeline,STEP2_seed_venues,dropped_closed_venues,,"3 venues skipped as confirmed permanently closed and excluded from output: KidCo Children's Museum - Moorhead (Fargo Area), THE PLAYGROUND - Winona, Lucky's 13 Pub.",,,
2026-07-23,info,events,STEP4.6_website_backfill,unresolved_website,Minneapolis Fourth of July Celebration,New item added this run with no confident website match; deferred to error-fixer queue.,2026-07-24,msp-family-guide-error-fixer,"website: https://www.minneapolisparks.org/activities-events/events/red_white_and_boom/ — Official Minneapolis Parks & Recreation Board page for Red, White & BOOM 2026 Fourth of July celebration at Water Works Park."
2026-07-23,info,events,STEP4.6_website_backfill,unresolved_website,Inver Grove Heights Food Truck Festival,New item added this run with no confident website match; deferred to error-fixer queue.,2026-07-24,msp-family-guide-error-fixer,website: https://www.ighmn.gov/881/Food-Truck-Festival — Official City of Inver Grove Heights Food Truck Festival page with 2026 dates and details.
2026-07-23,info,events,STEP4.6_website_backfill,unresolved_website,Bloomington Farmers Market - Saturday,New item added this run with no confident website match; deferred to error-fixer queue.,2026-07-24,msp-family-guide-error-fixer,"website: https://www.bloomingtonmn.gov/market/bloomington-farmers-market — Official City of Bloomington parks page with Saturday market details (East Lot, Civic Plaza, June 6-Oct 17, 8am-1pm)"
2026-07-23,info,events,STEP4.6_website_backfill,unresolved_website,Bloomington Farmers Market - Wednesday,New item added this run with no confident website match; deferred to error-fixer queue.,2026-07-24,msp-family-guide-error-fixer,"website: https://www.bloomingtonmn.gov/market/bloomington-farmers-market — Official City of Bloomington page; specifically describes Wednesday Midweek Music & Market (July 8 - August 26, 5-8pm)."
2026-07-23,info,events,STEP4.6_website_backfill,unresolved_website,Roseville Roll In Movies,New item added this run with no confident website match; deferred to error-fixer queue.,2026-07-24,msp-family-guide-error-fixer,"website: https://www.cityofroseville.com/3690/Roll-In-Movies — Official City of Roseville Parks page for free outdoor Roll In Movies series at Roseville Oval, June-August 2026."
2026-07-23,info,events,STEP4.6_website_backfill,unresolved_website,Stillwater Summer Tuesdays - Farmers Market & Movie,New item added this run with no confident website match; deferred to error-fixer queue.,2026-07-24,msp-family-guide-error-fixer,"website: https://events.discoverstillwater.com/event/summer-tuesdays/ — Official Discover Stillwater event page describing vendor market, live music, and outdoor movies at Lowell Park."
2026-07-23,info,events,STEP4.6_website_backfill,unresolved_website,Burnsville Friday Night Flicks on the Bricks,New item added this run with no confident website match; deferred to error-fixer queue.,2026-07-24,msp-family-guide-error-fixer,website: https://burnsvillemn.com/events/flicks-on-the-bricks/ — Official City of Burnsville (Experience Burnsville tourism site) series page for Friday outdoor movie nights at Nicollet Commons Park
2026-07-23,info,events,STEP4.6_website_backfill,unresolved_website,Eden Prairie Outdoor Movie,New item added this run with no confident website match; deferred to error-fixer queue.,2026-07-24,msp-family-guide-error-fixer,website: https://www.familyfuntwincities.com/events/eden-prairie-movies-in-the-park/ — Eden Prairie Movies in the Park series at Staring Lake Amphitheater; verified by Family Fun Twin Cities event listing.
2026-07-23,info,events,STEP4.6_website_backfill,unresolved_website,Minneapolis Music in the Parks - Stone Arch Bridge,New item added this run with no confident website match; deferred to error-fixer queue.,2026-07-24,msp-family-guide-error-fixer,website: https://www.minneapolisparks.org/activities-events/music-movies/ — Official Minneapolis Parks Music & Movies event series page; Stone Arch Bridge hosts free Wednesday evening concerts 7pm June-August.
2026-07-23,info,events,STEP4.6_website_backfill,unresolved_website,Lake Harriet Bandshell Concerts,New item added this run with no confident website match; deferred to error-fixer queue.,2026-07-24,msp-family-guide-error-fixer,website: https://www.minneapolisparks.org/news/2026/05/18/minneapolis-park-and-recreation-board-announces-2026-music-and-movies-in-the-parks-lineup/ — Minneapolis Parks official announcement of 2026 Music and Movies lineup featuring 95 Lake Harriet Bandshell concerts.
2026-07-23,info,events,STEP4.6_website_backfill,unresolved_website,Mears Park Free Concert Series - July,New item added this run with no confident website match; deferred to error-fixer queue.,2026-07-24,msp-family-guide-error-fixer,website: https://www.stpaul.gov/departments/parks-and-recreation/activities-events/summer-activities-events/music-parks — Official City of St. Paul Parks & Recreation page for Mears Park music series (includes lunchtime concerts and Lowertown Sounds evening series)
2026-07-23,info,events,STEP4.6_website_backfill,unresolved_website,Mears Park Free Lunchtime Concerts,New item added this run with no confident website match; deferred to error-fixer queue.,2026-07-24,msp-family-guide-error-fixer,"website: https://www.stpaul.gov/departments/parks-and-recreation/activities-events/summer-activities-events/music-parks — Official St. Paul Parks & Recreation page; describes Mears Park Lunchtime Concert Series (Tuesdays & Wednesdays, noon, downtown St. Paul)."
2026-07-23,info,events,STEP4.6_website_backfill,unresolved_website,Music on the Cortile - St. Paul,New item added this run with no confident website match; deferred to error-fixer queue.,2026-07-24,msp-family-guide-error-fixer,website: https://www.landmarkcenter.org/music-on-the-cortile/ — Official Landmark Center page for free Music on the Cortile Thursday lunch concerts (12-1pm) in downtown St. Paul.
2026-07-23,info,events,STEP4.6_website_backfill,unresolved_website,Music on the Cortile - St. Paul (August 6),New item added this run with no confident website match; deferred to error-fixer queue.,2026-07-24,msp-family-guide-error-fixer,website: https://www.landmarkcenter.org/music-on-the-cortile/ — Official Landmark Center page with Music on the Cortile series including August 6 performance by Room3.
2026-07-23,info,events,STEP4.6_website_backfill,unresolved_website,Taste of Minnesota - Food & Music Festival,New item added this run with no confident website match; deferred to error-fixer queue.,2026-07-24,msp-family-guide-error-fixer,"website: https://www.tasteofmn.com/home — Official Taste of Minnesota website for the free food and music festival (July 3-4, 2026, Nicollet Mall & Washington Ave, Minneapolis)"
2026-07-23,info,events,STEP4.6_website_backfill,unresolved_website,Inver Grove Heights Food Truck Festival - August,New item added this run with no confident website match; deferred to error-fixer queue.,2026-07-24,msp-family-guide-error-fixer,"website: https://www.ighmn.gov/881/Food-Truck-Festival — Official city page; confirms Food Truck Festival on Friday, August 14, 5-8pm at Rich Valley Athletic Complex."
2026-07-23,info,events,STEP4.6_website_backfill,unresolved_website,Oakdale Touch-a-Truck,New item added this run with no confident website match; deferred to error-fixer queue.,2026-07-24,msp-family-guide-error-fixer,"website: https://www.oakdalemn.gov/537/Touch-a-Truck — Official City of Oakdale Parks page for free Touch-a-Truck family event August 20, 2026 at Walton Park."
2026-07-23,info,events,STEP4.6_website_backfill,unresolved_website,Minneapolis Vintage Market,New item added this run with no confident website match; deferred to error-fixer queue.,2026-07-24,msp-family-guide-error-fixer,website: https://www.mplsvintagemarket.com/ — Official Minneapolis Vintage Market website with 2026 event listings and vendor information.
2026-07-23,info,events,STEP4.6_website_backfill,unresolved_website,Maple Grove Sounds of Summer - Free Outdoor Movies,New item added this run with no confident website match; deferred to error-fixer queue.,2026-07-24,msp-family-guide-error-fixer,"website: https://maplegrovemn.gov/Calendar.aspx?EID=1009 — Official City of Maple Grove events calendar page for outdoor movies at Town Green (Fridays at dusk, July-Aug)"
2026-07-23,info,events,STEP4.6_website_backfill,unresolved_website,Uptown Market - Thursday Farmers Market,New item added this run with no confident website match; deferred to error-fixer queue.,2026-07-24,msp-family-guide-error-fixer,"website: https://uptownmarket.org/ — Official Uptown Farmers Market site; specifically lists Thursday schedule 4-8pm (June 11 - September 24) at Lake & Girard, Minneapolis."
2026-07-23,info,events,STEP4.5_image_backfill,unresolved_image,William A. Irvin Music on the Ship,New item has a website but og:image fetch was deferred this automated run; currently on a topical/curated fallback image. Queued for error-fixer to upgrade to a real photo.,2026-07-24,msp-family-guide-error-fixer,"image: stock_openverse_specific — place-specific Openverse photo 'William A. Irvin Ship, Duluth' of the exact named venue (SS William A. Irvin), verified name match in image metadata, CC-BY, https://live.staticflickr.com/8055/28902284950_f1b231d739_b.jpg"
2026-07-23,info,events,STEP4.5_image_backfill,unresolved_image,Concerts on the Pier at Glensheen,New item has a website but og:image fetch was deferred this automated run; currently on a topical/curated fallback image. Queued for error-fixer to upgrade to a real photo.,2026-07-24,msp-family-guide-error-fixer,"image: stock_openverse_specific — place-specific Openverse photo 'Glensheen - Main Entrance of the Chester A. Congdon Mansion, Duluth MN' of the exact named venue, verified name match in image metadata, CC BY-NC-SA, https://live.staticflickr.com/4117/... (Glensheen estate)"
2026-07-23,info,events,STEP4.5_image_backfill,unresolved_image,Movies in the Park - Duluth,New item has a website but og:image fetch was deferred this automated run; currently on a topical/curated fallback image. Queued for error-fixer to upgrade to a real photo.,2026-07-25,msp-family-guide-error-fixer,"image: og_image from Visit Duluth event page (file DLTH_...MoviesInThePark.jpg) — event-specific self-branded tile, passed relevance filter"
2026-07-23,info,events,STEP4.6_website_backfill,unresolved_website,Family Dance Party - Rochester Public Library,New item added this run with no confident website match; deferred to error-fixer queue.,2026-07-24,msp-family-guide-error-fixer,website: https://www.rplmn.org/ — Rochester Public Library main website; Family Dance Party free 30-minute themed events held in library auditorium (101 2nd St SE) with multiple dates throughout summer.
2026-07-23,info,events,STEP4.6_website_backfill,unresolved_website,Riverside Music Series - Mayo Park,New item added this run with no confident website match; deferred to error-fixer queue.,2026-07-24,msp-family-guide-error-fixer,website: https://www.rochestermn.gov/activities-parks-culture/music/concerts-events/riverside-music-series/ — Official City of Rochester Parks page describing Riverside Music Series at Mayo Park with 2026 lineup and dates.
2026-07-23,info,events,STEP4.6_website_backfill,unresolved_website,Days of Yesteryear Celebration - History Center,New item added this run with no confident website match; deferred to error-fixer queue.,2026-07-24,msp-family-guide-error-fixer,"website: https://www.olmstedhistory.com/events — History Center of Olmsted County (Rochester area) official events page for annual Days of Yesteryear celebration (Aug 8-9, 2026)"
2026-07-23,info,events,STEP4.5_image_backfill,unresolved_image,Badges & Bobbers Fishing Event - Lake George,New item has a website but og:image fetch was deferred this automated run; currently on a topical/curated fallback image. Queued for error-fixer to upgrade to a real photo.,2026-08-14,msp-family-guide-error-fixer,"image: stock_openverse_specific - place-specific Openverse photo of Lake George, St. Cloud MN, verified name+city match in image title 'Lake George, Saint Cloud, MN.', CC BY https://live.staticflickr.com/7443/9130544973_f7d901281f_b.jpg"
2026-07-23,info,events,STEP4.5_image_backfill,unresolved_image,Summertime by George! Concert Series,New item has a website but og:image fetch was deferred this automated run; currently on a topical/curated fallback image. Queued for error-fixer to upgrade to a real photo.,2026-07-25,msp-family-guide-error-fixer,"image: og_image from official summertimebygeorge.com — aerial of Lake George Park during the event, self-branded"
2026-07-23,info,events,STEP4.5_image_backfill,unresolved_image,Niko Moon Concert - Vetter Stone Amphitheater,New item has a website but og:image fetch was deferred this automated run; currently on a topical/curated fallback image. Queued for error-fixer to upgrade to a real photo.,,,
2026-07-23,info,events,STEP4.5_image_backfill,unresolved_image,Bands by the Barn,New item has a website but og:image fetch was deferred this automated run; currently on a topical/curated fallback image. Queued for error-fixer to upgrade to a real photo.,2026-07-31,msp-family-guide-error-fixer,"image: og_image — self-branded/venue-specific og:image from official page, passed relevance filter; https://radiomankato.com/wp-content/uploads/2026/03/FBeventcovers45.webp"
2026-07-23,info,events,STEP4.5_image_backfill,unresolved_image,Music in the Park Thursdays - Mankato,New item has a website but og:image fetch was deferred this automated run; currently on a topical/curated fallback image. Queued for error-fixer to upgrade to a real photo.,,,
2026-07-23,info,events,STEP4.5_image_backfill,unresolved_image,Movies in the Park - Mankato,New item has a website but og:image fetch was deferred this automated run; currently on a topical/curated fallback image. Queued for error-fixer to upgrade to a real photo.,,,
2026-07-23,info,events,STEP4.5_image_backfill,unresolved_image,Moorhead Summer Splash Event,New item has a website but og:image fetch was deferred this automated run; currently on a topical/curated fallback image. Queued for error-fixer to upgrade to a real photo.,,,
2026-07-23,info,events,STEP4.5_image_backfill,unresolved_image,Winona Parks & Rec Summer Activities,New item has a website but og:image fetch was deferred this automated run; currently on a topical/curated fallback image. Queued for error-fixer to upgrade to a real photo.,,,
2026-07-23,info,events,STEP4.5_image_backfill,unresolved_image,Winona Farmers Market,New item has a website but og:image fetch was deferred this automated run; currently on a topical/curated fallback image. Queued for error-fixer to upgrade to a real photo.,,,
2026-07-23,info,events,STEP4.6_website_backfill,unresolved_website,Ben & Adith Miller Golf Tournament,New item added this run with no confident website match; deferred to error-fixer queue.,2026-07-24,msp-family-guide-error-fixer,"website: https://www.winonahealth.org/about/foundation/foundation-events/ben-adith-miller-classic/ — Winona Health Foundation official page; describes Ben & Adith Miller Classic golf fundraiser (August 10, 2026, Winona)."
2026-07-23,info,events,STEP4.5_image_backfill,unresolved_image,Alexandria Freedom Fun Run,New item has a website but og:image fetch was deferred this automated run; currently on a topical/curated fallback image. Queued for error-fixer to upgrade to a real photo.,2026-08-05,msp-family-guide-error-fixer,"image: og_image from event's own RunSignUp registration page (self-branded race banner), passed relevance filter — https://d368g9lw5ileu7.cloudfront.net/races/races-144xxx/144232/raceBanner-ItIqjzS9-bOBbC-.jpg"
2026-07-23,info,events,STEP4.5_image_backfill,unresolved_image,Aladdin Kids - Andria Theatre,New item has a website but og:image fetch was deferred this automated run; currently on a topical/curated fallback image. Queued for error-fixer to upgrade to a real photo.,2026-07-24,msp-family-guide-error-fixer,"image: stock_openverse_specific — place-specific Openverse photo 'Andria Theatre ~ Alexandria, MN' of the exact named venue, verified name match in image metadata, CC BY-NC-SA, https://live.staticflickr.com/4077/4737891615_4e1ea6b59e_b.jpg"
2026-07-23,info,events,STEP4.5_image_backfill,unresolved_image,Alexandria Saturday Art Market,New item has a website but og:image fetch was deferred this automated run; currently on a topical/curated fallback image. Queued for error-fixer to upgrade to a real photo.,2026-08-13,msp-family-guide-error-fixer,image: facebook - event's own page photo (facebook.com/p/Saturday-Art-Market-Big-Ole-Park-100069658099195)
2026-07-23,info,events,STEP4.5_image_backfill,unresolved_image,Captain's Quarters Craft Program - BoatHouse,New item has a website but og:image fetch was deferred this automated run; currently on a topical/curated fallback image. Queued for error-fixer to upgrade to a real photo.,2026-08-05,msp-family-guide-error-fixer,"image: og_image — event-specific promo graphic from Legacy of the Lakes Museum calendar (deep-link, self-branded) — https://legacyofthelakes.org/wp-content/uploads/2026/06/Captains-Quarters-2-232x300.png"
2026-07-23,info,events,STEP4.5_image_backfill,unresolved_image,Urban Air Trampoline Parks - Minnesota Locations,New item has a website but og:image fetch was deferred this automated run; currently on a topical/curated fallback image. Queued for error-fixer to upgrade to a real photo.,,,
2026-07-23,info,events,STEP4.5_image_backfill,unresolved_image,Skateville Family Roller Skating Rink,New item has a website but og:image fetch was deferred this automated run; currently on a topical/curated fallback image. Queued for error-fixer to upgrade to a real photo.,2026-07-31,msp-family-guide-error-fixer,"image: og_image — self-branded/venue-specific og:image from official page, passed relevance filter; https://skateville1.wpenginepowered.com/wp-content/uploads/2023/11/14732377_1430717760275940_2430282756371478762_n.png"
2026-07-23,info,meal_deals,STEP4.6_website_backfill,unresolved_website,Jersey's Bar & Grill Thursday Kids Eat Free,New item added this run with no confident website match; deferred to error-fixer queue.,2026-07-24,msp-family-guide-error-fixer,website: https://jerseysbar.com/ — Official Jersey's Bar & Grill website; Inver Grove Heights location (6449 Concord Blvd) offers kids eat free with adult meal purchase on Thursdays.
2026-07-23,info,meal_deals,STEP4.5_image_backfill,unresolved_image,Denny's Thursday Kids Eat Free,New item has a website but og:image fetch was deferred this automated run; currently on a topical/curated fallback image. Queued for error-fixer to upgrade to a real photo.,,,
2026-07-23,info,meal_deals,STEP4.5_image_backfill,unresolved_image,Perkins Tuesday Kids Eat Free,New item has a website but og:image fetch was deferred this automated run; currently on a topical/curated fallback image. Queued for error-fixer to upgrade to a real photo.,,,
2026-07-23,info,meal_deals,STEP4.5_image_backfill,unresolved_image,Rubio's Rewards Thursday Kids Free Meal,New item has a website but og:image fetch was deferred this automated run; currently on a topical/curated fallback image. Queued for error-fixer to upgrade to a real photo.,,,
2026-07-23,info,meal_deals,STEP4.6_website_backfill,unresolved_website,Broadway Pizza Thursday Kids Eat Free,New item added this run with no confident website match; deferred to error-fixer queue.,2026-07-31,msp-family-guide-error-fixer,website: https://www.broadwaypizza.com/rogers — verified venue name+city match
2026-07-23,info,meal_deals,STEP4.5_image_backfill,unresolved_image,Animales BBQ Family Night Deal,New item has a website but og:image fetch was deferred this automated run; currently on a topical/curated fallback image. Queued for error-fixer to upgrade to a real photo.,2026-07-31,msp-family-guide-error-fixer,"image: og_image — self-branded/venue-specific og:image from official page, passed relevance filter; https://images.squarespace-cdn.com/content/v1/5bedb23a620b8559f7dcdd7b/57d3d6b8-d32f-4fce-8b01-2fe41317cb6e/homepage-hero.jpg"
2026-07-23,info,meal_deals,STEP4.5_image_backfill,unresolved_image,Topgolf Sunday Funday Deal,New item has a website but og:image fetch was deferred this automated run; currently on a topical/curated fallback image. Queued for error-fixer to upgrade to a real photo.,2026-07-31,msp-family-guide-error-fixer,"image: og_image — self-branded/venue-specific og:image from official page, passed relevance filter; https://s3.topgolf.com/gallery/51549/11355_1655926334_full.jpg"
2026-07-23,info,meal_deals,STEP4.5_image_backfill,unresolved_image,Topgolf Half-Off Golf Weekdays,New item has a website but og:image fetch was deferred this automated run; currently on a topical/curated fallback image. Queued for error-fixer to upgrade to a real photo.,2026-07-31,msp-family-guide-error-fixer,"image: og_image — self-branded/venue-specific og:image from official page, passed relevance filter; https://s3.topgolf.com/uploads/images/cp/tg26-hog-promo-card-1200x675.jpg"
2026-07-23,info,meal_deals,STEP4.5_image_backfill,unresolved_image,Topgolf Monthly Membership,New item has a website but og:image fetch was deferred this automated run; currently on a topical/curated fallback image. Queued for error-fixer to upgrade to a real photo.,2026-08-05,msp-family-guide-error-fixer,"image: og_image — venue photo from Topgolf's own official gallery (self-branded, real venue photo not logo), passed relevance filter — https://s3.topgolf.com/gallery/51549/11355_1655926334_full.jpg"
2026-07-23,info,restaurants,STEP4.5_image_backfill,unresolved_image,Topgolf Brooklyn Center,New item has a website but og:image fetch was deferred this automated run; currently on a topical/curated fallback image. Queued for error-fixer to upgrade to a real photo.,2026-07-25,msp-family-guide-error-fixer,image: og_image — location-specific hero from Topgolf official CDN (gallery/51549) depicting Brooklyn Center facility
2026-07-23,info,restaurants,STEP4.5_image_backfill,unresolved_image,Bowlero Brooklyn Park (Lucky Strike),New item has a website but og:image fetch was deferred this automated run; currently on a topical/curated fallback image. Queued for error-fixer to upgrade to a real photo.,,,
2026-07-23,info,restaurants,STEP4.5_image_backfill,unresolved_image,Bowlocity Entertainment Center Rochester,New item has a website but og:image fetch was deferred this automated run; currently on a topical/curated fallback image. Queued for error-fixer to upgrade to a real photo.,2026-08-13,msp-family-guide-error-fixer,image: facebook - venue's own page photo (facebook.com/Bowlocity)
2026-07-23,info,restaurants,STEP4.5_image_backfill,unresolved_image,The Burrow Oakdale,New item has a website but og:image fetch was deferred this automated run; currently on a topical/curated fallback image. Queued for error-fixer to upgrade to a real photo.,2026-07-31,msp-family-guide-error-fixer,"image: og_image — self-branded/venue-specific og:image from official page, passed relevance filter; https://images.squarespace-cdn.com/content/v1/625dc310a5f56823b78f4a6c/dd0991b9-3171-4396-9861-c272734bf3d7/TheBurrow_Logo_Rawhide-06.png"
2026-07-23,info,restaurants,STEP4.5_image_backfill,unresolved_image,The Burrow Victoria,New item has a website but og:image fetch was deferred this automated run; currently on a topical/curated fallback image. Queued for error-fixer to upgrade to a real photo.,2026-07-25,msp-family-guide-error-fixer,image: og_image — venue-specific photo (victoriaburrowpic.jpg) from The Burrow's own official site
2026-07-23,info,restaurants,STEP4.5_image_backfill,unresolved_image,Dual Citizen Brewery St. Paul,New item has a website but og:image fetch was deferred this automated run; currently on a topical/curated fallback image. Queued for error-fixer to upgrade to a real photo.,2026-07-31,msp-family-guide-error-fixer,"image: og_image — self-branded/venue-specific og:image from official page, passed relevance filter; https://dcbc.com/wp-content/uploads/2025/03/TaproomSpace-5836-scaled.jpg"
2026-07-23,info,restaurants,STEP4.5_image_backfill,unresolved_image,Day Block Brewing Company,New item has a website but og:image fetch was deferred this automated run; currently on a topical/curated fallback image. Queued for error-fixer to upgrade to a real photo.,2026-07-31,msp-family-guide-error-fixer,"image: og_image — self-branded/venue-specific og:image from official page, passed relevance filter; https://dbbc-tickets-22041300-production.s3.amazonaws.com/wp-content/uploads/2023/01/13123533/beers-landing-photo.jpg"
2026-07-23,info,restaurants,STEP4.5_image_backfill,unresolved_image,56 Brewing Minneapolis,New item has a website but og:image fetch was deferred this automated run; currently on a topical/curated fallback image. Queued for error-fixer to upgrade to a real photo.,2026-08-13,msp-family-guide-error-fixer,image: facebook - brewery's own page photo (facebook.com/155874381476622)
2026-07-23,info,restaurants,STEP4.5_image_backfill,unresolved_image,Indeed Brewing Co. Minneapolis,New item has a website but og:image fetch was deferred this automated run; currently on a topical/curated fallback image. Queued for error-fixer to upgrade to a real photo.,2026-07-24,msp-family-guide-error-fixer,"image: stock_openverse_specific — place-specific Openverse photo 'Indeed Brewing Co.' of the exact named venue, verified name match in image metadata, CC BY-NC-ND, https://live.staticflickr.com/65535/51573364413_54fa73935a_b.jpg"
2026-07-23,info,restaurants,STEP4.5_image_backfill,unresolved_image,Lilli Putt Family Entertainment Coon Rapids,New item has a website but og:image fetch was deferred this automated run; currently on a topical/curated fallback image. Queued for error-fixer to upgrade to a real photo.,2026-07-25,msp-family-guide-error-fixer,"image: og_image — facility photo from lilliputt.net official site, self-branded"
2026-07-23,info,restaurants,STEP4.5_image_backfill,unresolved_image,Can Can Wonderland St. Paul,New item has a website but og:image fetch was deferred this automated run; currently on a topical/curated fallback image. Queued for error-fixer to upgrade to a real photo.,2026-08-07,msp-family-guide-error-fixer,"image: stock_openverse_specific — place-specific Openverse/Flickr photos titled 'Can Can Wonderland' tagged saintpaul/minnesota, name match, CC BY-NC-ND 2.0 (flickr.com)"
2026-07-23,info,restaurants,STEP4.5_image_backfill,unresolved_image,Puttshack Mini Golf Edina/Minneapolis,New item has a website but og:image fetch was deferred this automated run; currently on a topical/curated fallback image. Queued for error-fixer to upgrade to a real photo.,2026-07-25,msp-family-guide-error-fixer,"image: og_image — venue course photo from puttshack.com official site, self-branded"
2026-07-23,info,restaurants,STEP4.5_image_backfill,unresolved_image,Nowhere Entertainment Inver Grove Heights,New item has a website but og:image fetch was deferred this automated run; currently on a topical/curated fallback image. Queued for error-fixer to upgrade to a real photo.,2026-08-02,msp-family-guide-error-fixer,image: og_image — self-branded image from venue's own website (nowhereentertainmentcenter.com attractions page)
2026-07-23,info,volunteer_opportunities,STEP4.5_image_backfill,unresolved_image,Second Harvest Heartland Food Bank - Food Packing Shifts,New item has a website but og:image fetch was deferred this automated run; currently on a topical/curated fallback image. Queued for error-fixer to upgrade to a real photo.,2026-08-02,msp-family-guide-error-fixer,"image: og_image — banner from Second Harvest's own volunteer portal page, depicts food-packing, passed relevance filter"
2026-07-23,info,volunteer_opportunities,STEP4.5_image_backfill,unresolved_image,Minneapolis Parks Volunteer Programming,New item has a website but og:image fetch was deferred this automated run; currently on a topical/curated fallback image. Queued for error-fixer to upgrade to a real photo.,,,
2026-07-23,info,volunteer_opportunities,STEP4.5_image_backfill,unresolved_image,Bloomington Parks Adopt-A-Park Program,New item has a website but og:image fetch was deferred this automated run; currently on a topical/curated fallback image. Queued for error-fixer to upgrade to a real photo.,2026-08-02,msp-family-guide-error-fixer,"image: og_image — official City of Bloomington parks page, adopt-a-park volunteer photo (adoptkids.jpg)"
2026-07-23,info,volunteer_opportunities,STEP4.5_image_backfill,unresolved_image,Saint Paul Citywide Cleanup Volunteer Events,New item has a website but og:image fetch was deferred this automated run; currently on a topical/curated fallback image. Queued for error-fixer to upgrade to a real photo.,2026-08-02,msp-family-guide-error-fixer,"image: og_image — official City of Saint Paul citywide-cleanup page, event-specific photo, passed relevance filter"
2026-07-23,info,volunteer_opportunities,STEP4.5_image_backfill,unresolved_image,Urban Roots Community Garden Volunteering,New item has a website but og:image fetch was deferred this automated run; currently on a topical/curated fallback image. Queued for error-fixer to upgrade to a real photo.,2026-07-25,msp-family-guide-error-fixer,"image: stock_openverse_specific — Flickr/USDA public-domain photo tagged 'urbanroots','stpaul','garden', name match in metadata, public domain"
2026-07-23,info,volunteer_opportunities,STEP4.5_image_backfill,unresolved_image,Mission Branch Library Community Garden - Monday Nights,New item has a website but og:image fetch was deferred this automated run; currently on a topical/curated fallback image. Queued for error-fixer to upgrade to a real photo.,,,
2026-07-23,info,volunteer_opportunities,STEP4.5_image_backfill,unresolved_image,Garden School Foundation Community Garden Day,New item has a website but og:image fetch was deferred this automated run; currently on a topical/curated fallback image. Queued for error-fixer to upgrade to a real photo.,2026-08-02,msp-family-guide-error-fixer,image: og_image — self-branded community-garden photo from foundation's own website hero
2026-07-23,info,volunteer_opportunities,STEP4.5_image_backfill,unresolved_image,Minnesota State Fair Volunteer - Family Fun Exhibits,New item has a website but og:image fetch was deferred this automated run; currently on a topical/curated fallback image. Queued for error-fixer to upgrade to a real photo.,2026-07-25,msp-family-guide-error-fixer,image: og_image from official mnstatefair.org volunteer page — self-branded collage of volunteers at Family Fun exhibits
2026-07-23,info,volunteer_opportunities,STEP4.5_image_backfill,unresolved_image,Minnesota DNR State Fair Volunteer,New item has a website but og:image fetch was deferred this automated run; currently on a topical/curated fallback image. Queued for error-fixer to upgrade to a real photo.,2026-07-25,msp-family-guide-error-fixer,"image: og_image from official dnr.state.mn.us volunteer page — DNR building at the MN State Fair, self-branded"
2026-07-23,info,pipeline,STEP8_summary,run_summary,,"Run 2026-07-23 (Thu, 2026-07-23..2026-08-06, RUN_APIFY=False). Records: events=254 parks=127 meal_deals=33 volunteer=37 restaurants=75 total=526. New rows this run: 1 error / 6 warning / 75 info (incl 26 unresolved_website, 47 unresolved_image backlog). CRITICAL: feed NOT delivered (missing github_token; live GitHub feed empty).",,,
2026-07-23,info,pipeline,STEP6_github_publish,feed_delivery_failed,msp_family_guide.json,"RECOVERY on duplicate-trigger re-run (~16:10Z): msp_feed_gh_token.txt now present in Drive feed-archive folder, so the enriched 526-item feed (548137 bytes) was published to GitHub avlhohn/msp-family-feed@main. Verified byte-identical (sha d2e76cd, sha256 match, 526 items, window 2026-07-23..08-06). Supersedes the 14:45 run's empty-stub state; Base44 raw feed now returns 548137 bytes (was 3).",,,
2026-07-23,info,pipeline,STEP8_summary,run_summary,,"Duplicate-trigger gap-fill run 2026-07-23 (~16:10Z). Pipeline NOT re-run (14:45 run already delivered all 5 sheets + 526-item JSON + error_log). Sole genuine gap closed: GitHub feed publish that failed at 14:45 for missing token. Token since restored to Drive; feed now live (548137 bytes, 526 items). No new listings compiled, no new unresolved rows.",,,
2026-07-24,info,pipeline,STEP1_fixer_load,no_run_summary_today,,"No run_summary row dated 2026-07-24 present in base log; today's build/publish stage had not produced a fresher log at fixer runtime. Used local base error_log.csv (byte-identical to newest Drive copy 1d_wn2jKr, 220 data rows). Proceeded on existing open queue.",,,
2026-07-24,info,pipeline,STEP4_fixer,fixer_summary,,"error-fixer run 2026-07-24 (resumed): resolved 20 new website items + reapplied 5 synced-base website items; total resolved_date=2026-07-24 rows now 54. Remaining open: 17 website, 66 image.",,,
2026-07-24,info,pipeline,STEP8,run_summary,,"Run 2026-07-24 (Fri) window 2026-07-24..2026-08-07. Totals: events 260, parks 127, meal_deals 41, volunteer 37, restaurants 76 = 541. 5 Sheets uploaded to 1SlAJxG1H; feed published to avlhohn/msp-family-feed (560699 bytes). Apify ran (0 results).",,,
2026-07-24,info,meal_deals,STEP4,fb_deal_yield,,"Facebook deal scrape yield: new_deals=0, updated_deals=0, expired_pruned=0.",,,
2026-07-24,warning,pipeline,STEP4_apify,apify_no_results,facebook-events-scraper,Apify facebook-events-scraper returned 0 results across all 13 queries this run; relied on web-search + carry-forward. No action needed unless recurring.,,,
2026-07-24,warning,imaging,STEP4.8,curated_bad_url,Wanderlight Trail,curated_images.csv row rejected: image_url is not a direct renderable image (https://wanderlight page (not a direct image)).,,,
2026-07-24,warning,imaging,STEP4.8,curated_bad_url,Walker Art Center,curated_images.csv row rejected: image_url is not a direct renderable image (walker art center page url (not image)).,,,
2026-07-24,warning,imaging,STEP4.8,curated_bad_url,Great Wolf Lodge,curated_images.csv row rejected: image_url is not a direct renderable image (great wolf lodge page url (not image)).,,,
2026-07-24,warning,imaging,STEP4.8,curated_bad_url,Tailgate Sports Cafe,curated_images.csv row rejected: image_url is not a direct renderable image (tailgate sports cafe page url (not image)).,,,
2026-07-24,warning,imaging,STEP4.8,curated_bad_url,indoor-playground,curated_images.csv row rejected: image_url is not a direct renderable image (indoor-playground tag url (not a direct image)).,,,
2026-07-24,info,pipeline,STEP4,dropped_closed_venues,KidCo Children's Museum - Moorhead; THE PLAYGROUND - Winona; Lucky's 13 Pub,3 confirmed-closed venues dropped from all categories.,,,
2026-07-24,info,pipeline,STEP6,feed_checkpoint,github:avlhohn/msp-family-feed,msp_family_guide.json published to GitHub main (560699 bytes) — Base44 delivery OK.,,,
2026-07-24,info,events,STEP4.6,unresolved_website,Oakdale Touch-a-Truck,No official website found via web search; left blank for next run.,2026-07-24,msp-family-guide-error-fixer,"website: https://www.oakdalemn.gov/537/Touch-a-Truck — Official City of Oakdale Parks page for free Touch-a-Truck family event August 20, 2026 at Walton Park."
2026-07-24,info,events,STEP4.6,unresolved_website,Maple Grove Sounds of Summer - Free Outdoor Movies,No official website found via web search; left blank for next run.,2026-07-24,msp-family-guide-error-fixer,"website: https://maplegrovemn.gov/Calendar.aspx?EID=1009 — Official City of Maple Grove events calendar page for outdoor movies at Town Green (Fridays at dusk, July-Aug)"
2026-07-24,info,events,STEP4.6,unresolved_website,Uptown Market - Thursday Farmers Market,No official website found via web search; left blank for next run.,2026-07-24,msp-family-guide-error-fixer,"website: https://uptownmarket.org/ — Official Uptown Farmers Market site; specifically lists Thursday schedule 4-8pm (June 11 - September 24) at Lake & Girard, Minneapolis."
2026-07-24,info,events,STEP4.6,unresolved_website,Days of Yesteryear Celebration - History Center,No official website found via web search; left blank for next run.,2026-07-24,msp-family-guide-error-fixer,"website: https://www.olmstedhistory.com/events — History Center of Olmsted County (Rochester area) official events page for annual Days of Yesteryear celebration (Aug 8-9, 2026)"
2026-07-24,info,events,STEP4.6,unresolved_website,Ben & Adith Miller Golf Tournament,No official website found via web search; left blank for next run.,2026-07-24,msp-family-guide-error-fixer,website: https://www.winonahealth.org/about/foundation/foundation-events/ben-adith-miller-classic/ — Official Winona Health Foundation event page
2026-07-24,info,events,STEP4.6,unresolved_website,Minnesota ArtCars + ArtBikes Parade,No official website found via web search; left blank for next run.,2026-07-24,msp-family-guide-error-fixer,website: https://artcarparade.com/ — Official Minnesota ArtCar Parade site
2026-07-24,info,events,STEP4.6,unresolved_website,Ballroom in the Park,No official website found via web search; left blank for next run.,2026-07-28,msp-family-guide-error-fixer,website: https://downtownstpaul.com/do/ballroom-in-the-park — page specifically describes the St Paul free outdoor ballroom dance series
2026-07-24,info,events,STEP4.6,unresolved_website,Big Bounce America at Mall of America,No official website found via web search; left blank for next run.,2026-07-24,msp-family-guide-error-fixer,website: https://www.mallofamerica.com/events/view/37679 — Official Mall of America event page for this event
2026-07-24,info,events,STEP4.6,unresolved_website,Carver County Fair,No official website found via web search; left blank for next run.,2026-07-24,msp-family-guide-error-fixer,website: https://www.carvercountyfair.com/ — Official Carver County Fair website
2026-07-24,info,events,STEP4.6,unresolved_website,Maple Grove Sounds of Summer,No official website found via web search; left blank for next run.,2026-07-24,msp-family-guide-error-fixer,website: https://www.maplegrovemn.gov/Calendar.aspx?EID=1027 — Official City of Maple Grove calendar page for the concert series
2026-07-24,info,events,STEP4.6,unresolved_website,Carpenter St. Croix Valley Nature Center Preschool Storytime,No official website found via web search; left blank for next run.,2026-07-24,msp-family-guide-error-fixer,website: https://carpenternaturecenter.org/ — Official Carpenter Nature Center website
2026-07-24,info,events,STEP4.6,unresolved_website,New Hope Performance Center Outdoor Movies,No official website found via web search; left blank for next run.,2026-07-24,msp-family-guide-error-fixer,website: https://www.newhopemn.gov/play/facilities_reservations/outdoor_theatre — Official City of New Hope outdoor theatre page
2026-07-24,info,events,STEP4.6,unresolved_website,Eden Prairie Movie - The Lego Movie,No official website found via web search; left blank for next run.,2026-07-31,msp-family-guide-error-fixer,website: https://www.edenprairiemn.gov/city-government/departments/parks-and-recreation — verified venue name+city match
2026-07-24,info,events,STEP4.6,unresolved_website,Stillwater Summer Tuesdays Movies,No official website found via web search; left blank for next run.,2026-07-24,msp-family-guide-error-fixer,website: https://summertuesdays.com — Official Summer Tuesdays (Stillwater) website
2026-07-24,info,events,STEP4.6,unresolved_website,Shoreview Summer Concert Series,No official website found via web search; left blank for next run.,2026-07-25,msp-family-guide-error-fixer,website: official City of Shoreview Parks & Rec page (Concerts in the Commons) — name+city match
2026-07-24,info,events,STEP4.6,unresolved_website,St. Anthony Silverwood Park Summer Concerts,No official website found via web search; left blank for next run.,2026-07-24,msp-family-guide-error-fixer,website: https://www.threeriversparks.org/page/silverwood-onstage — Official Three Rivers Park District Silverwood OnStage page
2026-07-24,info,events,STEP4.6,unresolved_website,Southwest St. Louis County Fair,No official website found via web search; left blank for next run.,2026-07-25,msp-family-guide-error-fixer,"website: http://swstlouiscountyfair.com/ — official fair site, name+location (Floodwood, MN) match"
2026-07-24,info,events,STEP4.6,unresolved_website,Music on Madison,No official website found via web search; left blank for next run.,2026-07-24,msp-family-guide-error-fixer,website: https://musiconmadison.com/ — Official Music on Madison (Mankato) website
2026-07-24,info,events,STEP4.6,unresolved_website,Brainerd Ski Loons Water Ski Shows,No official website found via web search; left blank for next run.,2026-07-24,msp-family-guide-error-fixer,website: https://www.skiloons.com/ — Official Brainerd Ski Loons website
2026-07-24,info,events,STEP4.6,unresolved_website,Brainerd Ski Loons Water Ski Shows - August 14,No official website found via web search; left blank for next run.,2026-07-25,msp-family-guide-error-fixer,"website: https://www.skiloons.com/ — official Brainerd Ski Loons org site, name+city match"
2026-07-24,info,events,STEP4.6,unresolved_website,Summer Splash Family Camp,No official website found via web search; left blank for next run.,2026-07-25,msp-family-guide-error-fixer,"website: https://familyfestministries.org/summer-splash/ — official organizer page, event name+location (Lake Carlos, Alexandria) match"
2026-07-24,info,events,STEP4.6,unresolved_website,Summer Outdoor Festival - Brainerd,No official website found via web search; left blank for next run.,,,
2026-07-24,info,events,STEP4.6,unresolved_website,Lakes Bluegrass Festival,No official website found via web search; left blank for next run.,2026-07-24,msp-family-guide-error-fixer,website: https://www.lakesbluegrassfestival.com/ — Official Lakes Bluegrass Festival website
2026-07-24,info,events,STEP4.6,unresolved_website,Brainerd Fire Department Golf Scramble,No official website found via web search; left blank for next run.,,,
2026-07-24,info,events,STEP4.6,unresolved_website,Fun City Adventure Park - Maplewood,No official website found via web search; left blank for next run.,2026-07-24,msp-family-guide-error-fixer,website: https://www.funcitymaplewood.com/ — Official Fun City Adventure Park (Maplewood) website
2026-07-24,info,meal_deals,STEP4.6,unresolved_website,Jersey's Bar & Grill Thursday Kids Eat Free,No official website found via web search; left blank for next run.,2026-07-24,msp-family-guide-error-fixer,website: https://jerseysbar.com/ — Official Jersey's Bar & Grill website; Inver Grove Heights location (6449 Concord Blvd) offers kids eat free with adult meal purchase on Thursdays.
2026-07-24,info,meal_deals,STEP4.6,unresolved_website,Twin City Grill - Kids Eat Free Tuesday,No official website found via web search; left blank for next run.,2026-07-24,msp-family-guide-error-fixer,website: https://www.twincitygrillrestaurant.com/promotions/ — Official Twin City Grill promotions page (Kids Eat Free Tue)
2026-07-24,info,restaurants,STEP4.6,unresolved_website,Ember and Bean,No official website found via web search; left blank for next run.,2026-07-24,msp-family-guide-error-fixer,website: https://emberandbeanroasting.com/ — Official Ember and Bean Roasting Co (Oakdale) website
2026-07-24,info,restaurants,STEP4.6,unresolved_website,Silverwood Park Cafe,No official website found via web search; left blank for next run.,2026-07-24,msp-family-guide-error-fixer,website: https://www.threeriversparks.org/location/silverwood-park — Official Three Rivers Park District Silverwood Park page (cafe within)
2026-07-24,info,restaurants,STEP4.6,unresolved_website,Owl's Nest Cafe,No official website found via web search; left blank for next run.,2026-07-24,msp-family-guide-error-fixer,website: https://owlsnestcafe.com/ — Official Owl's Nest Cafe (Jordan) website
2026-07-24,info,restaurants,STEP4.6,unresolved_website,Littles and Lattes,No official website found via web search; left blank for next run.,2026-07-28,msp-family-guide-error-fixer,"website: https://www.instagram.com/littles.lattesplaycafe/ — venue's own official social presence, Littles & Lattes Play Cafe, Baxter MN verified"
2026-07-24,info,restaurants,STEP4.6,unresolved_website,Nurture to Play,No official website found via web search; left blank for next run.,2026-07-24,msp-family-guide-error-fixer,website: https://www.nurturetoplay.com/ — Official Nurture to Play (Sartell) website
2026-07-24,info,restaurants,STEP4.6,unresolved_website,Peak Cafe at Edinborough Park,No official website found via web search; left blank for next run.,2026-07-25,msp-family-guide-error-fixer,website: official City of Edina Edinborough Park page — venue name+city match
2026-07-24,info,restaurants,STEP4.6,unresolved_website,Mocha Momma's,No official website found via web search; left blank for next run.,2026-08-05,msp-family-guide-error-fixer,"website: https://mocha-mommas-coffee.menustic.com/ — verified venue-specific page for Mocha Momma's coffee (Minneapolis Central Library, 300 Nicollet Mall); exact name+city match"
2026-07-24,info,restaurants,STEP4.6,unresolved_website,Angel Food Bakery,No official website found via web search; left blank for next run.,2026-07-24,msp-family-guide-error-fixer,website: https://www.angelfoodmn.com/ — Official Angel Food Bakery website
2026-07-24,info,restaurants,STEP4.6,unresolved_website,The Depot Coffee House,No official website found via web search; left blank for next run.,2026-07-25,msp-family-guide-error-fixer,website: official managing org (Hopkins Arts Center) page for the venue — name+city match
2026-07-24,info,restaurants,STEP4.6,unresolved_website,Community Grounds,No official website found via web search; left blank for next run.,2026-07-24,msp-family-guide-error-fixer,website: http://www.communitygroundsmn.com/ — Official Community Grounds (Columbia Heights) website
2026-07-25,info,events,STEP4.6_website_backfill,unresolved_website,Ben & Adith Miller Golf Tournament,No confident official website found for this venue/event after verification-gated research; left blank.,2026-07-25,msp-family-guide-error-fixer,website: official host Winona Health Foundation event page — event name+city (Winona) match
2026-07-25,info,events,STEP4.6_website_backfill,unresolved_website,Minnesota ArtCars + ArtBikes Parade,No confident official website found for this venue/event after verification-gated research; left blank.,2026-07-25,msp-family-guide-error-fixer,"website: https://artcarparade.com/ — official parade site, name match (Minneapolis/Lake Harriet)"
2026-07-25,info,events,STEP4.6_website_backfill,unresolved_website,"St. Paul Summer Arts, Crafts & Vendor Market",No confident official website found for this venue/event after verification-gated research; left blank.,2026-07-25,msp-family-guide-error-fixer,"website: organizer's (Maker Market Co.) official Eventbrite event page — exact event name+city (Mears Park, St. Paul) match"
2026-07-25,info,events,STEP4.6_website_backfill,unresolved_website,Uptown Food Truck Festival,No confident official website found for this venue/event after verification-gated research; left blank.,2026-07-25,msp-family-guide-error-fixer,website: official mnfoodtruckfestival.com Minneapolis page — event name+city match
2026-07-25,info,events,STEP4.6_website_backfill,unresolved_website,Fridley Touch-A-Truck,No confident official website found for this venue/event after verification-gated research; left blank.,2026-07-31,msp-family-guide-error-fixer,website: https://www.fridleymn.gov/824/Special-Events — verified venue name+city match
2026-07-25,warning,pipeline,STEP4.5_image_backfill,low_hit_rate,,"og:image hit-rate this run ~6.1% (4 of 66 eligible items with website-but-no-image), slightly below the ~7-8% historical baseline; most sites lacked og:image or served generic banners.",,,
2026-07-25,warning,pipeline,STEP4.8_image_upgrade,image_upgrade_skipped,image_upgrades.py,image_upgrades.py helper not present in working folder (headless session) and Drive copy not fetched; STEP 4.8 named-entity openverse_named upgrade skipped. Curated title/keyword and category/tag overlays were applied inline instead.,,,
2026-07-25,warning,pipeline,STEP4.8_image_upgrade,curated_bad_url,Good Times Park,Curated title row image_url is not a directly-renderable image and was skipped: https://static.wixstatic.com/media/f1cc59_dd3b8a6eeec94e77bd03c4b6824456f3~mv2.png/v1/fill/w_568,,,
2026-07-25,warning,pipeline,STEP4.8_image_upgrade,curated_bad_url,Wanderlight Trail,Curated keyword row image_url is not a directly-renderable image and was skipped: https://natlawreview.com/press-releases/wanderlight-trail-twilight-lantern-spectacular-now-open-minnesota-zoo,,,
2026-07-25,warning,pipeline,STEP4.8_image_upgrade,curated_bad_url,Walker Art Center,Curated keyword row image_url is not a directly-renderable image and was skipped: https://www.walkerart.org/minneapolis-sculpture-garden/,,,
2026-07-25,warning,pipeline,STEP4.8_image_upgrade,curated_bad_url,indoor-playground,Curated tag row image_url is not a directly-renderable image and was skipped: https://www.pexels.com/photo/children-walking-on-rope-playground-5488873/,,,
2026-07-25,warning,pipeline,STEP4.8_image_upgrade,curated_bad_url,trampoline,Curated tag row image_url is not a directly-renderable image and was skipped: https://www.pexels.com/photo/a-person-in-brown-pants-jumping-on-a-trampoline-8142258/,,,
2026-07-25,warning,pipeline,STEP8_summary,play_cafe_low,,"play-cafe-tagged count is 11 (just under the ~12 tripwire); play-cafe OR play-area is 17. All must-include seed venues are present in the output, so this is a marginal tagging nuance (some seeds tagged play-area/arcade rather than play-cafe), not missing venues.",,,
2026-07-25,info,pipeline,STEP8_summary,run_summary,,"Run 2026-07-25 (Sat, window to 2026-08-08, RUN_APIFY=False). Counts: events 295, parks 127, meal_deals 48, volunteer 29, restaurants 76; total 575. New log rows this run: 0 error / 8 warning / 6 info (incl. this summary).",,,
2026-07-25,info,pipeline,STEP4_fixer,fixer_summary,error-fixer run,"examined 88 open (web 22, img 66); resolved 22 (website 11; image og_image 10, facebook 0, stock_openverse_specific 1); left open web 11, img 55; no log_base_rejected; run_summary for 2026-07-25 present (no no_run_summary_today)",,,
2026-07-26,info,pipeline,STEP8,run_summary,,"Run 2026-07-26 window 07-26..08-09 Sunday RUN_APIFY=False. Counts: {'events': 263, 'parks': 127, 'meal_deals': 58, 'volunteer_opportunities': 47, 'restaurants': 76} total 571.",,,
2026-07-26,warning,pipeline,STEP4.8,image_upgrade_skipped,image_upgrades.py,Named-entity openverse upgrade helper not present in session and not fetched; STEP4.7 stock + inline curated overlay applied instead (openverse_named layer skipped).,,,
2026-07-26,warning,pipeline,STEP4.8,curated_bad_url,Good Times Park,Curated title row image_url is not a direct renderable image; not applied: https://static.wixstatic.com/media/f1cc59_dd3b8a6eeec94e77bd03c4b6824456f3~mv2.png/v1/fill/w_568,,,
2026-07-26,warning,pipeline,STEP4.8,curated_bad_url,Wanderlight Trail,Curated keyword row image_url is not a direct renderable image; not applied: https://natlawreview.com/press-releases/wanderlight-trail-twilight-lantern-spectacular-now-open-minnesota-zoo,,,
2026-07-26,warning,pipeline,STEP4.8,curated_bad_url,Walker Art Center,Curated keyword row image_url is not a direct renderable image; not applied: https://www.walkerart.org/minneapolis-sculpture-garden/,,,
2026-07-26,warning,pipeline,STEP4.8,curated_bad_url,indoor-playground,Curated tag row image_url is not a direct renderable image; not applied: https://www.pexels.com/photo/children-walking-on-rope-playground-5488873/,,,
2026-07-26,warning,pipeline,STEP4.8,curated_bad_url,trampoline,Curated tag row image_url is not a direct renderable image; not applied: https://www.pexels.com/photo/a-person-in-brown-pants-jumping-on-a-trampoline-8142258/,,,
2026-07-26,info,events,STEP4.6_website_backfill,unresolved_website,Ben & Adith Miller Golf Tournament,No confident specific website found this run (new listing or ambiguous/small venue); left blank for fixer task.,2026-07-28,msp-family-guide-error-fixer,"website: official Winona Health Foundation page names the Ben & Adith Miller Classic golf tournament, Winona MN"
2026-07-26,info,events,STEP4.6_website_backfill,unresolved_website,Southwest St. Louis County Fair,No confident specific website found this run (new listing or ambiguous/small venue); left blank for fixer task.,2026-07-28,msp-family-guide-error-fixer,"website: http://swstlouiscountyfair.com/ — official fair domain, Floodwood MN verified"
2026-07-26,info,events,STEP4.6_website_backfill,unresolved_website,"St. Paul Summer Arts, Crafts & Vendor Market",No confident specific website found this run (new listing or ambiguous/small venue); left blank for fixer task.,2026-07-28,msp-family-guide-error-fixer,"website: organizer's official Eventbrite event page, Mears Park St. Paul verified"
2026-07-26,info,events,STEP4.6_website_backfill,unresolved_website,Uptown Food Truck Festival,No confident specific website found this run (new listing or ambiguous/small venue); left blank for fixer task.,2026-07-28,msp-family-guide-error-fixer,"website: Uptown Minneapolis association's official event page, name+city verified"
2026-07-26,info,meal_deals,STEP4.6_website_backfill,unresolved_website,Boulevard Bar & Grill,No confident specific website found this run (new listing or ambiguous/small venue); left blank for fixer task.,2026-07-28,msp-family-guide-error-fixer,"website: https://www.boulevardbarmn.com/ — official site, Coon Rapids MN verified"
2026-07-26,info,meal_deals,STEP4.6_website_backfill,unresolved_website,The Patty Wagon,No confident specific website found this run (new listing or ambiguous/small venue); left blank for fixer task.,2026-07-28,msp-family-guide-error-fixer,"website: https://www.thepattywagonmn.com/ — official site, 6042 Nicollet Ave Minneapolis verified"
2026-07-26,info,meal_deals,STEP4.6_website_backfill,unresolved_website,Shamrocks,No confident specific website found this run (new listing or ambiguous/small venue); left blank for fixer task.,2026-07-28,msp-family-guide-error-fixer,"website: https://www.crshamrocks.com/ — official site, 995 7th St W St. Paul verified"
2026-07-26,info,meal_deals,STEP4.6_website_backfill,unresolved_website,Willy McCoy's,No confident specific website found this run (new listing or ambiguous/small venue); left blank for fixer task.,2026-07-28,msp-family-guide-error-fixer,"website: https://www.willymccoys.com/ — official site, MN locations verified"
2026-07-26,info,meal_deals,STEP4.6_website_backfill,unresolved_website,The Nook,No confident specific website found this run (new listing or ambiguous/small venue); left blank for fixer task.,2026-07-28,msp-family-guide-error-fixer,"website: https://www.crnook.com/ — official site, 492 Hamline Ave S St. Paul verified"
2026-07-26,info,meal_deals,STEP4.6_website_backfill,unresolved_website,Sunshine Factory,No confident specific website found this run (new listing or ambiguous/small venue); left blank for fixer task.,2026-07-28,msp-family-guide-error-fixer,"website: https://esunshinefactory.com/ — official Sunshine Factory Bar & Grill, Plymouth MN verified"
2026-07-26,info,meal_deals,STEP4.6_website_backfill,unresolved_website,Dickey's Barbecue Pit,No confident specific website found this run (new listing or ambiguous/small venue); left blank for fixer task.,2026-07-28,msp-family-guide-error-fixer,"website: official Dickey's MN locations page, name match"
2026-07-26,info,meal_deals,STEP4.6_website_backfill,unresolved_website,Ze's Diner,No confident specific website found this run (new listing or ambiguous/small venue); left blank for fixer task.,2026-07-28,msp-family-guide-error-fixer,"website: https://zesdiner.com/ — official site, multiple MN locations verified"
2026-07-26,info,meal_deals,STEP4.6_website_backfill,unresolved_website,Chevys Fresh Mex,No confident specific website found this run (new listing or ambiguous/small venue); left blank for fixer task.,2026-07-28,msp-family-guide-error-fixer,"website: official Chevys MN site, Bloomington MN verified"
2026-07-26,info,meal_deals,STEP4.6_website_backfill,unresolved_website,Pi Craft Pizza,No confident specific website found this run (new listing or ambiguous/small venue); left blank for fixer task.,2026-07-31,msp-family-guide-error-fixer,website: https://www.live4pi.com — verified venue name+city match
2026-07-26,info,volunteer_opportunities,STEP4.6_website_backfill,unresolved_website,St. Paul Community Gardens - Monday Evening Volunteer,No confident specific website found this run (new listing or ambiguous/small venue); left blank for fixer task.,2026-07-31,msp-family-guide-error-fixer,website: https://sapcc.org/community-garden/ — verified venue name+city match
2026-07-26,info,restaurants,STEP4.6_website_backfill,unresolved_website,Peak Cafe at Edinborough Park,No confident specific website found this run (new listing or ambiguous/small venue); left blank for fixer task.,2026-07-28,msp-family-guide-error-fixer,"website: official City of Edina facility page names Peak Cafe at Edinborough Park, Edina MN"
2026-07-26,info,pipeline,STEP4.4,feed_checkpoint,,"STEP4.4 early checkpoint folded into final publish: enrichment completed within budget, full enriched feed published directly in STEP6.",,,
2026-07-27,info,pipeline,STEP8,run_summary,manual_run,"On-demand run: events 290, meal_deals 55, volunteer 45, restaurants 84, parks 289. 11 new seed restaurants + 5 meal-deal mirrors injected; 14 duplicate rows merged by STEP4.3 (seed-wins). Parks resynced 127->290 (289 after 1 legit merge). 0 blank images. Real photos preserved (facebook 2, og_image 5).",,,
2026-07-27,info,restaurants,STEP4.3,seeds_injected,new venues,"Broders Pasta Bar, Hazels Northeast, Snuffys Malt Shop (Bloomington/Edina/Minnetonka), The Original Malt Shop, The Block Food+Drink, Tamarack Tap Room, Sunshine Factory, Southern Social all present once each with images and deals.",,,
2026-07-28,info,pipeline,STEP8_summary,run_summary,,Counts events=400 parks=289 meal_deals=62 volunteer=52 restaurants=105 total=908. events: sports~53 paid/class/camp~103 community~109. restaurants experience~42. RUN_APIFY=False. window 2026-07-28..2026-08-11. warnings below; 0 errors.,,,
2026-07-28,info,pipeline,STEP4.4_checkpoint,feed_checkpoint,,"Checkpoint feed published to GitHub before enrichment (922123 bytes, verified sha256). Final enriched feed 939615 bytes superseded it.",,,
2026-07-28,warning,pipeline,STEP4.8_image_upgrade,curated_stale,curated_images.csv,"Last GitHub commit 2026-07-25T15:09Z (>20h before run start); build used this copy (122 rows, 15008 bytes). User edits may be uncommitted.",,,
2026-07-28,warning,pipeline,STEP8_summary,play_cafe_low,,"play-cafe tagged count=11 (below ~12 threshold). All must-include play-cafe seeds present (Rebe's, Sovereign Grounds, Ninth Street, Ginkgo, Community Grounds, Ember and Bean, Owl's Nest, Littles and Lattes, Nurture to Play, Peak Cafe, Angel Food); broad play-cafe searches under-landed. Tripwire only, not a data gap.",,,
2026-07-28,info,events,STEP4.6_website_backfill,unresolved_website,RLA Summer Block Party,community event; no official dedicated URL confirmed,2026-07-28,msp-family-guide-error-fixer,website: https://www.riceandlarpenteur.com/ — official Rice & Larpenteur Alliance site names the Summer Block Party
2026-07-28,info,events,STEP4.6_website_backfill,unresolved_website,Duluth County Fair,event confirmed but no official standalone fair website located,2026-07-31,msp-family-guide-error-fixer,website: http://proctorduluthfair.com/ — verified venue name+city match
2026-07-28,info,events,STEP4.6_website_backfill,unresolved_website,International Falls County Fair,dates confirmed but no dedicated official website found,2026-08-07,msp-family-guide-error-fixer,website: https://koochichingcountyfair.org/ — verified official county fair site (International Falls is the Koochiching county seat); name+dates match
2026-07-28,info,pipeline,STEP4_fixer,fixer_summary,error-fixer run,daily error-fixer remediation pass,2026-07-28,msp-family-guide-error-fixer,"open_rows_examined=85; resolved=18 (website=18, image=0 [og_image=0, facebook=0, stock_openverse_specific=0]); left_open=67; diagnostics: log_base_rejected=0, no_run_summary_today=0 (today's run_summary present); image rows unresolved: Openverse returned only wrong-place/generic candidates (no name-verified place-specific match); og:image not extractable via WebFetch (strips head), stored site URLs unavailable for deep-link fetch"
2026-07-29,info,pipeline,STEP8_summary,run_summary,,Counts events=399 parks=289 meal_deals=64 volunteer=53 restaurants=105 total=910. events: sports~44 paid/class/camp~160 community~99. restaurants experience~31 play_cafe=11. image_source: curated=109 curated_category=794 og_image=6 facebook=1; 0 blank images. RUN_APIFY=False. window 2026-07-29..2026-08-12. warnings below; 0 errors.,,,
2026-07-29,info,pipeline,STEP4.4_checkpoint,feed_checkpoint,,"Checkpoint feed published to GitHub before enrichment (879406 bytes, verified). Final enriched feed 881687 bytes superseded it.",,,
2026-07-29,info,pipeline,STEP4.3,count_note,dedup_merge,"STEP4.3 dedup collapsed 16 same-entity rows (events 13, meal_deals 1, volunteer 2). Seeds retained; chains kept separate by address; events keyed by date to preserve recurring series.",,,
2026-07-29,warning,pipeline,STEP4.8_image_upgrade,curated_stale,curated_images.csv,"Last GitHub commit 2026-07-25T15:09Z (>20h before run start); build used this copy (122 rows, 15461 bytes). User edits may be uncommitted.",,,
2026-07-29,warning,pipeline,STEP4.8_image_upgrade,curated_bad_url,curated_images.csv,5 curated rows had non-image/unfetchable URLs and were skipped during overlay: title:Good Times Park; keyword:Wanderlight Trail; keyword:Walker Art Center; tag:indoor-playground; tag:trampoline,,,
2026-07-29,info,events,STEP4.6_website_backfill,unresolved_website,RLA Summer Block Party,no official standalone website located during verification-gated backfill; left blank,2026-07-31,msp-family-guide-error-fixer,website: http://www.ci.roseville.mn.us/Calendar.aspx?EID=5677 — verified venue name+city match
2026-07-29,info,events,STEP4.6_website_backfill,unresolved_website,Eden Prairie Free Outdoor Movie - The Lego Movie,no official standalone website located during verification-gated backfill; left blank,2026-07-31,msp-family-guide-error-fixer,website: https://www.edenprairiemn.gov/city-government/departments/parks-and-recreation — verified venue name+city match
2026-07-29,info,events,STEP4.6_website_backfill,unresolved_website,Maple Grove Outdoor Movies - Back to the Future,no official standalone website located during verification-gated backfill; left blank,2026-07-31,msp-family-guide-error-fixer,website: https://maplegrovemn.gov/Calendar.aspx?EID=1009 — verified venue name+city match
2026-07-29,info,events,STEP4.6_website_backfill,unresolved_website,Groovin' In The Garden - Flamin' Oh's Concert,no official standalone website located during verification-gated backfill; left blank,2026-07-31,msp-family-guide-error-fixer,website: https://comozooconservatory.org/como/groovin-in-the-garden-2026/ — verified venue name+city match
2026-07-29,info,events,STEP4.6_website_backfill,unresolved_website,St. Paul Library Story Theatre with Children's Theatre Company,no official standalone website located during verification-gated backfill; left blank,2026-07-31,msp-family-guide-error-fixer,website: https://sppl.org/storytime/ — verified venue name+city match
2026-07-29,info,events,STEP4.6_website_backfill,unresolved_website,Shoreview Farmers Market,no official standalone website located during verification-gated backfill; left blank,2026-07-31,msp-family-guide-error-fixer,website: https://www.shoreviewmn.gov/Parks-rec/Special-events/Farmers-market — verified venue name+city match
2026-07-29,info,events,STEP4.6_website_backfill,unresolved_website,Centennial Lakes Farmers Market,no official standalone website located during verification-gated backfill; left blank,2026-07-31,msp-family-guide-error-fixer,website: https://www.edinamn.gov/683/Farmers-Market — verified venue name+city match
2026-07-29,info,events,STEP4.6_website_backfill,unresolved_website,Mill City Farmers Market - Power of Produce (POP),no official standalone website located during verification-gated backfill; left blank,2026-07-31,msp-family-guide-error-fixer,website: https://www.millcityfarmersmarket.org/ — verified venue name+city match
2026-07-29,info,events,STEP4.6_website_backfill,unresolved_website,Richfield Farmers Market - Kids Program,no official standalone website located during verification-gated backfill; left blank,2026-07-31,msp-family-guide-error-fixer,website: https://richfieldmn.gov/departments/parks_and_recreation/farmers_market/index.php — verified venue name+city match
2026-07-29,info,events,STEP4.6_website_backfill,unresolved_website,"Lowell Park Summer Series - Farmers Market, Music & Movie",no official standalone website located during verification-gated backfill; left blank,2026-07-31,msp-family-guide-error-fixer,website: https://events.discoverstillwater.com/event/summer-tuesdays/ — verified venue name+city match
2026-07-29,info,events,STEP4.6_website_backfill,unresolved_website,St. Paul Movies in the Parks - Como Park,no official standalone website located during verification-gated backfill; left blank,2026-07-31,msp-family-guide-error-fixer,website: https://www.stpaul.gov/departments/parks-and-recreation/activities-events/summer-activities-events/movies-parks — verified venue name+city match
2026-07-29,info,events,STEP4.6_website_backfill,unresolved_website,Minneapolis Parks Summer Concert Series,no official standalone website located during verification-gated backfill; left blank,2026-07-31,msp-family-guide-error-fixer,website: https://www.minneapolisparks.org/activities-events/music-movies/ — verified venue name+city match
2026-07-29,info,events,STEP4.6_website_backfill,unresolved_website,Rockin' On The Rum - Anoka,no official standalone website located during verification-gated backfill; left blank,2026-07-31,msp-family-guide-error-fixer,website: https://www.anokamn.gov/757/Summer-Concerts---Rockin-on-the-Rum-Sund — verified venue name+city match
2026-07-29,info,events,STEP4.6_website_backfill,unresolved_website,White Bear Lake Summer Festival & Marketfest,no official standalone website located during verification-gated backfill; left blank,2026-07-31,msp-family-guide-error-fixer,website: https://www.marketfestwbl.com/ — verified venue name+city match
2026-07-29,info,events,STEP4.6_website_backfill,unresolved_website,Roseville Puppet Wagon Free Shows,no official standalone website located during verification-gated backfill; left blank,2026-07-31,msp-family-guide-error-fixer,website: https://cityofroseville.com/2478/Puppet-Wagon — verified venue name+city match
2026-07-29,info,events,STEP4.6_website_backfill,unresolved_website,Mounds Park Academy Summer Camps,no official standalone website located during verification-gated backfill; left blank,2026-07-31,msp-family-guide-error-fixer,website: https://www.moundsparkacademy.org/current-families/panther-programs/summer-panther-programs.shtml — verified venue name+city match
2026-07-29,info,meal_deals,STEP4.6_website_backfill,unresolved_website,Ze's Diner Kids Eat Free Wednesdays,no official standalone website located during verification-gated backfill; left blank,2026-07-31,msp-family-guide-error-fixer,website: https://zesdiner.com/ — verified venue name+city match
2026-07-29,info,parks,STEP4.6_website_backfill,count_note,parks_website_coverage,"127/289 parks have websites; remaining 162 are Minneapolis/St. Paul neighborhood parks under MPRB with no standalone page — evergreen, not individually logged.",,,
2026-07-30,error,pipeline,STEP4_apify,tool_failure,,"Apify facebook-events-scraper run SUCCEEDED but all 18 search queries returned error ""no_results"" (No events found). Facebook event-search yielded 0 events this run; 0 merged.",,,
2026-07-30,info,pipeline,STEP4_apify,fb_deal_yield,,"fb_deal_query_raw=0, fb_deal_kept=0, fb_deal_dropped_nondeal=0. Deal-oriented FB queries returned no_results; scraper contributed 0 deals. Pattern continues to suggest FB Events scraper is unproductive for recurring deals.",,,
2026-07-30,info,pipeline,STEP4.4_checkpoint,feed_checkpoint,,"Early safety feed published to GitHub before enrichment (size ~1.27MB, sha changed). Anti-timeout checkpoint fired successfully.",,,
2026-07-30,warning,pipeline,STEP4.8_image_upgrade,curated_stale,curated_images.csv,"Canonical curated_images.csv last committed 2026-07-25T15:09Z (>20h before run), size 15461 bytes, 121 rows. Used as-is; flag in case user edits were not committed.",,,
2026-07-30,warning,pipeline,STEP8_summary,play_cafe_low,,play-cafe-tagged count=11 (just below ~12 threshold). Broader play-cafe OR play-area coverage healthy at 93. All 48 must-include seed venues present; shortfall is tag-routing (several seeds carry play-area/arcade instead of play-cafe).,,,
2026-07-30,info,events,STEP4.6_website_backfill,unresolved_website,Movies in the Park: Back to the Future (Maple Grove),"No confident, specific website confirmed this run; left blank for the error-fixer task to resolve.",2026-08-07,msp-family-guide-error-fixer,website: https://maplegrovemn.gov/Calendar.aspx?EID=1219 — verified official Maple Grove city calendar deep-link; event at Town Green Park
2026-07-30,info,events,STEP4.6_website_backfill,unresolved_website,Plymouth Summerfest,"No confident, specific website confirmed this run; left blank for the error-fixer task to resolve.",2026-08-13,msp-family-guide-error-fixer,website: https://www.plymouthmn.gov/departments/parks-recreation-/events - official City of Plymouth Parks & Rec page hosts Summerfest
2026-07-30,info,events,STEP4.6_website_backfill,unresolved_website,Summer Tuesdays at Lowell Park (Stillwater),"No confident, specific website confirmed this run; left blank for the error-fixer task to resolve.",2026-07-31,msp-family-guide-error-fixer,website: https://www.summertuesdays.com/ — verified venue name+city match
2026-07-30,info,events,STEP4.6_website_backfill,unresolved_website,Camp Carver Day Camp (Woodbury),"No confident, specific website confirmed this run; left blank for the error-fixer task to resolve.",2026-07-31,msp-family-guide-error-fixer,website: https://www.woodburymn.gov/384/Recreation — verified venue name+city match
2026-07-30,info,events,STEP4.6_website_backfill,unresolved_website,Coon Rapids Summer Concert Series,"No confident, specific website confirmed this run; left blank for the error-fixer task to resolve.",2026-07-31,msp-family-guide-error-fixer,website: https://www.coonrapidsmn.gov/1309/Summer-Concert-Series — verified venue name+city match
2026-07-30,info,events,STEP4.6_website_backfill,unresolved_website,Kids Summer Craft Camp (Anoka),"No confident, specific website confirmed this run; left blank for the error-fixer task to resolve.",2026-08-04,msp-family-guide-error-fixer,"website: https://www.appleberrysatticcrafts.com/ — verified venue (Appleberry's Attic, 228 E. Main St, Anoka, MN); exact event name + Aug 3-7 camp match"
2026-07-30,info,events,STEP4.6_website_backfill,unresolved_website,Eagan Food Truck Festival,"No confident, specific website confirmed this run; left blank for the error-fixer task to resolve.",2026-07-31,msp-family-guide-error-fixer,website: https://www.eaganmn.gov/things-to-do/eagan-food-truck-festival-4 — verified venue name+city match
2026-07-30,info,events,STEP4.6_website_backfill,unresolved_website,Sunday Funday: Alma Andina & Ballet Folklorico (Bloomington),"No confident, specific website confirmed this run; left blank for the error-fixer task to resolve.",2026-07-31,msp-family-guide-error-fixer,website: https://www.bloomingtonmn.gov/pr/events/sunday-funday-alma-andina-ballet-folklorico-mexico-azteca-2026-08-02 — verified venue name+city match
2026-07-30,info,events,STEP4.6_website_backfill,unresolved_website,Pond House Family History Activities (Bloomington),"No confident, specific website confirmed this run; left blank for the error-fixer task to resolve.",2026-07-31,msp-family-guide-error-fixer,website: https://www.bloomingtonmn.gov/pr/gideon-and-agnes-pond-house — verified venue name+city match
2026-07-30,info,events,STEP4.6_website_backfill,unresolved_website,Free Kids Entertainment at Valley View Park (Bloomington),"No confident, specific website confirmed this run; left blank for the error-fixer task to resolve.",2026-07-31,msp-family-guide-error-fixer,website: https://www.bloomingtonmn.gov/pr/arts-parks — verified venue name+city match
2026-07-30,info,events,STEP4.6_website_backfill,unresolved_website,Music in Kelley Park at Splash Valley (Apple Valley),"No confident, specific website confirmed this run; left blank for the error-fixer task to resolve.",2026-07-31,msp-family-guide-error-fixer,website: https://applevalleymn.gov/905/Music-in-Kelley-Park — verified venue name+city match
2026-07-30,info,events,STEP4.6_website_backfill,unresolved_website,Lakeville Summer Concert Series,"No confident, specific website confirmed this run; left blank for the error-fixer task to resolve.",2026-07-31,msp-family-guide-error-fixer,website: https://www.lakevilleareaartscenter.com/1239/Live-at-the-Lake — verified venue name+city match
2026-07-30,info,events,STEP4.6_website_backfill,unresolved_website,National Night Out / Night to Unite (Twin Cities Metro),"No confident, specific website confirmed this run; left blank for the error-fixer task to resolve.",2026-08-02,msp-family-guide-error-fixer,"website: https://www.mncrimeprevention.com/night-to-unite — MN Crime Prevention Assoc. official Night to Unite page, exact event name match, statewide/Twin Cities metro"
2026-07-30,info,events,STEP4.6_website_backfill,unresolved_website,Eden Prairie Free Outdoor Movie at Staring Lake,"No confident, specific website confirmed this run; left blank for the error-fixer task to resolve.",2026-08-04,msp-family-guide-error-fixer,website: https://www.edenprairiemn.gov/Home/Components/Calendar/Event/20008/ — verified official City of Eden Prairie event at Staring Lake Amphitheater; location + event type match
2026-07-30,info,pipeline,STEP8_summary,run_summary,,"Run 2026-07-30 (Thu, RUN_APIFY=True, window 2026-07-30..2026-08-13). Counts: events=392, parks=799, meal_deals=56, volunteer=53, restaurants=106. New log rows: 20 (1 error, 2 warning, 17 info). Feed+5 CSVs published to GitHub; all blob SHAs verified.",,,
2026-07-31,info,events,STEP4.9_geocode,unresolved_geocode,Spirit Valley Days,"Address present but Nominatim returned no MN-bbox match this run; left blank for error-fixer to resolve. Address: Grand Ave between 59th Ave W and Central Ave, Duluth, MN 55807",,,
2026-07-31,info,events,STEP4.9_geocode,unresolved_geocode,Rochester Thursdays Downtown Street Festival - August 6,"Address present but Nominatim returned no MN-bbox match this run; left blank for error-fixer to resolve. Address: 1st Ave SW (W Center St to Historic 3rd St SW) & Peace Plaza, Rochester, MN",,,
2026-07-31,info,events,STEP4.9_geocode,unresolved_geocode,Moorhead RiverArts Music in the Park,"Address present but Nominatim returned no MN-bbox match this run; left blank for error-fixer to resolve. Address: Northeast Park, Moorhead, MN",,,
2026-07-31,info,events,STEP4.9_geocode,unresolved_geocode,Winona Municipal Band Concert Series,"Address present but Nominatim returned no MN-bbox match this run; left blank for error-fixer to resolve. Address: Winona Lake Park Bandshell, Winona, MN",,,
2026-07-31,info,events,STEP4.9_geocode,unresolved_geocode,Alexandria RiverArts Street Festival,"Address present but Nominatim returned no MN-bbox match this run; left blank for error-fixer to resolve. Address: Alexandria City Park, Alexandria, MN",,,
2026-07-31,info,events,STEP4.9_geocode,unresolved_geocode,Duluth Concerts on the Pier - Lazerbeak,"Address present but Nominatim returned no MN-bbox match this run; left blank for error-fixer to resolve. Address: Canal Park Pier, Duluth, MN",,,
2026-07-31,info,events,STEP4.9_geocode,unresolved_geocode,MK5K Run & Family Fun Walk,"Address present but Nominatim returned no MN-bbox match this run; left blank for error-fixer to resolve. Address: Nobles County Fairgrounds, 1600 Stower Drive, Worthington, MN",,,
2026-07-31,info,events,STEP4.9_geocode,unresolved_geocode,Minnesota United FC vs. San Diego FC,"Address present but Nominatim returned no MN-bbox match this run; left blank for error-fixer to resolve. Address: Allianz Field, 400 Washington Street, Saint Paul, MN",,,
2026-07-31,info,events,STEP4.9_geocode,unresolved_geocode,Minnesota United FC vs. FC Juarez,"Address present but Nominatim returned no MN-bbox match this run; left blank for error-fixer to resolve. Address: Allianz Field, 400 Washington Street, Saint Paul, MN",,,
2026-07-31,info,events,STEP4.9_geocode,unresolved_geocode,Mankato MoonDogs vs. Rochester Honkers (25th Anniversary),"Address present but Nominatim returned no MN-bbox match this run; left blank for error-fixer to resolve. Address: Mankato MoonDogs Stadium, Mankato, MN",,,
2026-07-31,info,events,STEP4.9_geocode,unresolved_geocode,Minnesota Twins Youth Baseball Clinics,Address present but Nominatim returned no MN-bbox match this run; left blank for error-fixer to resolve. Address: Multiple locations across Minnesota,,,
2026-07-31,info,events,STEP4.9_geocode,unresolved_geocode,Washington County Library Storytime,Address present but Nominatim returned no MN-bbox match this run; left blank for error-fixer to resolve. Address: Various Washington County Library locations,,,
2026-07-31,info,events,STEP4.9_geocode,unresolved_geocode,Northland Public Library - Mother Goose Tummy Time,"Address present but Nominatim returned no MN-bbox match this run; left blank for error-fixer to resolve. Address: Northland Public Library, Minnesota",,,
2026-07-31,info,events,STEP4.9_geocode,unresolved_geocode,Kindermusik - Twin Cities,Address present but Nominatim returned no MN-bbox match this run; left blank for error-fixer to resolve. Address: Multiple Twin Cities locations,,,
2026-07-31,info,events,STEP4.9_geocode,unresolved_geocode,Music Together - Twin Cities,Address present but Nominatim returned no MN-bbox match this run; left blank for error-fixer to resolve. Address: Multiple Twin Cities locations,,,
2026-07-31,info,events,STEP4.9_geocode,unresolved_geocode,Ladybug Music Classes,Address present but Nominatim returned no MN-bbox match this run; left blank for error-fixer to resolve. Address: Minnesota locations,,,
2026-07-31,info,events,STEP4.9_geocode,unresolved_geocode,Teen Programs - Minneapolis Parks & Recreation,Address present but Nominatim returned no MN-bbox match this run; left blank for error-fixer to resolve. Address: Multiple Minneapolis locations,,,
2026-07-31,info,events,STEP4.9_geocode,unresolved_geocode,Blooma - New Mama Group,Address present but Nominatim returned no MN-bbox match this run; left blank for error-fixer to resolve. Address: Minnesota location,,,
2026-07-31,info,events,STEP4.9_geocode,unresolved_geocode,Dakota County Fair,"Address present but Nominatim returned no MN-bbox match this run; left blank for error-fixer to resolve. Address: Dakota County Fairgrounds, Farmington, MN",,,
2026-07-31,info,events,STEP4.9_geocode,unresolved_geocode,Saint Paul Movie in the Park - Wicked,"Address present but Nominatim returned no MN-bbox match this run; left blank for error-fixer to resolve. Address: Phalen Beach House, St Paul, MN",,,
2026-07-31,info,events,STEP4.9_geocode,unresolved_geocode,Safe Summer Nights - Northwest Como Rec Center,"Address present but Nominatim returned no MN-bbox match this run; left blank for error-fixer to resolve. Address: Northwest Como Rec Center, 1550 Hamline Ave N, St Paul, MN",,,
2026-07-31,info,events,STEP4.9_geocode,unresolved_geocode,Safe Summer Nights - Dayton's Bluff Rec Center,"Address present but Nominatim returned no MN-bbox match this run; left blank for error-fixer to resolve. Address: Dayton's Bluff Rec Center, 800 Conway St, St Paul, MN",,,
2026-07-31,info,events,STEP4.9_geocode,unresolved_geocode,Teen Book Club at Ramsey County Library,Address present but Nominatim returned no MN-bbox match this run; left blank for error-fixer to resolve. Address: Ramsey County Library locations,,,
2026-07-31,info,events,STEP4.9_geocode,unresolved_geocode,Gaming Wednesdays for Teens at Ramsey County Library,"Address present but Nominatim returned no MN-bbox match this run; left blank for error-fixer to resolve. Address: Online via Zoom, Ramsey County Library",,,
2026-07-31,info,events,STEP4.9_geocode,unresolved_geocode,Eden Prairie Movie - The Lego Movie,"Address present but Nominatim returned no MN-bbox match this run; left blank for error-fixer to resolve. Address: Staring Lake Amphitheater, Eden Prairie, MN",,,
2026-07-31,info,events,STEP4.9_geocode,unresolved_geocode,Minnesota Lynx vs Las Vegas Aces,"Address present but Nominatim returned no MN-bbox match this run; left blank for error-fixer to resolve. Address: 600 First Avenue North, Minneapolis, MN",,,
2026-07-31,info,events,STEP4.9_geocode,unresolved_geocode,Minnesota Lynx vs Portland Fire,"Address present but Nominatim returned no MN-bbox match this run; left blank for error-fixer to resolve. Address: 600 First Avenue North, Minneapolis, MN",,,
2026-07-31,info,events,STEP4.9_geocode,unresolved_geocode,Spirit Valley Days - Parade & Car Show,"Address present but Nominatim returned no MN-bbox match this run; left blank for error-fixer to resolve. Address: Grand Ave between 59th Ave W and Central Ave, Duluth, MN",,,
2026-07-31,info,events,STEP4.9_geocode,unresolved_geocode,Moorhead Cruise Night,"Address present but Nominatim returned no MN-bbox match this run; left blank for error-fixer to resolve. Address: Minnesota State Community and Technical College Moorhead campus, 1900 28th Ave S, Moorhead, MN",,,
2026-07-31,info,events,STEP4.9_geocode,unresolved_geocode,Moorhead RiverArts,"Address present but Nominatim returned no MN-bbox match this run; left blank for error-fixer to resolve. Address: Viking Ship Park (Red River), Moorhead, MN",,,
2026-07-31,info,events,STEP4.9_geocode,unresolved_geocode,Touch-A-Truck Oakdale,"Address present but Nominatim returned no MN-bbox match this run; left blank for error-fixer to resolve. Address: Walton Park west parking lot off 15th Street, Oakdale, MN 55128",,,
2026-07-31,info,events,STEP4.9_geocode,unresolved_geocode,Inver Grove Heights Food Truck Festival,"Address present but Nominatim returned no MN-bbox match this run; left blank for error-fixer to resolve. Address: Rich Valley Athletic Complex, 1841 105th St E, Inver Grove Heights, MN 55077",,,
2026-07-31,info,events,STEP4.9_geocode,unresolved_geocode,Cars and Caves - British Vehicles,"Address present but Nominatim returned no MN-bbox match this run; left blank for error-fixer to resolve. Address: Chanhassen AutoPlex, 8150 Audubon Rd, Chanhassen, MN",,,
2026-07-31,info,events,STEP4.9_geocode,unresolved_geocode,Hennepin County Library - Baby Storytime,Address present but Nominatim returned no MN-bbox match this run; left blank for error-fixer to resolve. Address: Multiple Hennepin County Library locations,,,
2026-07-31,info,events,STEP4.9_geocode,unresolved_geocode,Hennepin County Library - Craft and Create,Address present but Nominatim returned no MN-bbox match this run; left blank for error-fixer to resolve. Address: Multiple Hennepool County Library locations,,,
2026-07-31,info,events,STEP4.9_geocode,unresolved_geocode,Minneapolis Movies in the Parks,Address present but Nominatim returned no MN-bbox match this run; left blank for error-fixer to resolve. Address: Multiple Minneapolis Parks,,,
2026-07-31,info,events,STEP4.9_geocode,unresolved_geocode,Uptown Art Fair (Art on the Isles),"Address present but Nominatim returned no MN-bbox match this run; left blank for error-fixer to resolve. Address: Lake of the Isles & The Mall, Minneapolis, MN",,,
2026-07-31,info,events,STEP4.9_geocode,unresolved_geocode,Cars & Coffee - AutoMotorPlex (Medina),"Address present but Nominatim returned no MN-bbox match this run; left blank for error-fixer to resolve. Address: AutoMotorPlex, Medina, MN",,,
2026-07-31,info,events,STEP4.9_geocode,unresolved_geocode,Chanhassen Community Day,"Address present but Nominatim returned no MN-bbox match this run; left blank for error-fixer to resolve. Address: Chanhassen Recreation Center, 2310 Coulter Boulevard, Chanhassen, MN 55317",,,
2026-07-31,info,events,STEP4.9_geocode,unresolved_geocode,"Deer Lake Orchard Apple Picking - August 22, 2026","Address present but Nominatim returned no MN-bbox match this run; left blank for error-fixer to resolve. Address: Deer Lake Orchard, Minnesota",,,
2026-07-31,info,events,STEP4.9_geocode,unresolved_geocode,Movies in the Park: Back to the Future (Maple Grove),"Address present but Nominatim returned no MN-bbox match this run; left blank for error-fixer to resolve. Address: Maple Grove Town Green, Main St, Maple Grove, MN 55369",,,
2026-07-31,info,events,STEP4.9_geocode,unresolved_geocode,Plymouth Summerfest,"Address present but Nominatim returned no MN-bbox match this run; left blank for error-fixer to resolve. Address: Parkers Lake Park, 15205 County Rd 6, Plymouth, MN 55447",,,
2026-07-31,info,events,STEP4.9_geocode,unresolved_geocode,Summer Tuesdays at Lowell Park (Stillwater),"Address present but Nominatim returned no MN-bbox match this run; left blank for error-fixer to resolve. Address: Lowell Park, Water St N, Stillwater, MN 55082",,,
2026-07-31,info,events,STEP4.9_geocode,unresolved_geocode,Coon Rapids Summer Concert Series,"Address present but Nominatim returned no MN-bbox match this run; left blank for error-fixer to resolve. Address: Performance Pavilion, Coon Rapids Dam Regional Park, 10360 Egret Blvd NW, Coon Rapids, MN 55433",,,
2026-07-31,info,events,STEP4.9_geocode,unresolved_geocode,Kids Summer Craft Camp (Anoka),"Address present but Nominatim returned no MN-bbox match this run; left blank for error-fixer to resolve. Address: Appleberry's Attic, Anoka, MN 55303",,,
2026-07-31,info,events,STEP4.9_geocode,unresolved_geocode,Eagan Food Truck Festival,"Address present but Nominatim returned no MN-bbox match this run; left blank for error-fixer to resolve. Address: Eagan Festival Grounds, 1501 Central Parkway, Eagan, MN 55121",,,
2026-07-31,info,events,STEP4.9_geocode,unresolved_geocode,Sunday Funday: Alma Andina & Ballet Folklorico (Bloomington),"Address present but Nominatim returned no MN-bbox match this run; left blank for error-fixer to resolve. Address: Normandale Lake Bandshell, Bloomington, MN 55437",,,
2026-07-31,info,events,STEP4.9_geocode,unresolved_geocode,Pond House Family History Activities (Bloomington),"Address present but Nominatim returned no MN-bbox match this run; left blank for error-fixer to resolve. Address: Pond-Dakota Mission Park, 401 E 104th St, Bloomington, MN 55420",,,
2026-07-31,info,events,STEP4.9_geocode,unresolved_geocode,Free Kids Entertainment at Valley View Park (Bloomington),"Address present but Nominatim returned no MN-bbox match this run; left blank for error-fixer to resolve. Address: Valley View Park, Bloomington, MN 55420",,,
2026-07-31,info,events,STEP4.9_geocode,unresolved_geocode,Music in Kelley Park at Splash Valley (Apple Valley),"Address present but Nominatim returned no MN-bbox match this run; left blank for error-fixer to resolve. Address: Kelley Park, Apple Valley, MN 55124",,,
2026-07-31,info,events,STEP4.9_geocode,unresolved_geocode,National Night Out / Night to Unite (Twin Cities Metro),"Address present but Nominatim returned no MN-bbox match this run; left blank for error-fixer to resolve. Address: Neighborhoods across the Twin Cities metro, MN",,,
2026-07-31,info,events,STEP4.9_geocode,unresolved_geocode,Eden Prairie Free Outdoor Movie at Staring Lake,"Address present but Nominatim returned no MN-bbox match this run; left blank for error-fixer to resolve. Address: Staring Lake Amphitheater, Eden Prairie, MN",,,
2026-07-31,info,events,STEP4.9_geocode,unresolved_geocode,St. Paul Lunchtime Concerts at Mears Park,"Address present but Nominatim returned no MN-bbox match this run; left blank for error-fixer to resolve. Address: Mears Park, 221 5th St E, St Paul, MN 55101",,,
2026-07-31,info,events,STEP4.9_geocode,unresolved_geocode,IndiaFest 2026,"Address present but Nominatim returned no MN-bbox match this run; left blank for error-fixer to resolve. Address: Minnesota State Capitol Grounds, St. Paul",,,
2026-07-31,info,events,STEP4.9_geocode,unresolved_geocode,Eagan Market Fest,"Address present but Nominatim returned no MN-bbox match this run; left blank for error-fixer to resolve. Address: Eagan Central Park Festival Grounds, Eagan",,,
2026-07-31,info,events,STEP4.9_geocode,unresolved_geocode,Woodbury Days,"Address present but Nominatim returned no MN-bbox match this run; left blank for error-fixer to resolve. Address: Ojibway Park, 2695 Ojibway Dr, Woodbury",,,
2026-07-31,info,events,STEP4.9_geocode,unresolved_geocode,Eagan Lakefest,Address present but Nominatim returned no MN-bbox match this run; left blank for error-fixer to resolve. Address: Eagan,,,
2026-07-31,info,events,STEP4.9_geocode,unresolved_geocode,Touch-A-Truck - Fridley,"Address present but Nominatim returned no MN-bbox match this run; left blank for error-fixer to resolve. Address: Fridley Civic Campus, Fridley",,,
2026-07-31,info,events,STEP4.9_geocode,unresolved_geocode,Touch-A-Truck - Shakopee,"Address present but Nominatim returned no MN-bbox match this run; left blank for error-fixer to resolve. Address: Shakopee High School, 100 17th Ave W, Shakopee",,,
2026-07-31,info,events,STEP4.9_geocode,unresolved_geocode,Carnival In the Commons,"Address present but Nominatim returned no MN-bbox match this run; left blank for error-fixer to resolve. Address: Ridgedale Commons, 12590 Ridgedale Dr, Minnetonka",,,
2026-07-31,info,events,STEP4.6_website_backfill,unresolved_website,Summer Outdoor Festival - Brainerd,No confident website for this item this run; left blank for error-fixer.,,,
2026-07-31,info,events,STEP4.6_website_backfill,unresolved_website,RLA Summer Block Party,No confident website for this item this run; left blank for error-fixer.,2026-07-31,msp-family-guide-error-fixer,website: http://www.ci.roseville.mn.us/Calendar.aspx?EID=5677 — verified venue name+city match
2026-07-31,info,events,STEP4.6_website_backfill,unresolved_website,International Falls County Fair,No confident website for this item this run; left blank for error-fixer.,2026-08-07,msp-family-guide-error-fixer,website: https://koochichingcountyfair.org/ — verified official county fair site (International Falls is the Koochiching county seat); name+dates match
2026-07-31,info,events,STEP4.6_website_backfill,unresolved_website,Eden Prairie Free Outdoor Movie - The Lego Movie,No confident website for this item this run; left blank for error-fixer.,2026-07-31,msp-family-guide-error-fixer,website: https://www.edenprairiemn.gov/city-government/departments/parks-and-recreation — verified venue name+city match
2026-07-31,info,events,STEP4.6_website_backfill,unresolved_website,Maple Grove Outdoor Movies - Back to the Future,No confident website for this item this run; left blank for error-fixer.,2026-07-31,msp-family-guide-error-fixer,website: https://maplegrovemn.gov/Calendar.aspx?EID=1009 — verified venue name+city match
2026-07-31,info,events,STEP4.6_website_backfill,unresolved_website,Groovin' In The Garden - Flamin' Oh's Concert,No confident website for this item this run; left blank for error-fixer.,2026-07-31,msp-family-guide-error-fixer,website: https://comozooconservatory.org/como/groovin-in-the-garden-2026/ — verified venue name+city match
2026-07-31,info,events,STEP4.6_website_backfill,unresolved_website,St. Paul Library Story Theatre with Children's Theatre Company,No confident website for this item this run; left blank for error-fixer.,2026-07-31,msp-family-guide-error-fixer,website: https://sppl.org/storytime/ — verified venue name+city match
2026-07-31,info,events,STEP4.6_website_backfill,unresolved_website,Shoreview Farmers Market,No confident website for this item this run; left blank for error-fixer.,2026-07-31,msp-family-guide-error-fixer,website: https://www.shoreviewmn.gov/Parks-rec/Special-events/Farmers-market — verified venue name+city match
2026-07-31,info,events,STEP4.6_website_backfill,unresolved_website,Mill City Farmers Market - Power of Produce (POP),No confident website for this item this run; left blank for error-fixer.,2026-07-31,msp-family-guide-error-fixer,website: https://www.millcityfarmersmarket.org/ — verified venue name+city match
2026-07-31,info,events,STEP4.6_website_backfill,unresolved_website,Richfield Farmers Market - Kids Program,No confident website for this item this run; left blank for error-fixer.,2026-07-31,msp-family-guide-error-fixer,website: https://richfieldmn.gov/departments/parks_and_recreation/farmers_market/index.php — verified venue name+city match
2026-07-31,info,events,STEP4.6_website_backfill,unresolved_website,"Lowell Park Summer Series - Farmers Market, Music & Movie",No confident website for this item this run; left blank for error-fixer.,2026-07-31,msp-family-guide-error-fixer,website: https://events.discoverstillwater.com/event/summer-tuesdays/ — verified venue name+city match
2026-07-31,info,events,STEP4.6_website_backfill,unresolved_website,St. Paul Movies in the Parks - Como Park,No confident website for this item this run; left blank for error-fixer.,2026-07-31,msp-family-guide-error-fixer,website: https://www.stpaul.gov/departments/parks-and-recreation/activities-events/summer-activities-events/movies-parks — verified venue name+city match
2026-07-31,info,events,STEP4.6_website_backfill,unresolved_website,Minneapolis Parks Summer Concert Series,No confident website for this item this run; left blank for error-fixer.,2026-07-31,msp-family-guide-error-fixer,website: https://www.minneapolisparks.org/activities-events/music-movies/ — verified venue name+city match
2026-07-31,info,events,STEP4.6_website_backfill,unresolved_website,Rockin' On The Rum - Anoka,No confident website for this item this run; left blank for error-fixer.,2026-07-31,msp-family-guide-error-fixer,website: https://www.anokamn.gov/757/Summer-Concerts---Rockin-on-the-Rum-Sund — verified venue name+city match
2026-07-31,info,events,STEP4.6_website_backfill,unresolved_website,Roseville Puppet Wagon Free Shows,No confident website for this item this run; left blank for error-fixer.,2026-07-31,msp-family-guide-error-fixer,website: https://cityofroseville.com/2478/Puppet-Wagon — verified venue name+city match
2026-07-31,info,events,STEP4.6_website_backfill,unresolved_website,Mounds Park Academy Summer Camps,No confident website for this item this run; left blank for error-fixer.,2026-07-31,msp-family-guide-error-fixer,website: https://www.moundsparkacademy.org/current-families/panther-programs/summer-panther-programs.shtml — verified venue name+city match
2026-07-31,info,events,STEP4.6_website_backfill,unresolved_website,Movies in the Park: Back to the Future (Maple Grove),No confident website for this item this run; left blank for error-fixer.,2026-08-07,msp-family-guide-error-fixer,website: https://maplegrovemn.gov/Calendar.aspx?EID=1219 — verified official Maple Grove city calendar deep-link; event at Town Green Park
2026-07-31,info,events,STEP4.6_website_backfill,unresolved_website,Plymouth Summerfest,No confident website for this item this run; left blank for error-fixer.,2026-08-13,msp-family-guide-error-fixer,website: https://www.plymouthmn.gov/departments/parks-recreation-/events - official City of Plymouth Parks & Rec page hosts Summerfest
2026-07-31,info,events,STEP4.6_website_backfill,unresolved_website,Summer Tuesdays at Lowell Park (Stillwater),No confident website for this item this run; left blank for error-fixer.,2026-07-31,msp-family-guide-error-fixer,website: https://www.summertuesdays.com/ — verified venue name+city match
2026-07-31,info,events,STEP4.6_website_backfill,unresolved_website,Camp Carver Day Camp (Woodbury),No confident website for this item this run; left blank for error-fixer.,2026-07-31,msp-family-guide-error-fixer,website: https://www.woodburymn.gov/384/Recreation — verified venue name+city match
2026-07-31,info,events,STEP4.6_website_backfill,unresolved_website,Coon Rapids Summer Concert Series,No confident website for this item this run; left blank for error-fixer.,2026-07-31,msp-family-guide-error-fixer,website: https://www.coonrapidsmn.gov/1309/Summer-Concert-Series — verified venue name+city match
2026-07-31,info,events,STEP4.6_website_backfill,unresolved_website,Kids Summer Craft Camp (Anoka),No confident website for this item this run; left blank for error-fixer.,2026-08-04,msp-family-guide-error-fixer,"website: https://www.appleberrysatticcrafts.com/ — verified venue (Appleberry's Attic, 228 E. Main St, Anoka, MN); exact event name + Aug 3-7 camp match"
2026-07-31,info,events,STEP4.6_website_backfill,unresolved_website,Eagan Food Truck Festival,No confident website for this item this run; left blank for error-fixer.,2026-07-31,msp-family-guide-error-fixer,website: https://www.eaganmn.gov/things-to-do/eagan-food-truck-festival-4 — verified venue name+city match
2026-07-31,info,events,STEP4.6_website_backfill,unresolved_website,Sunday Funday: Alma Andina & Ballet Folklorico (Bloomington),No confident website for this item this run; left blank for error-fixer.,2026-07-31,msp-family-guide-error-fixer,website: https://www.bloomingtonmn.gov/pr/events/sunday-funday-alma-andina-ballet-folklorico-mexico-azteca-2026-08-02 — verified venue name+city match
2026-07-31,info,events,STEP4.6_website_backfill,unresolved_website,Pond House Family History Activities (Bloomington),No confident website for this item this run; left blank for error-fixer.,2026-07-31,msp-family-guide-error-fixer,website: https://www.bloomingtonmn.gov/pr/gideon-and-agnes-pond-house — verified venue name+city match
2026-07-31,info,events,STEP4.6_website_backfill,unresolved_website,Free Kids Entertainment at Valley View Park (Bloomington),No confident website for this item this run; left blank for error-fixer.,2026-07-31,msp-family-guide-error-fixer,website: https://www.bloomingtonmn.gov/pr/arts-parks — verified venue name+city match
2026-07-31,info,events,STEP4.6_website_backfill,unresolved_website,Music in Kelley Park at Splash Valley (Apple Valley),No confident website for this item this run; left blank for error-fixer.,2026-07-31,msp-family-guide-error-fixer,website: https://applevalleymn.gov/905/Music-in-Kelley-Park — verified venue name+city match
2026-07-31,info,events,STEP4.6_website_backfill,unresolved_website,Lakeville Summer Concert Series,No confident website for this item this run; left blank for error-fixer.,2026-07-31,msp-family-guide-error-fixer,website: https://www.lakevilleareaartscenter.com/1239/Live-at-the-Lake — verified venue name+city match
2026-07-31,info,events,STEP4.6_website_backfill,unresolved_website,National Night Out / Night to Unite (Twin Cities Metro),No confident website for this item this run; left blank for error-fixer.,2026-08-02,msp-family-guide-error-fixer,"website: https://www.mncrimeprevention.com/night-to-unite — MN Crime Prevention Assoc. official Night to Unite page, exact event name match, statewide/Twin Cities metro"
2026-07-31,info,events,STEP4.6_website_backfill,unresolved_website,Eden Prairie Free Outdoor Movie at Staring Lake,No confident website for this item this run; left blank for error-fixer.,2026-08-04,msp-family-guide-error-fixer,website: https://www.edenprairiemn.gov/Home/Components/Calendar/Event/20008/ — verified official City of Eden Prairie event at Staring Lake Amphitheater; location + event type match
2026-07-31,info,pipeline,STEP8_summary,run_summary,,"Run 2026-07-31 (Fri, RUN_APIFY=False, window 2026-07-31..2026-08-31). Counts: events=428, parks=799, meal_deals=56, volunteer=53, restaurants=106. Refreshed events: +56 new (dedup applied), dropped 19 past/out-of-window. Enrichment: geocoded ~150 items, images 0 blank (56 curated_category, 4 openverse_named, 100 curated overrides). New log rows: 90. Feed+5 CSVs published to GitHub; verified on size.",,,
2026-07-31,info,pipeline,STEP4_fixer,fixer_summary,fixer_summary,"Fixer run 2026-07-31: examined 128 open rows; resolved 63 (website 55, image 8 [og_image 8, facebook 0, stock_openverse_specific 0]); left open 65. No log_base_rejected; run_summary present (freshness OK).",2026-07-31,msp-family-guide-error-fixer,fixer run complete
2026-07-31,info,pipeline,STEP8_summary,run_summary,,"Supplemental refresh 2026-07-31: targeted suburb coverage boost for Edina, Eden Prairie, Wayzata, Minnetonka, Eagan, Apple Valley, Mendota Heights. Added 40 items (events +11, parks +14, meal_deals +7, restaurants +8). New counts: events=439, parks=813, meal_deals=63, volunteer=53, restaurants=114. Geocoded new items; images 0 blank. Feed+5 CSVs republished to GitHub; verified on size.",,,
2026-08-01,info,all,STEP8_summary,run_summary,daily-refresh-2026-08-01,"Feed rebuilt & published. Window 2026-08-01..2026-09-30. Counts events=440 parks=813 meal_deals=63 volunteer=53 restaurants=114. RUN_APIFY=False. Added 13 fresh Sep/current events; light curated-category images applied; 62 events geocoded via city-centroid, 13 unresolved.",,,
2026-08-01,info,events,STEP4.3_dedup,duplicate_flagged,Minnesota State Fair 2026,"Merged as duplicate of ""Minnesota State Fair"" (rule: title containment + same date); seed kept.",,,
2026-08-01,info,events,STEP4.3_dedup,duplicate_flagged,Minnesota Renaissance Festival 2026,"Merged as duplicate of ""Renaissance Festival Minnesota - August 22-October 4, 2026"" (rule: title token match + overlapping dates); seed kept.",,,
2026-08-01,info,events,STEP4.9_geocode,geocode_approximate,62 events,Resolved to city-centroid coordinates (street/name geocode unavailable within budget). Approximate lat/lon; acceptable for map clustering.,,,
2026-08-01,warning,events,STEP4.9_geocode,geocode_unresolved,Minnesota Twins Youth Baseball Clinics,No coordinates resolved (recurring/multi-venue or missing address). lat/lon left 0; carry forward.,,,
2026-08-01,warning,events,STEP4.9_geocode,geocode_unresolved,Washington County Library Storytime,No coordinates resolved (recurring/multi-venue or missing address). lat/lon left 0; carry forward.,,,
2026-08-01,warning,events,STEP4.9_geocode,geocode_unresolved,Kindermusik - Twin Cities,No coordinates resolved (recurring/multi-venue or missing address). lat/lon left 0; carry forward.,,,
2026-08-01,warning,events,STEP4.9_geocode,geocode_unresolved,Music Together - Twin Cities,No coordinates resolved (recurring/multi-venue or missing address). lat/lon left 0; carry forward.,,,
2026-08-01,warning,events,STEP4.9_geocode,geocode_unresolved,Ladybug Music Classes,No coordinates resolved (recurring/multi-venue or missing address). lat/lon left 0; carry forward.,,,
2026-08-01,warning,events,STEP4.9_geocode,geocode_unresolved,Teen Programs - Minneapolis Parks & Recreation,No coordinates resolved (recurring/multi-venue or missing address). lat/lon left 0; carry forward.,,,
2026-08-01,warning,events,STEP4.9_geocode,geocode_unresolved,Teen Book Club at Ramsey County Library,No coordinates resolved (recurring/multi-venue or missing address). lat/lon left 0; carry forward.,,,
2026-08-01,warning,events,STEP4.9_geocode,geocode_unresolved,Hennepin County Library - Baby Storytime,No coordinates resolved (recurring/multi-venue or missing address). lat/lon left 0; carry forward.,,,
2026-08-01,warning,events,STEP4.9_geocode,geocode_unresolved,Hennepin County Library - Craft and Create,No coordinates resolved (recurring/multi-venue or missing address). lat/lon left 0; carry forward.,,,
2026-08-01,warning,events,STEP4.9_geocode,geocode_unresolved,Minneapolis Movies in the Parks,No coordinates resolved (recurring/multi-venue or missing address). lat/lon left 0; carry forward.,,,
2026-08-01,warning,events,STEP4.9_geocode,geocode_unresolved,American Pottery Festival,No coordinates resolved (recurring/multi-venue or missing address). lat/lon left 0; carry forward.,,,
2026-08-01,warning,events,STEP4.9_geocode,geocode_unresolved,National Night Out / Night to Unite (Twin Cities Metro),No coordinates resolved (recurring/multi-venue or missing address). lat/lon left 0; carry forward.,,,
2026-08-01,warning,events,STEP4.9_geocode,geocode_unresolved,Common Roots Festival,No coordinates resolved (recurring/multi-venue or missing address). lat/lon left 0; carry forward.,,,
2026-08-01,info,events,STEP4.4_checkpoint,feed_checkpoint,msp_family_guide.json,Anti-stale checkpoint feed published mid-run before enrichment; final feed republished at STEP6.,,,
2026-08-01,warning,events,STEP6_seed_check,seed_venue_missing,American Girl - Mall of America,Must-include seed venue was absent from the published daily feed; added as is_seed row and republished in supplemental STEP6 patch.,2026-08-01,msp-family-guide-daily,Added with baked coordinates + curated image; deduped against existing feed.
2026-08-01,warning,events,STEP6_seed_check,seed_venue_missing,The LEGO Store - Mall of America,Must-include seed venue was absent from the published daily feed; added as is_seed row and republished in supplemental STEP6 patch.,2026-08-01,msp-family-guide-daily,Added with baked coordinates + curated image; deduped against existing feed.
2026-08-01,warning,events,STEP6_seed_check,seed_venue_missing,Wonderment,Must-include seed venue was absent from the published daily feed; added as is_seed row and republished in supplemental STEP6 patch.,2026-08-01,msp-family-guide-daily,Added with baked coordinates + curated image; deduped against existing feed.
2026-08-01,warning,events,STEP6_seed_check,seed_venue_missing,CAMP Minneapolis,Must-include seed venue was absent from the published daily feed; added as is_seed row and republished in supplemental STEP6 patch.,2026-08-01,msp-family-guide-daily,Added with baked coordinates + curated image; deduped against existing feed.
2026-08-01,warning,events,STEP6_seed_check,seed_venue_missing,The Works Museum,Must-include seed venue was absent from the published daily feed; added as is_seed row and republished in supplemental STEP6 patch.,2026-08-01,msp-family-guide-daily,Added with baked coordinates + curated image; deduped against existing feed.
2026-08-01,warning,events,STEP6_seed_check,seed_venue_missing,Nickelodeon Universe,Must-include seed venue was absent from the published daily feed; added as is_seed row and republished in supplemental STEP6 patch.,2026-08-01,msp-family-guide-daily,Added with baked coordinates + curated image; deduped against existing feed.
2026-08-01,warning,events,STEP6_seed_check,seed_venue_missing,Stages Theatre Company,Must-include seed venue was absent from the published daily feed; added as is_seed row and republished in supplemental STEP6 patch.,2026-08-01,msp-family-guide-daily,Added with baked coordinates + curated image; deduped against existing feed.
2026-08-01,warning,events,STEP6_seed_check,seed_venue_missing,Sever's Fall Festival & Corn Maze,Must-include seed venue was absent from the published daily feed; added as is_seed row and republished in supplemental STEP6 patch.,2026-08-01,msp-family-guide-daily,Added with baked coordinates + curated image; deduped against existing feed.
2026-08-01,warning,events,STEP6_seed_check,seed_venue_missing,Emma Krumbee's,Must-include seed venue was absent from the published daily feed; added as is_seed row and republished in supplemental STEP6 patch.,2026-08-01,msp-family-guide-daily,Added with baked coordinates + curated image; deduped against existing feed.
2026-08-01,warning,events,STEP6_seed_check,seed_venue_missing,Aamodt's Apple Farm,Must-include seed venue was absent from the published daily feed; added as is_seed row and republished in supplemental STEP6 patch.,2026-08-01,msp-family-guide-daily,Added with baked coordinates + curated image; deduped against existing feed.
2026-08-01,warning,events,STEP6_seed_check,seed_venue_missing,Sky Zone - Oakdale,Must-include seed venue was absent from the published daily feed; added as is_seed row and republished in supplemental STEP6 patch.,2026-08-01,msp-family-guide-daily,Added with baked coordinates + curated image; deduped against existing feed.
2026-08-01,warning,events,STEP6_seed_check,seed_venue_missing,Shoreview Community Center - Tropics Waterpark,Must-include seed venue was absent from the published daily feed; added as is_seed row and republished in supplemental STEP6 patch.,2026-08-01,msp-family-guide-daily,Added with baked coordinates + curated image; deduped against existing feed.
2026-08-01,warning,events,STEP6_seed_check,seed_venue_missing,Great River Water Park,Must-include seed venue was absent from the published daily feed; added as is_seed row and republished in supplemental STEP6 patch.,2026-08-01,msp-family-guide-daily,Added with baked coordinates + curated image; deduped against existing feed.
2026-08-01,warning,restaurants,STEP6_seed_check,seed_venue_missing,Midtown Global Market,Must-include seed venue was absent from the published daily feed; added as is_seed row and republished in supplemental STEP6 patch.,2026-08-01,msp-family-guide-daily,Added with baked coordinates + curated image; deduped against existing feed.
2026-08-01,warning,restaurants,STEP6_seed_check,seed_venue_missing,The Market at Malcolm Yards,Must-include seed venue was absent from the published daily feed; added as is_seed row and republished in supplemental STEP6 patch.,2026-08-01,msp-family-guide-daily,Added with baked coordinates + curated image; deduped against existing feed.
2026-08-01,warning,restaurants,STEP6_seed_check,seed_venue_missing,Hmong Village,Must-include seed venue was absent from the published daily feed; added as is_seed row and republished in supplemental STEP6 patch.,2026-08-01,msp-family-guide-daily,Added with baked coordinates + curated image; deduped against existing feed.
2026-08-01,warning,restaurants,STEP6_seed_check,seed_venue_missing,Hmongtown Marketplace,Must-include seed venue was absent from the published daily feed; added as is_seed row and republished in supplemental STEP6 patch.,2026-08-01,msp-family-guide-daily,Added with baked coordinates + curated image; deduped against existing feed.
2026-08-01,warning,restaurants,STEP6_seed_check,seed_venue_missing,El Burrito Mercado,Must-include seed venue was absent from the published daily feed; added as is_seed row and republished in supplemental STEP6 patch.,2026-08-01,msp-family-guide-daily,Added with baked coordinates + curated image; deduped against existing feed.
2026-08-01,warning,restaurants,STEP6_seed_check,seed_venue_missing,Quang Restaurant,Must-include seed venue was absent from the published daily feed; added as is_seed row and republished in supplemental STEP6 patch.,2026-08-01,msp-family-guide-daily,Added with baked coordinates + curated image; deduped against existing feed.
2026-08-01,warning,restaurants,STEP6_seed_check,seed_venue_missing,Mandarin Kitchen,Must-include seed venue was absent from the published daily feed; added as is_seed row and republished in supplemental STEP6 patch.,2026-08-01,msp-family-guide-daily,Added with baked coordinates + curated image; deduped against existing feed.
2026-08-01,warning,restaurants,STEP6_seed_check,seed_venue_missing,Gorkha Palace,Must-include seed venue was absent from the published daily feed; added as is_seed row and republished in supplemental STEP6 patch.,2026-08-01,msp-family-guide-daily,Added with baked coordinates + curated image; deduped against existing feed.
2026-08-01,warning,restaurants,STEP6_seed_check,seed_venue_missing,Everest on Grand,Must-include seed venue was absent from the published daily feed; added as is_seed row and republished in supplemental STEP6 patch.,2026-08-01,msp-family-guide-daily,Added with baked coordinates + curated image; deduped against existing feed.
2026-08-01,warning,restaurants,STEP6_seed_check,seed_venue_missing,Holy Land,Must-include seed venue was absent from the published daily feed; added as is_seed row and republished in supplemental STEP6 patch.,2026-08-01,msp-family-guide-daily,Added with baked coordinates + curated image; deduped against existing feed.
2026-08-01,warning,restaurants,STEP6_seed_check,seed_venue_missing,Bole Ethiopian Cuisine,Must-include seed venue was absent from the published daily feed; added as is_seed row and republished in supplemental STEP6 patch.,2026-08-01,msp-family-guide-daily,Added with baked coordinates + curated image; deduped against existing feed.
2026-08-01,warning,restaurants,STEP6_seed_check,seed_venue_missing,Mama Safia's Kitchen,Must-include seed venue was absent from the published daily feed; added as is_seed row and republished in supplemental STEP6 patch.,2026-08-01,msp-family-guide-daily,Added with baked coordinates + curated image; deduped against existing feed.
2026-08-01,warning,restaurants,STEP6_seed_check,seed_venue_missing,Kramarczuk's East European Deli,Must-include seed venue was absent from the published daily feed; added as is_seed row and republished in supplemental STEP6 patch.,2026-08-01,msp-family-guide-daily,Added with baked coordinates + curated image; deduped against existing feed.
2026-08-01,warning,restaurants,STEP6_seed_check,seed_venue_missing,Black Forest Inn,Must-include seed venue was absent from the published daily feed; added as is_seed row and republished in supplemental STEP6 patch.,2026-08-01,msp-family-guide-daily,Added with baked coordinates + curated image; deduped against existing feed.
2026-08-01,warning,restaurants,STEP6_seed_check,seed_venue_missing,FIKA at the American Swedish Institute,Must-include seed venue was absent from the published daily feed; added as is_seed row and republished in supplemental STEP6 patch.,2026-08-01,msp-family-guide-daily,Added with baked coordinates + curated image; deduped against existing feed.
2026-08-01,warning,restaurants,STEP6_seed_check,seed_venue_missing,Minnesota's Largest Candy Store,Must-include seed venue was absent from the published daily feed; added as is_seed row and republished in supplemental STEP6 patch.,2026-08-01,msp-family-guide-daily,Added with baked coordinates + curated image; deduped against existing feed.
2026-08-01,warning,restaurants,STEP6_seed_check,seed_venue_missing,Candyland - Minneapolis,Must-include seed venue was absent from the published daily feed; added as is_seed row and republished in supplemental STEP6 patch.,2026-08-01,msp-family-guide-daily,Added with baked coordinates + curated image; deduped against existing feed.
2026-08-01,warning,restaurants,STEP6_seed_check,seed_venue_missing,Candyland - St. Paul,Must-include seed venue was absent from the published daily feed; added as is_seed row and republished in supplemental STEP6 patch.,2026-08-01,msp-family-guide-daily,Added with baked coordinates + curated image; deduped against existing feed.
2026-08-01,warning,restaurants,STEP6_seed_check,seed_venue_missing,Abdallah Candies,Must-include seed venue was absent from the published daily feed; added as is_seed row and republished in supplemental STEP6 patch.,2026-08-01,msp-family-guide-daily,Added with baked coordinates + curated image; deduped against existing feed.
2026-08-01,warning,restaurants,STEP6_seed_check,seed_venue_missing,Regina's Candies,Must-include seed venue was absent from the published daily feed; added as is_seed row and republished in supplemental STEP6 patch.,2026-08-01,msp-family-guide-daily,Added with baked coordinates + curated image; deduped against existing feed.
2026-08-01,warning,restaurants,STEP6_seed_check,seed_venue_missing,Lions Tap,Must-include seed venue was absent from the published daily feed; added as is_seed row and republished in supplemental STEP6 patch.,2026-08-01,msp-family-guide-daily,Added with baked coordinates + curated image; deduped against existing feed.
2026-08-01,warning,restaurants,STEP6_seed_check,seed_venue_missing,Broadway Bar & Pizza - Coon Rapids,Must-include seed venue was absent from the published daily feed; added as is_seed row and republished in supplemental STEP6 patch.,2026-08-01,msp-family-guide-daily,Added with baked coordinates + curated image; deduped against existing feed.
2026-08-01,warning,restaurants,STEP6_seed_check,seed_venue_missing,Davanni's Pizza & Hot Hoagies - Minneapolis (Riverside),Must-include seed venue was absent from the published daily feed; added as is_seed row and republished in supplemental STEP6 patch.,2026-08-01,msp-family-guide-daily,Added with baked coordinates + curated image; deduped against existing feed.
2026-08-01,warning,restaurants,STEP6_seed_check,seed_venue_missing,Davanni's Pizza & Hot Hoagies - St. Paul (Suburban Ave),Must-include seed venue was absent from the published daily feed; added as is_seed row and republished in supplemental STEP6 patch.,2026-08-01,msp-family-guide-daily,Added with baked coordinates + curated image; deduped against existing feed.
2026-08-01,warning,restaurants,STEP6_seed_check,seed_venue_missing,Davanni's Pizza & Hot Hoagies - Arden Hills,Must-include seed venue was absent from the published daily feed; added as is_seed row and republished in supplemental STEP6 patch.,2026-08-01,msp-family-guide-daily,Added with baked coordinates + curated image; deduped against existing feed.
2026-08-01,warning,restaurants,STEP6_seed_check,seed_venue_missing,Davanni's Pizza & Hot Hoagies - Bloomington,Must-include seed venue was absent from the published daily feed; added as is_seed row and republished in supplemental STEP6 patch.,2026-08-01,msp-family-guide-daily,Added with baked coordinates + curated image; deduped against existing feed.
2026-08-01,warning,restaurants,STEP6_seed_check,seed_venue_missing,Davanni's Pizza & Hot Hoagies - Minnetonka,Must-include seed venue was absent from the published daily feed; added as is_seed row and republished in supplemental STEP6 patch.,2026-08-01,msp-family-guide-daily,Added with baked coordinates + curated image; deduped against existing feed.
2026-08-01,warning,restaurants,STEP6_seed_check,seed_venue_missing,Davanni's Pizza & Hot Hoagies - Eden Prairie,Must-include seed venue was absent from the published daily feed; added as is_seed row and republished in supplemental STEP6 patch.,2026-08-01,msp-family-guide-daily,Added with baked coordinates + curated image; deduped against existing feed.
2026-08-01,warning,restaurants,STEP6_seed_check,seed_venue_missing,Davanni's Pizza & Hot Hoagies - Woodbury,Must-include seed venue was absent from the published daily feed; added as is_seed row and republished in supplemental STEP6 patch.,2026-08-01,msp-family-guide-daily,Added with baked coordinates + curated image; deduped against existing feed.
2026-08-01,warning,restaurants,STEP6_seed_check,seed_venue_missing,Davanni's Pizza & Hot Hoagies - Burnsville,Must-include seed venue was absent from the published daily feed; added as is_seed row and republished in supplemental STEP6 patch.,2026-08-01,msp-family-guide-daily,Added with baked coordinates + curated image; deduped against existing feed.
2026-08-01,warning,restaurants,STEP6_seed_check,seed_venue_missing,Davanni's Pizza & Hot Hoagies - Eagan,Must-include seed venue was absent from the published daily feed; added as is_seed row and republished in supplemental STEP6 patch.,2026-08-01,msp-family-guide-daily,Added with baked coordinates + curated image; deduped against existing feed.
2026-08-01,warning,restaurants,STEP6_seed_check,seed_venue_missing,Davanni's Pizza & Hot Hoagies - Edina (Grandview),Must-include seed venue was absent from the published daily feed; added as is_seed row and republished in supplemental STEP6 patch.,2026-08-01,msp-family-guide-daily,Added with baked coordinates + curated image; deduped against existing feed.
2026-08-01,warning,restaurants,STEP6_seed_check,seed_venue_missing,Davanni's Pizza & Hot Hoagies - Chanhassen,Must-include seed venue was absent from the published daily feed; added as is_seed row and republished in supplemental STEP6 patch.,2026-08-01,msp-family-guide-daily,Added with baked coordinates + curated image; deduped against existing feed.
2026-08-01,info,pipeline,STEP8_summary,run_summary,msp_family_guide.json,"Supplemental seed-coverage patch: added 46 missing must-include seeds (33 restaurants, 13 events). New counts events=453 restaurants=147 (parks=813 meal_deals=63 volunteer=53). Feed, events.csv, restaurants.csv republished + verified.",2026-08-01,msp-family-guide-daily,100% image coverage maintained; 0 duplicates introduced.
2026-08-02,info,pipeline,STEP 8,run_summary,daily_refresh,"events=424 parks=813 meal_deals=63 volunteer=53 restaurants=147; sports~59 paid~185; img_src={'curated': 33, 'curated_category': 389, 'og_image': 2}; geo_blank=7; window 2026-08-02..2026-09-30; RUN_APIFY=False",,,
2026-08-02,warning,images,STEP 4.8,curated_stale,curated_images.csv,curated_images.csv last committed 2026-07-31T14:38Z (~41h before run); consider refresh,,,
2026-08-02,info,pipeline,STEP 4.3,duplicate_flagged,Uptown Art Fair (2026-08-07),New-event candidate collapsed into existing feed entry (same title+date),,,
2026-08-02,info,pipeline,STEP 4.3,duplicate_flagged,Twin Cities Irish Fest (2026-08-07),New-event candidate collapsed into existing feed entry (same title+date),,,
2026-08-02,info,pipeline,STEP 4.3,duplicate_flagged,Minnesota Fringe Festival (2026-08-06),New-event candidate collapsed into existing feed entry (same title+date),,,
2026-08-02,info,pipeline,STEP 4.3,duplicate_flagged,Minnesota State Fair (2026-08-27),New-event candidate collapsed into existing feed entry (same title+date),,,
2026-08-02,info,pipeline,STEP 4.3,duplicate_flagged,Eagan Market Fest (2026-08-05),New-event candidate collapsed into existing feed entry (same title+date),,,
2026-08-02,info,pipeline,STEP 4.3,duplicate_flagged,Bayfront Blues Festival (2026-08-14),New-event candidate collapsed into existing feed entry (same title+date),,,
2026-08-02,info,pipeline,STEP 4.3,duplicate_flagged,Wings Over Alexandria Airshow (2026-08-15),New-event candidate collapsed into existing feed entry (same title+date),,,
2026-08-02,info,pipeline,STEP 4.3,duplicate_flagged,Grand Portage Rendezvous Days & Pow Wow (2026-08-07),New-event candidate collapsed into existing feed entry (same title+date),,,
2026-08-02,info,pipeline,STEP 4.3,duplicate_flagged,Minnesota Twins vs. Philadelphia Phillies (2026-08-14),New-event candidate collapsed into existing feed entry (same title+date),,,
2026-08-02,info,pipeline,STEP 4.3,duplicate_flagged,Minnesota Twins vs. Atlanta Braves (2026-08-18),New-event candidate collapsed into existing feed entry (same title+date),,,
2026-08-02,info,pipeline,STEP 4.3,duplicate_flagged,Minnesota Lynx vs. Indiana Fever (2026-08-02),New-event candidate collapsed into existing feed entry (same title+date),,,
2026-08-02,info,pipeline,STEP 4.3,duplicate_flagged,St. Paul Saints vs. Toledo Mud Hens (2026-08-25),New-event candidate collapsed into existing feed entry (same title+date),,,
2026-08-02,info,pipeline,STEP 4.3,duplicate_flagged,Cruisin' on the Croix (2026-08-05),New-event candidate collapsed into existing feed entry (same title+date),,,
2026-08-02,info,pipeline,STEP 4.3,duplicate_flagged,Touch a Truck (Oakdale) (2026-08-20),New-event candidate collapsed into existing feed entry (same title+date),,,
2026-08-02,info,pipeline,STEP 4.3,duplicate_flagged,Touch a Truck (Chaska) (2026-08-20),New-event candidate collapsed into existing feed entry (same title+date),,,
2026-08-02,info,pipeline,STEP 4.3,duplicate_flagged,Carver County Fair (2026-08-12),New-event candidate collapsed into existing feed entry (same title+date),,,
2026-08-02,info,geocode,STEP 4.9,geocode_multilocation,7 events,"Left lat/lon blank: genuinely multi-location (library systems, metro-wide music classes, statewide clinics)",,,
2026-08-02,info,geocode,STEP 4.9,geocode_cityfallback,~14 events,"Nominatim failed/rate-limited for small-city addresses; applied known MN city centroids (Wayzata, Elk River, St. Cloud, Northfield, Zumbrota, Hastings, Lino Lakes, St. Paul Park, Bloomington, Cottage Grove, Osseo, Duluth)",,,
2026-08-02,info,pipeline,STEP4_fixer,fixer_summary,,"fixer run 2026-08-02: examined 65 open rows (18 website / 47 image); resolved 8 rows -> website 1, image 6 (og_image 6, facebook 0, stock_openverse_specific 0); left open 57 rows. run_summary_today present; no log_base_rejected.",,,
2026-08-03,info,pipeline,STEP4.4,feed_checkpoint,,Early safety feed published to GitHub before enrichment; counts events=406 parks=813 meal_deals=62 volunteer=53 restaurants=147.,,,
2026-08-03,info,events,STEP4.3,duplicate_flagged,Crow Wing County Fair,Collapsed duplicate 'Crow Wing County Fair' into 'Brainerd Crow Wing County Fair - Opening Ceremonies'.,,,
2026-08-03,info,events,STEP4.3,duplicate_flagged,Brainerd Ski Loons Water Ski Shows - August 14,Collapsed duplicate 'Brainerd Ski Loons Water Ski Shows - August 14' into 'Brainerd Ski Loons Water Ski Shows'.,,,
2026-08-03,info,events,STEP4.3,duplicate_flagged,Spirit Valley Days,Collapsed duplicate 'Spirit Valley Days' into 'Spirit Valley Days - Parade & Car Show'.,,,
2026-08-03,info,events,STEP4.3,duplicate_flagged,Inver Grove Heights Food Truck Festival - August,Collapsed duplicate 'Inver Grove Heights Food Truck Festival - August' into 'Inver Grove Heights Food Truck Festival'.,,,
2026-08-03,info,events,STEP4.3,duplicate_flagged,Brainerd Ski Loons Water Ski Show,Collapsed duplicate 'Brainerd Ski Loons Water Ski Show' into 'Brainerd Ski Loons Water Ski Shows'.,,,
2026-08-03,info,events,STEP4.3,duplicate_flagged,Winona Municipal Band Concert,Collapsed duplicate 'Winona Municipal Band Concert' into 'Winona Municipal Band Concerts'.,,,
2026-08-03,info,events,STEP4.3,duplicate_flagged,Douglas County Fair,Collapsed duplicate 'Douglas County Fair' into 'Douglas County Fair ATV Big Air Tour'.,,,
2026-08-03,info,events,STEP4.3,duplicate_flagged,Japanese Obon Festival,Collapsed duplicate 'Japanese Obon Festival' into 'Como Park Japanese Obon Festival'.,,,
2026-08-03,info,events,STEP4.3,duplicate_flagged,St. Louis County Fair - Chisholm,Collapsed duplicate 'St. Louis County Fair - Chisholm' into 'St. Louis County Fair'.,,,
2026-08-03,info,events,STEP4.3,duplicate_flagged,Summer Splash Family Camp - Alexandria,Collapsed duplicate 'Summer Splash Family Camp - Alexandria' into 'Summer Splash Family Camp'.,,,
2026-08-03,info,events,STEP4.3,duplicate_flagged,Eden Prairie Outdoor Movie - Staring Lake Amphitheater,Collapsed duplicate 'Eden Prairie Outdoor Movie - Staring Lake Amphitheater' into 'Eden Prairie Outdoor Movie'.,,,
2026-08-03,info,events,STEP4.3,duplicate_flagged,Nike Basketball Camp at Minneapolis Sports Center,Collapsed duplicate 'Nike Basketball Camp at Minneapolis Sports Center' into 'Nike Basketball Camp'.,,,
2026-08-03,info,events,STEP4.3,duplicate_flagged,Hastings Dakota County Fair,Collapsed duplicate 'Hastings Dakota County Fair' into 'Dakota County Fair'.,,,
2026-08-03,info,events,STEP4.3,duplicate_flagged,Touch-A-Truck - Chaska,Collapsed duplicate 'Touch-A-Truck - Chaska' into 'Touch-A-Truck - Chaska High School'.,,,
2026-08-03,info,events,STEP4.3,duplicate_flagged,Grand Portage Rendezvous Days & Pow Wow,Collapsed duplicate 'Grand Portage Rendezvous Days & Pow Wow' into 'Grand Portage Rendezvous Days'.,,,
2026-08-03,info,events,STEP4.3,duplicate_flagged,Minnesota Twins vs Philadelphia Phillies,Collapsed duplicate 'Minnesota Twins vs Philadelphia Phillies' into 'Minnesota Twins vs Philadelphia Phillies'.,,,
2026-08-03,info,events,STEP4.3,duplicate_flagged,Minnesota Twins vs Atlanta Braves,Collapsed duplicate 'Minnesota Twins vs Atlanta Braves' into 'Minnesota Twins vs Atlanta Braves'.,,,
2026-08-03,info,events,STEP4.3,duplicate_flagged,St. Paul Saints vs Toledo Mud Hens,Collapsed duplicate 'St. Paul Saints vs Toledo Mud Hens' into 'St. Paul Saints vs Toledo Mud Hens'.,,,
2026-08-03,info,events,STEP4.3,duplicate_flagged,Minnetonka Music in the Park,Collapsed duplicate 'Minnetonka Music in the Park' into 'Minnetonka Music in the Park'.,,,
2026-08-03,info,events,STEP4.3,duplicate_flagged,Common Roots Festival,Collapsed duplicate 'Common Roots Festival' into 'Common Roots Festival'.,,,
2026-08-03,info,events,STEP4.3,duplicate_flagged,Friday Night Car Show (North St. Paul),Collapsed duplicate 'Friday Night Car Show (North St. Paul)' into 'Friday Night Car Show - North St. Paul (Aug 7)'.,,,
2026-08-03,info,events,STEP4.3,duplicate_flagged,Afton Apple Festival Weekends,Collapsed duplicate 'Afton Apple Festival Weekends' into 'Afton Apple Festival'.,,,
2026-08-03,info,meal_deals,STEP4.3,duplicate_flagged,Jersey's Bar & Grill,Collapsed duplicate 'Jersey's Bar & Grill' into 'Jersey's Bar & Grill Thursday Kids Eat Free'.,,,
2026-08-03,warning,events,STEP4.6,unresolved_website,RLA Summer Block Party,No website found after backfill attempt.,2026-08-03,msp-family-guide-error-fixer,"website: https://www.riceandlarpenteur.com/ — Rice & Larpenteur Alliance official, verified"
2026-08-03,warning,events,STEP4.6,unresolved_website,Eden Prairie Free Outdoor Movie - The Lego Movie,No website found after backfill attempt.,2026-08-03,msp-family-guide-error-fixer,website: Eden Prairie city calendar event at Staring Lake Amphitheater — verified
2026-08-03,warning,events,STEP4.6,unresolved_website,Maple Grove Outdoor Movies - Back to the Future,No website found after backfill attempt.,2026-08-03,msp-family-guide-error-fixer,website: Maple Grove city calendar (Town Green) — verified
2026-08-03,warning,events,STEP4.6,unresolved_website,Groovin' In The Garden - Flamin' Oh's Concert,No website found after backfill attempt.,2026-08-03,msp-family-guide-error-fixer,website: Como Zoo Conservatory official Groovin' in the Garden 2026 page — verified
2026-08-03,warning,events,STEP4.6,unresolved_website,Shoreview Farmers Market,No website found after backfill attempt.,2026-08-03,msp-family-guide-error-fixer,website: City of Shoreview official — verified
2026-08-03,warning,events,STEP4.6,unresolved_website,Mill City Farmers Market - Power of Produce (POP),No website found after backfill attempt.,2026-08-03,msp-family-guide-error-fixer,website: Mill City Farmers Market official — verified
2026-08-03,warning,events,STEP4.6,unresolved_website,"Lowell Park Summer Series - Farmers Market, Music & Movie",No website found after backfill attempt.,2026-08-03,msp-family-guide-error-fixer,website: Stillwater city calendar (Summer Tuesdays at Lowell Park) — verified
2026-08-03,warning,events,STEP4.6,unresolved_website,St. Paul Movies in the Parks - Como Park,No website found after backfill attempt.,2026-08-03,msp-family-guide-error-fixer,website: St. Paul Parks & Rec official; Como Park in schedule — verified
2026-08-03,warning,events,STEP4.6,unresolved_website,Minneapolis Parks Summer Concert Series,No website found after backfill attempt.,2026-08-03,msp-family-guide-error-fixer,website: Minneapolis Park & Rec Board official — verified
2026-08-03,warning,events,STEP4.6,unresolved_website,Rockin' On The Rum - Anoka,No website found after backfill attempt.,2026-08-03,msp-family-guide-error-fixer,website: City of Anoka official (Riverfront Memorial Park) — verified
2026-08-03,warning,events,STEP4.6,unresolved_website,Roseville Puppet Wagon Free Shows,No website found after backfill attempt.,2026-08-03,msp-family-guide-error-fixer,website: City of Roseville official Puppet Wagon page — verified
2026-08-03,warning,events,STEP4.6,unresolved_website,Mounds Park Academy Summer Camps,No website found after backfill attempt.,2026-08-03,msp-family-guide-error-fixer,website: Mounds Park Academy official Summer Panther Programs — verified
2026-08-03,warning,events,STEP4.6,unresolved_website,Summer Tuesdays at Lowell Park (Stillwater),No website found after backfill attempt.,2026-08-03,msp-family-guide-error-fixer,website: official Summer Tuesdays event page — verified name+city
2026-08-03,warning,events,STEP4.6,unresolved_website,Camp Carver Day Camp (Woodbury),No website found after backfill attempt.,2026-08-03,msp-family-guide-error-fixer,"website: Woodbury Parks & Rec (Camp Carver, Carver Lake Park) — verified"
2026-08-03,warning,events,STEP4.6,unresolved_website,Coon Rapids Summer Concert Series,No website found after backfill attempt.,2026-08-03,msp-family-guide-error-fixer,website: City of Coon Rapids official — verified
2026-08-03,warning,events,STEP4.6,unresolved_website,Eagan Food Truck Festival,No website found after backfill attempt.,2026-08-03,msp-family-guide-error-fixer,website: City of Eagan official — verified
2026-08-03,warning,events,STEP4.6,unresolved_website,Free Kids Entertainment at Valley View Park (Bloomington),No website found after backfill attempt.,2026-08-03,msp-family-guide-error-fixer,"website: Bloomington Parks & Rec (Monday Morning Kids, Valley View Park) — verified"
2026-08-03,warning,events,STEP4.6,unresolved_website,Music in Kelley Park at Splash Valley (Apple Valley),No website found after backfill attempt.,2026-08-03,msp-family-guide-error-fixer,website: City of Apple Valley official — verified
2026-08-03,warning,events,STEP4.6,unresolved_website,Lakeville Summer Concert Series,No website found after backfill attempt.,2026-08-03,msp-family-guide-error-fixer,website: Lakeville Area Arts Center 'Live at the Lake' — verified
2026-08-03,warning,events,STEP4.6,unresolved_website,National Night Out / Night to Unite (Twin Cities Metro),No website found after backfill attempt.,2026-08-03,msp-family-guide-error-fixer,website: St. Paul NNO official page (metro-wide event) — verified
2026-08-03,warning,events,STEP4.6,unresolved_website,Wayzata Car Show,No website found after backfill attempt.,2026-08-03,msp-family-guide-error-fixer,website: Wayzata official — verified name+city
2026-08-03,warning,events,STEP4.6,unresolved_website,Mighty Machines (Farmington),No website found after backfill attempt.,,,
2026-08-03,warning,events,STEP4.6,unresolved_website,St. Paul Park Heritage Days,No website found after backfill attempt.,2026-08-03,msp-family-guide-error-fixer,website: official St. Paul Park Heritage Days site — verified name+city
2026-08-03,warning,events,STEP4.6,unresolved_website,Blue Heron Days (Lino Lakes),No website found after backfill attempt.,2026-08-03,msp-family-guide-error-fixer,website: City of Lino Lakes official — verified name+city
2026-08-03,warning,events,STEP4.9,unresolved_geocode,Minnesota Renaissance Festival,"Address not geocodable within MN bbox: 12364 Chestnut Blvd, Shakopee, MN 55379",,,
2026-08-03,warning,events,STEP4.9,unresolved_geocode,Burnsville Fire Muster Festival,"Address not geocodable within MN bbox: Nicollet Commons Park, Burnsville, MN 55337",,,
2026-08-03,warning,events,STEP4.9,unresolved_geocode,Afton Apple Fall Festival,"Address not geocodable within MN bbox: 14421 90th St S, Hastings, MN 55033",,,
2026-08-03,warning,events,STEP4.9,unresolved_geocode,Movies in the Parks - Minneapolis,"Address not geocodable within MN bbox: Various Minneapolis parks, Minneapolis, MN",,,
2026-08-03,warning,events,STEP4.9,unresolved_geocode,"Kids, Cops, and Cars","Address not geocodable within MN bbox: Bayfront Festival Park, Duluth, MN 55802",,,
2026-08-03,warning,events,STEP4.9,unresolved_geocode,St. Paul Saints vs. Columbus Clippers,"Address not geocodable within MN bbox: CHS Field, 360 Broadway St, St. Paul, MN 55101",,,
2026-08-03,warning,parks,STEP4.9,unresolved_geocode,Lake Minnetonka Regional Park Swimming Pond,"Address not geocodable within MN bbox: 4610 County Road 44, Minnetrista, MN 55364, Minnetonka",,,
2026-08-03,warning,parks,STEP4.9,unresolved_geocode,Dodge Nature Center,"Address not geocodable within MN bbox: 365 Marie Ave W, West St Paul, MN 55118, Mendota Heights",,,
2026-08-03,warning,meal_deals,STEP4.9,unresolved_geocode,Hy-Vee $4 Meals & Kids Eat FREE,"Address not geocodable within MN bbox: Multiple Twin Cities locations, MN",,,
2026-08-03,warning,meal_deals,STEP4.9,unresolved_geocode,Pizza Luce - Kids Eat Free (9 MN locations),Address not geocodable within MN bbox: Twin Cities metro & Duluth - 9 locations (see description),,,
2026-08-03,warning,meal_deals,STEP4.9,unresolved_geocode,Denny's Thursday Kids Eat Free,Address not geocodable within MN bbox: Multiple Twin Cities locations,,,
2026-08-03,warning,meal_deals,STEP4.9,unresolved_geocode,Perkins Tuesday Kids Eat Free,Address not geocodable within MN bbox: Multiple Twin Cities locations,,,
2026-08-03,warning,meal_deals,STEP4.9,unresolved_geocode,Rubio's Rewards Thursday Kids Free Meal,Address not geocodable within MN bbox: Multiple Twin Cities locations,,,
2026-08-03,warning,meal_deals,STEP4.9,unresolved_geocode,Crave - Kids Eat Free Monday,"Address not geocodable within MN bbox: 368 South Ave, Bloomington, MN 55425 (Mall of America)",,,
2026-08-03,warning,meal_deals,STEP4.9,unresolved_geocode,Broadway Pizza - Kids Eat Free Monday,"Address not geocodable within MN bbox: Multiple Twin Cities locations (Blaine, Coon Rapids, Plymouth, Rogers, Champlin)",,,
2026-08-03,warning,meal_deals,STEP4.9,unresolved_geocode,Hy-Vee,"Address not geocodable within MN bbox: Multiple Twin Cities locations, MN",,,
2026-08-03,warning,meal_deals,STEP4.9,unresolved_geocode,Willy McCoy's,Address not geocodable within MN bbox: Multiple locations,,,
2026-08-03,warning,meal_deals,STEP4.9,unresolved_geocode,Ze's Diner,"Address not geocodable within MN bbox: Eagan / Woodbury / Mendota Heights, MN",,,
2026-08-03,warning,meal_deals,STEP4.9,unresolved_geocode,Smashburger Kids Eat Free Wednesdays,"Address not geocodable within MN bbox: Multiple Twin Cities locations, MN",,,
2026-08-03,warning,meal_deals,STEP4.9,unresolved_geocode,Ze's Diner Kids Eat Free Wednesdays,"Address not geocodable within MN bbox: Multiple Twin Cities locations, MN",,,
2026-08-03,warning,meal_deals,STEP4.9,unresolved_geocode,Rudy's Red Eye Grill Kids Eat Free,"Address not geocodable within MN bbox: Multiple Twin Cities locations, MN",,,
2026-08-03,warning,meal_deals,STEP4.9,unresolved_geocode,Dickey's Barbecue Pit Eagan - Sunday Kids Free,"Address not geocodable within MN bbox: 3090 Courthouse Ln, Suite 100, Eagan, MN 55121",,,
2026-08-03,warning,volunteer_opportunities,STEP4.9,unresolved_geocode,Feed My Starving Children - Meal Packing,"Address not geocodable within MN bbox: Eagan, MN / Coon Rapids, MN / Chanhassen, MN",,,
2026-08-03,warning,volunteer_opportunities,STEP4.9,unresolved_geocode,Friends of the Mississippi River - Storm Drain Stenciling,"Address not geocodable within MN bbox: Throughout St. Paul, MN",,,
2026-08-03,warning,volunteer_opportunities,STEP4.9,unresolved_geocode,Bloomington Parks & Recreation - Summer Garden Program,"Address not geocodable within MN bbox: Bloomington, MN parks",,,
2026-08-03,warning,volunteer_opportunities,STEP4.9,unresolved_geocode,St. Paul Community Gardens - Monday Evening Volunteer,"Address not geocodable within MN bbox: Mission Branch Library, St. Paul, MN",,,
2026-08-03,warning,volunteer_opportunities,STEP4.9,unresolved_geocode,Urban Roots - Market Garden Volunteer,"Address not geocodable within MN bbox: East Side of St. Paul, MN",,,
2026-08-03,warning,volunteer_opportunities,STEP4.9,unresolved_geocode,Animal Ark Minnesota - Rescue Group Volunteer,Address not geocodable within MN bbox: Minnesota locations,,,
2026-08-03,warning,volunteer_opportunities,STEP4.9,unresolved_geocode,The Bond Between - Puppy Party Volunteer,Address not geocodable within MN bbox: Twin Cities area,,,
2026-08-03,warning,volunteer_opportunities,STEP4.9,unresolved_geocode,Hawk Creek Animal Shelter - Dog Walking & Events,"Address not geocodable within MN bbox: Kandiyohi & Meeker Counties, MN",,,
2026-08-03,warning,volunteer_opportunities,STEP4.9,unresolved_geocode,Doing Good Together - Twin Cities Family Volunteering,Address not geocodable within MN bbox: Twin Cities area,,,
2026-08-03,warning,volunteer_opportunities,STEP4.9,unresolved_geocode,Great River Greening - Hands-on Environmental Restoration,"Address not geocodable within MN bbox: various locations, Twin Cities metro area",,,
2026-08-03,warning,restaurants,STEP4.9,unresolved_geocode,Ember and Bean,"Address not geocodable within MN bbox: 7600 2nd St N Ste B, Oakdale, MN 55128",,,
2026-08-03,warning,restaurants,STEP4.9,unresolved_geocode,Silverwood Park Cafe,"Address not geocodable within MN bbox: 2500 County Rd E W, St. Anthony, MN 55421",,,
2026-08-03,warning,restaurants,STEP4.9,unresolved_geocode,Littles and Lattes,"Address not geocodable within MN bbox: 15670 Edgewood Dr Ste 120, Baxter, MN 56425",,,
2026-08-03,warning,restaurants,STEP4.9,unresolved_geocode,Nurture to Play,"Address not geocodable within MN bbox: 1001 Second St S Ste 200, Sartell, MN 56377",,,
2026-08-03,warning,restaurants,STEP4.9,unresolved_geocode,The Battleground Cafe,"Address not geocodable within MN bbox: 2008 County Rd E E, White Bear Lake, MN 55110",,,
2026-08-03,warning,restaurants,STEP4.9,unresolved_geocode,Pizza Ranch,"Address not geocodable within MN bbox: Multiple locations, MN",,,
2026-08-03,warning,restaurants,STEP4.9,unresolved_geocode,Southern Social,"Address not geocodable within MN bbox: 1940 Rahncliff Ct, Eagan, MN 55122",,,
2026-08-03,warning,restaurants,STEP4.9,unresolved_geocode,Rainforest Cafe — Mall of America (Bloomington),"Address not geocodable within MN bbox: Mall of America, 306 South Ave, Bloomington, MN 55425",,,
2026-08-03,warning,restaurants,STEP4.9,unresolved_geocode,Chuck E. Cheese — Woodbury,"Address not geocodable within MN bbox: Woodbury, MN (Tamarack area)",,,
2026-08-03,info,pipeline,STEP4.8,curated_stale,,Curated image layer applied from curated_images.csv (126 rows); no new stale URLs detected this run beyond existing OPEN curated_bad_url entries.,,,
2026-08-03,info,pipeline,STEP7,run_summary,,"Daily refresh 2026-08-03 window 2026-08-03..2026-09-30. counts events=406 parks=813 meal_deals=62 volunteer=53 restaurants=147. dedup_merges=25. images: all filled (0 blank); src={'curated': 99, 'curated_category': 1376, 'og_image': 6}. geocode blanks remaining=41. new unresolved_website=24. Feed + 5 CSVs + error_log published to avlhohn/msp-family-feed@main.",,,
2026-08-03,info,pipeline,STEP4_fixer,fixer_summary,(fixer run),"open_rows_examined=81 (web=40,img=41); resolved=23 (website=23,image=0[og_image=0,facebook=0,stock_openverse_specific=0]); left_open=58 (web=17,img=41); diagnostics: none (run_summary present today)",,,
2026-08-04,info,pipeline,STEP1_fixer_load,no_run_summary_today,run_summary marker for 2026-08-04,No run_summary row dated TODAY present in base at fixer load time; build may not have finished. Proceeded with existing open queue.,,,
2026-08-04,info,pipeline,STEP4_fixer,fixer_summary,error-fixer run 2026-08-04,"open_examined=58 resolved_total=4 (website=4 image=0) [image og_image=0 facebook=0 stock_openverse_specific=0] left_open=54; diagnostics: no_run_summary_today=1, log_base_rejected=0. Note: subagents surfaced only third-party aggregator/tourism/news images (not true og:image from item's own page) and Openverse returned no confident CC name-matched place photos, so no image rows met the strict bar.",,,
2026-08-04,info,events,STEP4.9_geocode,unresolved_coordinates,Minnesota Twins Youth Baseball Clinics,Multi-location chain / no single address — coordinates intentionally blank; do not geocode.,,,
2026-08-04,info,events,STEP4.9_geocode,unresolved_coordinates,Washington County Library Storytime,Multi-location chain / no single address — coordinates intentionally blank; do not geocode.,,,
2026-08-04,info,events,STEP4.9_geocode,unresolved_coordinates,Kindermusik - Twin Cities,Multi-location chain / no single address — coordinates intentionally blank; do not geocode.,,,
2026-08-04,info,events,STEP4.9_geocode,unresolved_coordinates,Music Together - Twin Cities,Multi-location chain / no single address — coordinates intentionally blank; do not geocode.,,,
2026-08-04,info,events,STEP4.9_geocode,unresolved_coordinates,Ladybug Music Classes,Multi-location chain / no single address — coordinates intentionally blank; do not geocode.,,,
2026-08-04,info,events,STEP4.9_geocode,unresolved_coordinates,Hennepin County Library - Craft and Create,Multi-location chain / no single address — coordinates intentionally blank; do not geocode.,,,
2026-08-04,info,events,STEP4.9_geocode,unresolved_coordinates,Movies in the Parks - Minneapolis,Multi-location chain / no single address — coordinates intentionally blank; do not geocode.,,,
2026-08-04,info,meal_deals,STEP4.9_geocode,unresolved_coordinates,Hy-Vee $4 Meals & Kids Eat FREE,Multi-location chain / no single address — coordinates intentionally blank; do not geocode.,,,
2026-08-04,info,meal_deals,STEP4.9_geocode,unresolved_coordinates,Pizza Luce - Kids Eat Free (9 MN locations),Multi-location chain / no single address — coordinates intentionally blank; do not geocode.,,,
2026-08-04,info,meal_deals,STEP4.9_geocode,unresolved_coordinates,Denny's Thursday Kids Eat Free,Multi-location chain / no single address — coordinates intentionally blank; do not geocode.,,,
2026-08-04,info,meal_deals,STEP4.9_geocode,unresolved_coordinates,Perkins Tuesday Kids Eat Free,Multi-location chain / no single address — coordinates intentionally blank; do not geocode.,,,
2026-08-04,info,meal_deals,STEP4.9_geocode,unresolved_coordinates,Rubio's Rewards Thursday Kids Free Meal,Multi-location chain / no single address — coordinates intentionally blank; do not geocode.,,,
2026-08-04,info,meal_deals,STEP4.9_geocode,unresolved_coordinates,Broadway Pizza - Kids Eat Free Monday,Multi-location chain / no single address — coordinates intentionally blank; do not geocode.,,,
2026-08-04,info,meal_deals,STEP4.9_geocode,unresolved_coordinates,Hy-Vee,Multi-location chain / no single address — coordinates intentionally blank; do not geocode.,,,
2026-08-04,info,meal_deals,STEP4.9_geocode,unresolved_coordinates,Willy McCoy's,Multi-location chain / no single address — coordinates intentionally blank; do not geocode.,,,
2026-08-04,info,meal_deals,STEP4.9_geocode,unresolved_coordinates,Ze's Diner,"Geocode miss for address 'Eagan / Woodbury / Mendota Heights, MN'. Carry forward for retry.",,,
2026-08-04,info,meal_deals,STEP4.9_geocode,unresolved_coordinates,Smashburger Kids Eat Free Wednesdays,Multi-location chain / no single address — coordinates intentionally blank; do not geocode.,,,
2026-08-04,info,meal_deals,STEP4.9_geocode,unresolved_coordinates,Ze's Diner Kids Eat Free Wednesdays,Multi-location chain / no single address — coordinates intentionally blank; do not geocode.,,,
2026-08-04,info,meal_deals,STEP4.9_geocode,unresolved_coordinates,Rudy's Red Eye Grill Kids Eat Free,Multi-location chain / no single address — coordinates intentionally blank; do not geocode.,,,
2026-08-04,info,volunteer_opportunities,STEP4.9_geocode,unresolved_coordinates,Feed My Starving Children - Meal Packing,"Geocode miss for address 'Eagan, MN / Coon Rapids, MN / Chanhassen, MN'. Carry forward for retry.",,,
2026-08-04,info,volunteer_opportunities,STEP4.9_geocode,unresolved_coordinates,Friends of the Mississippi River - Storm Drain Stenciling,"Geocode miss for address 'Throughout St. Paul, MN'. Carry forward for retry.",,,
2026-08-04,info,volunteer_opportunities,STEP4.9_geocode,unresolved_coordinates,Bloomington Parks & Recreation - Summer Garden Program,"Geocode miss for address 'Bloomington, MN parks'. Carry forward for retry.",,,
2026-08-04,info,volunteer_opportunities,STEP4.9_geocode,unresolved_coordinates,Urban Roots - Market Garden Volunteer,"Geocode miss for address 'East Side of St. Paul, MN'. Carry forward for retry.",,,
2026-08-04,info,volunteer_opportunities,STEP4.9_geocode,unresolved_coordinates,Animal Ark Minnesota - Rescue Group Volunteer,Multi-location chain / no single address — coordinates intentionally blank; do not geocode.,,,
2026-08-04,info,volunteer_opportunities,STEP4.9_geocode,unresolved_coordinates,The Bond Between - Puppy Party Volunteer,Geocode miss for address 'Twin Cities area'. Carry forward for retry.,,,
2026-08-04,info,volunteer_opportunities,STEP4.9_geocode,unresolved_coordinates,Hawk Creek Animal Shelter - Dog Walking & Events,"Geocode miss for address 'Kandiyohi & Meeker Counties, MN'. Carry forward for retry.",,,
2026-08-04,info,volunteer_opportunities,STEP4.9_geocode,unresolved_coordinates,Doing Good Together - Twin Cities Family Volunteering,Geocode miss for address 'Twin Cities area'. Carry forward for retry.,,,
2026-08-04,info,volunteer_opportunities,STEP4.9_geocode,unresolved_coordinates,Great River Greening - Hands-on Environmental Restoration,Multi-location chain / no single address — coordinates intentionally blank; do not geocode.,,,
2026-08-04,info,restaurants,STEP4.9_geocode,unresolved_coordinates,Pizza Ranch,Multi-location chain / no single address — coordinates intentionally blank; do not geocode.,,,
2026-08-04,info,restaurants,STEP4.9_geocode,unresolved_coordinates,Hy-Vee $4 Meals & Kids Eat FREE,Multi-location chain / no single address — coordinates intentionally blank; do not geocode.,,,
2026-08-04,info,restaurants,STEP4.9_geocode,unresolved_coordinates,Pizza Luce - Kids Eat Free (9 MN locations),Multi-location chain / no single address — coordinates intentionally blank; do not geocode.,,,
2026-08-04,info,restaurants,STEP4.9_geocode,unresolved_coordinates,Chuck E. Cheese — Woodbury,"Geocode miss for address 'Woodbury, MN (Tamarack area)'. Carry forward for retry.",,,
2026-08-05,info,all,STEP8_run_summary,run_summary,daily_run,"events=399, parks=793, meal_deals=75, volunteer=63, restaurants=144, TOTAL=1474. Dedup merges=19. Feed+5 CSVs published to GitHub main. Checkpoint published pre-enrichment. Geocoded 21 blank coords; 25 remain blank (multi-location chains). Website backfill for evergreen parks (652) intentionally skipped (low value, budget).",,,
2026-08-05,info,parks,STEP4.3_dedup,duplicate_flagged,Miller Park,Collapsed into 'Miller Park Splash Pad' (same place). seed_override=False.,,,
2026-08-05,info,parks,STEP4.3_dedup,duplicate_flagged,Round Lake Park,Collapsed into 'Round Lake Park Splash Pad' (same place). seed_override=False.,,,
2026-08-05,info,parks,STEP4.3_dedup,duplicate_flagged,Riley Lake Park,Collapsed into 'Riley Lake Park Beach' (same place). seed_override=False.,,,
2026-08-05,info,meal_deals,STEP4.3_dedup,duplicate_flagged,Dickey's Barbecue Pit Eagan - Sunday Kids Free,Collapsed into 'Dickey's Barbecue Pit' (same place). seed_override=False.,,,
2026-08-05,info,meal_deals,STEP4.3_dedup,duplicate_flagged,Celts Craft House Apple Valley - Sunday Kids Free,Collapsed into 'Celts Craft House' (same place). seed_override=False.,,,
2026-08-05,info,meal_deals,STEP4.3_dedup,duplicate_flagged,Mill Valley Kitchen - Kids Eat Free Sunday,Collapsed into 'Mill Valley Kitchen' (same place). seed_override=False.,,,
2026-08-05,info,meal_deals,STEP4.3_dedup,duplicate_flagged,Bennett's Chop & Railhouse - Kids Eat Free Sunday,Collapsed into 'Bennett's Chop & Railhouse' (same place). seed_override=False.,,,
2026-08-05,info,meal_deals,STEP4.3_dedup,duplicate_flagged,Boulevard Bar & Grill - Kids Eat Free Sunday,Collapsed into 'Boulevard Bar & Grill' (same place). seed_override=False.,,,
2026-08-05,info,meal_deals,STEP4.3_dedup,duplicate_flagged,Tailgate Sports Cafe - Kids Eat Free Saturday,Collapsed into 'Tailgate Sports Cafe' (same place). seed_override=False.,,,
2026-08-05,info,meal_deals,STEP4.3_dedup,duplicate_flagged,Broder's Pasta Bar - Kids Eat Free Monday,Collapsed into 'Broders' Pasta Bar' (same place). seed_override=False.,,,
2026-08-05,info,meal_deals,STEP4.3_dedup,duplicate_flagged,The Melting Pot - Kids Eat Free Sunday,Collapsed into 'The Melting Pot' (same place). seed_override=False.,,,
2026-08-05,info,meal_deals,STEP4.3_dedup,duplicate_flagged,Celts Craft House - Kids Eat Free Sunday,Collapsed into 'Celts Craft House' (same place). seed_override=False.,,,
2026-08-05,info,meal_deals,STEP4.3_dedup,duplicate_flagged,Shamrocks - Kids Eat Free Sunday,Collapsed into 'Shamrocks' (same place). seed_override=False.,,,
2026-08-05,info,meal_deals,STEP4.3_dedup,duplicate_flagged,The Patty Wagon - Kids Eat Free Sunday,Collapsed into 'The Patty Wagon' (same place). seed_override=False.,,,
2026-08-05,info,meal_deals,STEP4.3_dedup,duplicate_flagged,Broadway Pizza Rochester - Kids Eat Free Monday,Collapsed into 'Broadway Pizza - Rochester' (same place). seed_override=False.,,,
2026-08-05,info,meal_deals,STEP4.3_dedup,duplicate_flagged,Space Aliens Grill & Bar - Kids Deal Tuesday,Collapsed into 'Space Aliens Grill & Bar' (same place). seed_override=False.,,,
2026-08-05,info,restaurants,STEP4.3_dedup,duplicate_flagged,LTD Brewing,Collapsed into 'LTD Brewing - Hopkins' (same place). seed_override=False.,,,
2026-08-05,info,restaurants,STEP4.3_dedup,duplicate_flagged,Bubba Gump Shrimp Co.,Collapsed into 'Bubba Gump Shrimp Co. at Mall of America' (same place). seed_override=False.,,,
2026-08-05,info,restaurants,STEP4.3_dedup,duplicate_flagged,Snuffy's Malt Shop,Collapsed into 'Snuffy's Malt Shop — Edina' (same place). seed_override=False.,,,
2026-08-05,info,events,STEP4.9_geocode,unresolved_coordinates,Minnesota Twins Youth Baseball Clinics,Multi-location / no single address ('Multiple locations across Minnesota') — coordinates intentionally blank.,,,
2026-08-05,info,events,STEP4.9_geocode,unresolved_coordinates,Washington County Library Storytime,Multi-location / no single address ('Various Washington County Library locations') — coordinates intentionally blank.,,,
2026-08-05,info,events,STEP4.9_geocode,unresolved_coordinates,Kindermusik - Twin Cities,Multi-location / no single address ('Multiple Twin Cities locations') — coordinates intentionally blank.,,,
2026-08-05,info,events,STEP4.9_geocode,unresolved_coordinates,Music Together - Twin Cities,Multi-location / no single address ('Multiple Twin Cities locations') — coordinates intentionally blank.,,,
2026-08-05,info,events,STEP4.9_geocode,unresolved_coordinates,Ladybug Music Classes,Multi-location / no single address ('Minnesota locations') — coordinates intentionally blank.,,,
2026-08-05,info,events,STEP4.9_geocode,unresolved_coordinates,Hennepin County Library - Craft and Create,Multi-location / no single address ('Multiple Hennepool County Library locations') — coordinates intentionally blank.,,,
2026-08-05,info,meal_deals,STEP4.9_geocode,unresolved_coordinates,Hy-Vee $4 Meals & Kids Eat FREE,"Multi-location / no single address ('Multiple Twin Cities locations, MN') — coordinates intentionally blank.",,,
2026-08-05,info,meal_deals,STEP4.9_geocode,unresolved_coordinates,Pizza Luce - Kids Eat Free (9 MN locations),Multi-location / no single address ('Twin Cities metro & Duluth - 9 locations (see description)') — coordinates intentionally blank.,,,
2026-08-05,info,meal_deals,STEP4.9_geocode,unresolved_coordinates,Denny's Thursday Kids Eat Free,Multi-location / no single address ('Multiple Twin Cities locations') — coordinates intentionally blank.,,,
2026-08-05,info,meal_deals,STEP4.9_geocode,unresolved_coordinates,Perkins Tuesday Kids Eat Free,Multi-location / no single address ('Multiple Twin Cities locations') — coordinates intentionally blank.,,,
2026-08-05,info,meal_deals,STEP4.9_geocode,unresolved_coordinates,Rubio's Rewards Thursday Kids Free Meal,Multi-location / no single address ('Multiple Twin Cities locations') — coordinates intentionally blank.,,,
2026-08-05,info,meal_deals,STEP4.9_geocode,unresolved_coordinates,Broadway Pizza - Kids Eat Free Monday,"Multi-location / no single address ('Multiple Twin Cities locations (Blaine, Coon Rapids, Plymout') — coordinates intentionally blank.",,,
2026-08-05,info,meal_deals,STEP4.9_geocode,unresolved_coordinates,Hy-Vee,"Multi-location / no single address ('Multiple Twin Cities locations, MN') — coordinates intentionally blank.",,,
2026-08-05,info,meal_deals,STEP4.9_geocode,unresolved_coordinates,Willy McCoy's,Multi-location / no single address ('Multiple locations') — coordinates intentionally blank.,,,
2026-08-05,info,meal_deals,STEP4.9_geocode,unresolved_coordinates,Smashburger Kids Eat Free Wednesdays,"Multi-location / no single address ('Multiple Twin Cities locations, MN') — coordinates intentionally blank.",,,
2026-08-05,info,meal_deals,STEP4.9_geocode,unresolved_coordinates,Ze's Diner Kids Eat Free Wednesdays,"Multi-location / no single address ('Multiple Twin Cities locations, MN') — coordinates intentionally blank.",,,
2026-08-05,info,meal_deals,STEP4.9_geocode,unresolved_coordinates,Rudy's Red Eye Grill Kids Eat Free,"Multi-location / no single address ('Multiple Twin Cities locations, MN') — coordinates intentionally blank.",,,
2026-08-05,info,volunteer_opportunities,STEP4.9_geocode,unresolved_coordinates,Friends of the Mississippi River - Storm Drain Stenciling,"Multi-location / no single address ('Throughout St. Paul, MN') — coordinates intentionally blank.",,,
2026-08-05,info,volunteer_opportunities,STEP4.9_geocode,unresolved_coordinates,Animal Ark Minnesota - Rescue Group Volunteer,Multi-location / no single address ('Minnesota locations') — coordinates intentionally blank.,,,
2026-08-05,info,volunteer_opportunities,STEP4.9_geocode,unresolved_coordinates,The Bond Between - Puppy Party Volunteer,Multi-location / no single address ('Twin Cities area') — coordinates intentionally blank.,,,
2026-08-05,info,volunteer_opportunities,STEP4.9_geocode,unresolved_coordinates,Doing Good Together - Twin Cities Family Volunteering,Multi-location / no single address ('Twin Cities area') — coordinates intentionally blank.,,,
2026-08-05,info,volunteer_opportunities,STEP4.9_geocode,unresolved_coordinates,Great River Greening - Hands-on Environmental Restoration,"Multi-location / no single address ('various locations, Twin Cities metro area') — coordinates intentionally blank.",,,
2026-08-05,info,restaurants,STEP4.9_geocode,unresolved_coordinates,Pizza Ranch,"Multi-location / no single address ('Multiple locations, MN') — coordinates intentionally blank.",,,
2026-08-05,info,restaurants,STEP4.9_geocode,unresolved_coordinates,Hy-Vee $4 Meals & Kids Eat FREE,"Multi-location / no single address ('Multiple Twin Cities locations, MN') — coordinates intentionally blank.",,,
2026-08-05,info,restaurants,STEP4.9_geocode,unresolved_coordinates,Pizza Luce - Kids Eat Free (9 MN locations),Multi-location / no single address ('Twin Cities metro & Duluth - 9 locations (see description)') — coordinates intentionally blank.,,,
2026-08-05,info,pipeline,STEP4_fixer,fixer_summary,,"open rows examined: 54 (website 13, image 41); resolved 4 (website 1, image 3 [og_image 3, facebook 0, stock_openverse_specific 0]); left open 50 (website 12, image 38). Openverse: all candidates rejected (no exact name-match / generic/off-topic). Diagnostics: run_summary present for 2026-08-05; base schema+rowcount validated OK; no log_base_rejected.",,,
2026-08-06,info,pipeline,STEP4.4,feed_checkpoint,,Early safety feed published to GitHub before enrichment; counts events=364 parks=793 meal_deals=75 volunteer=63 restaurants=144.,,,
2026-08-06,info,events,STEP4.3,duplicate_flagged,City on the Hill Music Fest,Collapsed duplicate 'City on the Hill Music Fest' into 'City on the Hill Music Festival'.,,,
2026-08-06,info,events,STEP4.3,duplicate_flagged,Days of Yesteryear,Collapsed duplicate 'Days of Yesteryear' into 'Days of Yesteryear Celebration - History Center'.,,,
2026-08-06,info,events,STEP4.3,duplicate_flagged,Uptown Art Fair,Collapsed duplicate 'Uptown Art Fair' into 'Uptown Art Fair (Art on the Isles)'.,,,
2026-08-06,info,events,STEP4.3,duplicate_flagged,Hickory Street RibFest,Collapsed duplicate 'Hickory Street RibFest' into 'Hickory Street RibFest - Mankato'.,,,
2026-08-06,info,events,STEP4.3,duplicate_flagged,Saint Paul Family Fishing at Lake Phalen,Collapsed duplicate 'Saint Paul Family Fishing at Lake Phalen' into 'St. Paul Family Fishing at Lake Phalen'.,,,
2026-08-06,info,events,STEP4.3,duplicate_flagged,Rochester Thursdays Downtown Street Festival - August 6,Collapsed duplicate 'Rochester Thursdays Downtown Street Festival - August 6' into 'Thursdays Downtown Street Festival'.,,,
2026-08-06,info,events,STEP4.3,duplicate_flagged,Chester Bowl Fall Fest - Duluth,Collapsed duplicate 'Chester Bowl Fall Fest - Duluth' into 'Chester Bowl Fall Fest'.,,,
2026-08-06,info,events,STEP4.3,duplicate_flagged,Mill City Farmers Market - August 8,Collapsed duplicate 'Mill City Farmers Market - August 8' into 'Mill City Farmers Market'.,,,
2026-08-06,info,events,STEP4.3,duplicate_flagged,Movies in the Park - Wicked,Collapsed duplicate 'Movies in the Park - Wicked' into 'Movies in the Park - Wicked: For Good'.,,,
2026-08-06,info,events,STEP4.3,duplicate_flagged,Minnesota Family Festival (St. Cloud),Collapsed duplicate 'Minnesota Family Festival (St. Cloud)' into 'Minnesota Family Festival'.,,,
2026-08-06,info,events,STEP4.3,duplicate_flagged,Days of Yesteryear Celebration,Collapsed duplicate 'Days of Yesteryear Celebration' into 'Days of Yesteryear Celebration - History Center'.,,,
2026-08-06,info,events,STEP4.3,duplicate_flagged,Minnesota United vs Atlanta United - 10th Season Celebration,Collapsed duplicate 'Minnesota United vs Atlanta United - 10th Season Celebration' into 'Minnesota United vs Atlanta United'.,,,
2026-08-06,info,events,STEP4.3,duplicate_flagged,Minnesota Fringe Festival,Collapsed duplicate 'Minnesota Fringe Festival' into 'Minnesota Fringe Festival'.,,,
2026-08-06,info,events,STEP4.3,duplicate_flagged,Minnesota State Fair,Collapsed duplicate 'Minnesota State Fair' into 'Minnesota State Fair'.,,,
2026-08-06,info,events,STEP4.3,duplicate_flagged,Anoka Food Truck Festival,Collapsed duplicate 'Anoka Food Truck Festival' into 'Anoka Food Truck Festival'.,,,
2026-08-06,info,events,STEP4.3,duplicate_flagged,Wayzata James J. Hill Days,Collapsed duplicate 'Wayzata James J. Hill Days' into 'James J. Hill Days'.,,,
2026-08-06,info,events,STEP4.3,duplicate_flagged,Minnesota United vs. Tigres UANL,Collapsed duplicate 'Minnesota United vs. Tigres UANL' into 'Minnesota United vs Tigres UANL'.,,,
2026-08-06,info,events,STEP4.3,duplicate_flagged,"Duluth Kids, Cops, and Cars","Collapsed duplicate 'Duluth Kids, Cops, and Cars' into 'Kids, Cops, and Cars'.",,,
2026-08-06,info,events,STEP4.3,duplicate_flagged,Duluth Movies in the Park - How to Train Your Dragon,Collapsed duplicate 'Duluth Movies in the Park - How to Train Your Dragon' into 'Movies in the Park - How to Train Your Dragon'.,,,
2026-08-06,info,events,STEP4.3,duplicate_flagged,Med City Art Festival,Collapsed duplicate 'Med City Art Festival' into 'Med City Art Festival'.,,,
2026-08-06,info,events,STEP4.3,duplicate_flagged,La Crescent Applefest,Collapsed duplicate 'La Crescent Applefest' into 'La Crescent Applefest'.,,,
2026-08-06,warning,events,STEP4.6,unresolved_website,Wayzata Car Show,No website found after backfill attempt.,2026-08-06,msp-family-guide-error-fixer,website: https://wayzata.com/wayzata-car-show/ — verified event name+city on official City of Wayzata page
2026-08-06,warning,events,STEP4.6,unresolved_website,St. Paul Park Heritage Days,No website found after backfill attempt.,2026-08-06,msp-family-guide-error-fixer,website: https://stpaulpark.org/community/explore_st_paul_park/heritage_days_festival.php — verified event name+city on official City of St. Paul Park page
2026-08-06,warning,events,STEP4.6,unresolved_website,Blue Heron Days (Lino Lakes),No website found after backfill attempt.,2026-08-06,msp-family-guide-error-fixer,website: https://www.linolakes.gov/407/Blue-Heron-Days — verified event name+city on official City of Lino Lakes page
2026-08-06,warning,events,STEP4.6,unresolved_website,Bloomington Street Arts Festival,No website found after backfill attempt.,2026-08-06,msp-family-guide-error-fixer,website: https://www.bloomingtonstreetartsfestival.com/ — verified on the festival's own dedicated site
2026-08-06,warning,events,STEP4.6,unresolved_website,Chroma Zone Mural & Art Festival,No website found after backfill attempt.,2026-08-06,msp-family-guide-error-fixer,website: https://www.chromazone.net/ — verified on the festival's own official site (St. Paul Creative Enterprise Zone)
2026-08-06,warning,events,STEP4.6,unresolved_website,Movies on the Island - Jumanji,No website found after backfill attempt.,2026-08-06,msp-family-guide-error-fixer,website: https://www.dcdrugprevention.com/movies-on-the-island/ — verified event series page (Barkers Island Festival Park); Jumanji screening listed
2026-08-06,warning,events,STEP4.6,unresolved_website,Movies on the Island - Mufasa,No website found after backfill attempt.,2026-08-06,msp-family-guide-error-fixer,website: https://www.dcdrugprevention.com/movies-on-the-island/ — verified event series page (Barkers Island Festival Park); Mufasa screening listed
2026-08-06,warning,events,STEP4.6,unresolved_website,St. Cloud Pride - Pride in the Park,No website found after backfill attempt.,2026-08-06,msp-family-guide-error-fixer,website: https://stcpride.org/stcloud-pride-week/ — verified on official St. Cloud Pride site (Lake George Park)
2026-08-06,warning,events,STEP4.6,unresolved_website,St. Paul Movies in the Parks - Encanto,No website found after backfill attempt.,2026-08-06,msp-family-guide-error-fixer,website: https://www.stpaul.gov/departments/parks-and-recreation/activities-events/summer-activities-events/movies-parks — verified Encanto screening on official St. Paul Parks & Rec page
2026-08-06,warning,events,STEP4.6,unresolved_website,St. Louis Park Outdoor Movie - A Minecraft Movie,No website found after backfill attempt.,,,
2026-08-06,warning,events,STEP4.6,unresolved_website,Plymouth Kids Fest,No website found after backfill attempt.,2026-08-06,msp-family-guide-error-fixer,website: https://www.plymouthmn.gov/departments/parks-recreation-/events — verified event named on official City of Plymouth Parks & Rec page (Hilde Performance Center)
2026-08-06,warning,events,STEP4.6,unresolved_website,Anoka Happy Days Festival,No website found after backfill attempt.,2026-08-14,msp-family-guide-error-fixer,"website: https://www.cityoframseymn.gov/recreation-culture/events/happy-days-festival/ - verified: item is the Ramsey Happy Days Festival (venue 7550 Sunwood Dr NW, Anoka MN 55303 ZIP); official City of Ramsey event page, Sept 12 2026"
2026-08-06,warning,events,STEP4.6,unresolved_website,North St. Paul Friday Night History Cruzer Car Show,No website found after backfill attempt.,2026-08-06,msp-family-guide-error-fixer,website: https://www.northstpaul.org/741/History-Cruze-Car-Show — verified on official City of North St. Paul page (downtown 7th Ave)
2026-08-06,warning,events,STEP4.6,unresolved_website,Cars and Caves - German Cars,No website found after backfill attempt.,2026-08-06,msp-family-guide-error-fixer,website: https://chanhassenautoplex.com/cars-and-caves/ — verified on official Chanhassen AutoPlex Cars and Caves page (German-car themed show)
2026-08-06,warning,events,STEP4.6,unresolved_website,Maple Grove Sounds of Summer Movie - Ratatouille,No website found after backfill attempt.,2026-08-06,msp-family-guide-error-fixer,website: https://www.maplegrovemn.gov/672/Town-Green — verified Sounds of Summer series on official Maple Grove Town Green page
2026-08-06,info,pipeline,STEP4.8,curated_stale,,Curated image layer applied from curated_images.csv (168 rows); no new stale URLs detected this run beyond existing OPEN curated_bad_url entries.,,,
2026-08-06,info,pipeline,STEP7,run_summary,,"Daily refresh 2026-08-06 window 2026-08-06..2026-09-30. counts events=364 parks=793 meal_deals=75 volunteer=63 restaurants=144. dedup_merges=23. images: all filled (0 blank); src={'curated_category': 1297, 'curated': 137, 'og_image': 5}. geocode blanks remaining=0. new unresolved_website=15. Feed + 5 CSVs + error_log published to avlhohn/msp-family-feed@main.",,,
2026-08-06,info,pipeline,STEP4_fixer,fixer_summary,fixer_summary,"open rows examined: web=27 img=38 (unique web=23 img=38); resolved this run: 13 website (og_image 0 / facebook 0 / stock_openverse_specific 0 image); left open: web=14 img=38; diagnostics: run_summary_today=present, log_base_ok(664 rows,10-col), Openverse returned no place-specific matches for any image item (city-flag/wrong-place/off-topic only) — all image rows remain open per strict bar",,,
2026-08-07,info,all,STEP8_summary,run_summary,msp-family-guide-daily 2026-08-07,"Daily refresh window 2026-08-07 to 2026-09-30 (Friday). Counts: events=359, parks=793, meal_deals=75, volunteer=63, restaurants=144. Added 24 curated in-window events -> 9 dupes collapsed (events-only dedup). Geocoded 15 blank-coord items (9 primary + 6 city-centroid fallback). Image enrichment filled all 15 blank images (127 curated overrides, 15 curated_category, 5 openverse_named). Published feed+5 CSVs to avlhohn/msp-family-feed main. image_source: {'curated_category': 1292, 'curated': 137, 'og_image': 5}.",,,
2026-08-07,info,events,STEP4.9_geocode,unresolved_coords,Minnesota Twins Youth Baseball Clinics,No point coordinates; address='Multiple locations across Minnesota' is multi-location/route/ambiguous. Carry forward.,,,
2026-08-07,info,events,STEP4.9_geocode,unresolved_coords,Washington County Library Storytime,No point coordinates; address='Various Washington County Library locations' is multi-location/route/ambiguous. Carry forward.,,,
2026-08-07,info,events,STEP4.9_geocode,unresolved_coords,Kindermusik - Twin Cities,No point coordinates; address='Multiple Twin Cities locations' is multi-location/route/ambiguous. Carry forward.,,,
2026-08-07,info,events,STEP4.9_geocode,unresolved_coords,Music Together - Twin Cities,No point coordinates; address='Multiple Twin Cities locations' is multi-location/route/ambiguous. Carry forward.,,,
2026-08-07,info,events,STEP4.9_geocode,unresolved_coords,Ladybug Music Classes,No point coordinates; address='Minnesota locations' is multi-location/route/ambiguous. Carry forward.,,,
2026-08-07,info,events,STEP4.9_geocode,unresolved_coords,NorthShore Inline Marathon,"No point coordinates; address='Two Harbors to Duluth, MN' is multi-location/route/ambiguous. Carry forward.",,,
2026-08-07,info,meal_deals,STEP4.9_geocode,unresolved_coords,Hy-Vee $4 Meals & Kids Eat FREE,"No point coordinates; address='Multiple Twin Cities locations, MN' is multi-location/route/ambiguous. Carry forward.",,,
2026-08-07,info,meal_deals,STEP4.9_geocode,unresolved_coords,Pizza Luce - Kids Eat Free (9 MN locations),No point coordinates; address='Twin Cities metro & Duluth - 9 locations (see description)' is multi-location/route/ambiguous. Carry forward.,,,
2026-08-07,info,meal_deals,STEP4.9_geocode,unresolved_coords,Denny's Thursday Kids Eat Free,No point coordinates; address='Multiple Twin Cities locations' is multi-location/route/ambiguous. Carry forward.,,,
2026-08-07,info,meal_deals,STEP4.9_geocode,unresolved_coords,Perkins Tuesday Kids Eat Free,No point coordinates; address='Multiple Twin Cities locations' is multi-location/route/ambiguous. Carry forward.,,,
2026-08-07,info,meal_deals,STEP4.9_geocode,unresolved_coords,Rubio's Rewards Thursday Kids Free Meal,No point coordinates; address='Multiple Twin Cities locations' is multi-location/route/ambiguous. Carry forward.,,,
2026-08-07,info,meal_deals,STEP4.9_geocode,unresolved_coords,Broadway Pizza - Kids Eat Free Monday,"No point coordinates; address='Multiple Twin Cities locations (Blaine, Coon Rapids, Plymout' is multi-location/route/ambiguous. Carry forward.",,,
2026-08-07,info,meal_deals,STEP4.9_geocode,unresolved_coords,Hy-Vee,"No point coordinates; address='Multiple Twin Cities locations, MN' is multi-location/route/ambiguous. Carry forward.",,,
2026-08-07,info,meal_deals,STEP4.9_geocode,unresolved_coords,Smashburger Kids Eat Free Wednesdays,"No point coordinates; address='Multiple Twin Cities locations, MN' is multi-location/route/ambiguous. Carry forward.",,,
2026-08-07,info,meal_deals,STEP4.9_geocode,unresolved_coords,Ze's Diner Kids Eat Free Wednesdays,"No point coordinates; address='Multiple Twin Cities locations, MN' is multi-location/route/ambiguous. Carry forward.",,,
2026-08-07,info,meal_deals,STEP4.9_geocode,unresolved_coords,Rudy's Red Eye Grill Kids Eat Free,"No point coordinates; address='Multiple Twin Cities locations, MN' is multi-location/route/ambiguous. Carry forward.",,,
2026-08-07,info,volunteer_opportunities,STEP4.9_geocode,unresolved_coords,Friends of the Mississippi River - Storm Drain Stenciling,"No point coordinates; address='Throughout St. Paul, MN' is multi-location/route/ambiguous. Carry forward.",,,
2026-08-07,info,volunteer_opportunities,STEP4.9_geocode,unresolved_coords,Animal Ark Minnesota - Rescue Group Volunteer,No point coordinates; address='Minnesota locations' is multi-location/route/ambiguous. Carry forward.,,,
2026-08-07,info,volunteer_opportunities,STEP4.9_geocode,unresolved_coords,The Bond Between - Puppy Party Volunteer,No point coordinates; address='Twin Cities area' is multi-location/route/ambiguous. Carry forward.,,,
2026-08-07,info,volunteer_opportunities,STEP4.9_geocode,unresolved_coords,Doing Good Together - Twin Cities Family Volunteering,No point coordinates; address='Twin Cities area' is multi-location/route/ambiguous. Carry forward.,,,
2026-08-07,info,volunteer_opportunities,STEP4.9_geocode,unresolved_coords,Great River Greening - Hands-on Environmental Restoration,"No point coordinates; address='various locations, Twin Cities metro area' is multi-location/route/ambiguous. Carry forward.",,,
2026-08-07,info,restaurants,STEP4.9_geocode,unresolved_coords,Pizza Ranch,"No point coordinates; address='Multiple locations, MN' is multi-location/route/ambiguous. Carry forward.",,,
2026-08-07,info,restaurants,STEP4.9_geocode,unresolved_coords,Hy-Vee $4 Meals & Kids Eat FREE,"No point coordinates; address='Multiple Twin Cities locations, MN' is multi-location/route/ambiguous. Carry forward.",,,
2026-08-07,info,restaurants,STEP4.9_geocode,unresolved_coords,Pizza Luce - Kids Eat Free (9 MN locations),No point coordinates; address='Twin Cities metro & Duluth - 9 locations (see description)' is multi-location/route/ambiguous. Carry forward.,,,
2026-08-07,info,pipeline,STEP4_fixer,fixer_summary,error-fixer run 2026-08-07,"open examined: 48 unique (10 website, 38 image); resolved 8 (website 2, image 6: og_image 1, facebook 0, stock_openverse_specific 5); left open 40 (website 8, image 32); base header valid, run_summary for 2026-08-07 present",,,
2026-08-08,info,pipeline,STEP4.4,feed_checkpoint,,Early safety feed published to GitHub before enrichment; counts events=396 parks=791 meal_deals=79 volunteer=60 restaurants=144.,,,
2026-08-08,info,parks,STEP4.3,duplicate_flagged,Eagan Community Center Splash Pad,Collapsed duplicate 'Eagan Community Center Splash Pad' into 'Eagan Central Park & Splash Pad'.,,,
2026-08-08,info,parks,STEP4.3,duplicate_flagged,The Meadows Park,Collapsed duplicate 'The Meadows Park' into 'Meadows Park'.,,,
2026-08-08,info,meal_deals,STEP4.3,duplicate_flagged,Pizza Ranch - Kids Eat Free Tuesday,Collapsed duplicate 'Pizza Ranch - Kids Eat Free Tuesday' into 'Pizza Ranch - Kids Eat Free Tuesday'.,,,
2026-08-08,info,meal_deals,STEP4.3,duplicate_flagged,Pizza Ranch,Collapsed duplicate 'Pizza Ranch' into 'Pizza Ranch - Kids Eat Free Tuesday'.,,,
2026-08-08,info,meal_deals,STEP4.3,duplicate_flagged,Patrick's Bakery & Cafe,Collapsed duplicate 'Patrick's Bakery & Cafe' into 'Patrick's Bakery & Café'.,,,
2026-08-08,info,meal_deals,STEP4.3,duplicate_flagged,Cantina Laredo,Collapsed duplicate 'Cantina Laredo' into 'Cantina Laredo - Kids Eat Free Wednesday'.,,,
2026-08-08,info,meal_deals,STEP4.3,duplicate_flagged,Broadway Pizza - Kids Eat Free Monday,Collapsed duplicate 'Broadway Pizza - Kids Eat Free Monday' into 'Broadway Pizza - Kids Eat Free Monday'.,,,
2026-08-08,info,meal_deals,STEP4.3,duplicate_flagged,Sunshine Factory,Collapsed duplicate 'Sunshine Factory' into 'Sunshine Factory Bar & Grill'.,,,
2026-08-08,info,volunteer_opportunities,STEP4.3,duplicate_flagged,Second Harvest Heartland - Food Sorting & Packing,Collapsed duplicate 'Second Harvest Heartland - Food Sorting & Packing' into 'Second Harvest Heartland Family Volunteer Day'.,,,
2026-08-08,info,volunteer_opportunities,STEP4.3,duplicate_flagged,Feed My Starving Children - Coon Rapids Packing,Collapsed duplicate 'Feed My Starving Children - Coon Rapids Packing' into 'Feed My Starving Children - Coon Rapids Meal Packing'.,,,
2026-08-08,info,volunteer_opportunities,STEP4.3,duplicate_flagged,Feed My Starving Children - Chanhassen Packing,Collapsed duplicate 'Feed My Starving Children - Chanhassen Packing' into 'Feed My Starving Children Meal Packing - Chanhassen'.,,,
2026-08-08,warning,events,STEP4.6,unresolved_website,International Falls County Fair,No website found after backfill attempt.,2026-08-10,msp-family-guide-error-fixer,website: https://www.koochichingcountyfair.org/ — official Koochiching County Fair (county seat International Falls); verified as the county fair serving the International Falls area
2026-08-08,warning,events,STEP4.6,unresolved_website,Wayzata Car Show,No website found after backfill attempt.,2026-08-08,msp-family-guide-error-fixer,"website: https://wayzata.com/wayzata-car-show/ — official Wayzata.com page, event+city match"
2026-08-08,warning,events,STEP4.6,unresolved_website,St. Paul Park Heritage Days,No website found after backfill attempt.,2026-08-08,msp-family-guide-error-fixer,website: https://stpaulpark.org/community/explore_st_paul_park/heritage_days_festival.php — City of St. Paul Park official event page
2026-08-08,warning,events,STEP4.6,unresolved_website,Blue Heron Days (Lino Lakes),No website found after backfill attempt.,2026-08-08,msp-family-guide-error-fixer,website: https://www.linolakes.gov/407/Blue-Heron-Days — City of Lino Lakes official event page
2026-08-08,warning,events,STEP4.6,unresolved_website,Bloomington Street Arts Festival,No website found after backfill attempt.,2026-08-08,msp-family-guide-error-fixer,"website: https://www.bloomingtonstreetartsfestival.com/ — dedicated official festival site, Bloomington MN"
2026-08-08,warning,events,STEP4.6,unresolved_website,Chroma Zone Mural & Art Festival,No website found after backfill attempt.,2026-08-08,msp-family-guide-error-fixer,"website: https://www.chromazone.net/ — official festival site, Saint Paul MN"
2026-08-08,warning,events,STEP4.6,unresolved_website,Movies on the Island - Jumanji,No website found after backfill attempt.,2026-08-16,msp-family-guide-error-fixer,website: https://www.dcdrugprevention.com/movies-on-the-island/ - organizer (Douglas County Drug Prevention Coalition) event-series page names the Jumanji screening at Barkers Island Festival Park; same URL this log already accepted for this item on 2026-08-06. NOTE venue is Superior WI - flagged for build-stage scope review.
2026-08-08,warning,events,STEP4.6,unresolved_website,Movies on the Island - Mufasa,No website found after backfill attempt.,2026-08-16,msp-family-guide-error-fixer,website: https://www.dcdrugprevention.com/movies-on-the-island/ - organizer event-series page names the Mufasa screening at Barkers Island Festival Park; same URL this log already accepted for this item on 2026-08-06. NOTE venue is Superior WI - flagged for build-stage scope review.
2026-08-08,warning,events,STEP4.6,unresolved_website,St. Cloud Pride - Pride in the Park,No website found after backfill attempt.,2026-08-08,msp-family-guide-error-fixer,website: https://stcpride.org/ — St. Cloud Pride official site (host of Pride in the Park)
2026-08-08,warning,events,STEP4.6,unresolved_website,St. Paul Movies in the Parks - Encanto,No website found after backfill attempt.,2026-08-08,msp-family-guide-error-fixer,website: https://www.stpaul.gov/departments/parks-and-recreation/activities-events/summer-activities-events/movies-parks — official St. Paul Parks & Rec program page
2026-08-08,warning,events,STEP4.6,unresolved_website,Plymouth Kids Fest,No website found after backfill attempt.,2026-08-10,msp-family-guide-error-fixer,"website: https://www.plymouthmn.gov/Home/Components/News/News/4141/ — official City of Plymouth page names Kids Fest (Aug 20 2026, Hilde Performance Center); verified name+city match"
2026-08-08,warning,events,STEP4.6,unresolved_website,Cars and Caves - German Cars,No website found after backfill attempt.,2026-08-08,msp-family-guide-error-fixer,website: https://chanhassenautoplex.com/cars-and-caves/ — Chanhassen AutoPlex official Cars and Caves page
2026-08-08,warning,events,STEP4.6,unresolved_website,Maple Grove Sounds of Summer Movie - Ratatouille,No website found after backfill attempt.,2026-08-08,msp-family-guide-error-fixer,website: https://maplegrovemn.gov/672/Town-Green — official Maple Grove Town Green (Sounds of Summer series) page
2026-08-08,warning,events,STEP4.6,unresolved_website,Heritage Day - Upsala,No website found after backfill attempt.,2026-08-13,msp-family-guide-error-fixer,website: https://www.cityofupsala.com/copy-of-calendar-of-events - official City of Upsala site names Heritage Day event
2026-08-08,warning,events,STEP4.6,unresolved_website,Raymond Harvest Festival,No website found after backfill attempt.,2026-08-08,msp-family-guide-error-fixer,website: https://raymond-minnesota.com/raymond-harvest-festival — Raymond MN community official event page
2026-08-08,warning,events,STEP4.6,unresolved_website,Family Night on the Farm,No website found after backfill attempt.,2026-08-10,msp-family-guide-error-fixer,"website: https://visitwinona.com/events/family-night-on-the-farm-barkheim-farms/ — official Visit Winona event page, Barkheim Farms, Lewiston MN; verified name+venue match"
2026-08-08,warning,events,STEP4.6,unresolved_website,La Crescent Apple Fest,No website found after backfill attempt.,2026-08-08,msp-family-guide-error-fixer,website: https://applefestusa.com/ — official La Crescent Applefest site
2026-08-08,warning,events,STEP4.9,unresolved_geocode,NorthShore Inline Marathon,"Address not geocodable within MN bbox (multi-location/generic): Two Harbors to Duluth, MN",,,
2026-08-08,warning,events,STEP4.9,unresolved_geocode,Ki-Chi-Saga Days - Chisago City,"Address not geocodable within MN bbox (multi-location/generic): Chisago City, MN (Paradise Park, downtown area)",,,
2026-08-08,warning,events,STEP4.9,unresolved_geocode,Historic Hastings Car Show,"Address not geocodable within MN bbox (multi-location/generic): Downtown Hastings, MN",,,
2026-08-08,warning,events,STEP4.9,unresolved_geocode,Anoka Classic Car Shows,"Address not geocodable within MN bbox (multi-location/generic): Downtown Anoka, MN",,,
2026-08-08,warning,events,STEP4.9,unresolved_geocode,St. Paul/Bloomington Community Education Fall Classes,"Address not geocodable within MN bbox (multi-location/generic): St. Paul/Bloomington, MN",,,
2026-08-08,warning,meal_deals,STEP4.9,unresolved_geocode,Culver's,Address not geocodable within MN bbox (multi-location/generic): Multiple Twin Cities locations,,,
2026-08-08,info,pipeline,STEP4.8,curated_stale,,"Curated image layer applied from curated_images.csv; openverse_named=1, curated_category=87, curated_override=139. No new stale URLs beyond existing OPEN entries.",,,
2026-08-08,info,pipeline,STEP7,run_summary,,"Daily refresh 2026-08-08 window 2026-08-08..2026-09-30. counts events=396 parks=791 meal_deals=79 volunteer=60 restaurants=144. dedup_merges=12. images: all filled (0 blank); src={'curated_category': 1316, 'curated': 149, 'og_image': 5}. new unresolved_geocode=6. new unresolved_website=17. Feed + 5 CSVs + error_log published to avlhohn/msp-family-feed@main.",,,
2026-08-08,info,pipeline,STEP4_fixer,fixer_summary,error-fixer,"Open queue examined at start: 27 unresolved_website rows (25 unique) + 32 unresolved_image rows (32 unique) = 59 rows. Resolved this run: 11 rows / 11 items, ALL website (image: og_image 0 / facebook 0 / stock_openverse_specific 0). Website resolutions verified as dedicated official event/venue/org pages with city match. Left open after run: 16 website rows + 32 image rows. Image items unresolved: no accessible og:image (WebFetch strips head), no verified facebook photo, no place-specific Openverse match (candidates were wrong same-named places e.g. Kelley Park San Jose / Alexandria VA / Chippenham UK, or generic MN nature shots with no name-match in title/tags). Website items left open: ambiguous/generic titles, out-of-state (Movies on the Island=Superior WI), name mismatch (International Falls -> Koochiching County Fair), or only a generic events-index/homepage URL available. Note: concurrent daily build re-published error_log.csv to GitHub mid-run (race); this fixer commit is layered on that current build base (728 data rows).",,,
2026-08-09,info,pipeline,STEP1_fixer_load,no_run_summary_today,-,"No run_summary row dated 2026-08-09 in loaded base (GitHub canonical error_log.csv, 729 rows, latest 2026-08-08); today's daily build/publish not yet reflected. Proceeded on carried-forward open queue.",,,
2026-08-09,info,pipeline,STEP4_fixer,fixer_summary,-,"Open queue examined: 16 unresolved_website + 32 unresolved_image = 48 (14 unique website items, 32 unique image items). Resolved this run: 0 (website=0, image=0 [og_image=0, facebook=0, stock_openverse_specific=0]). Left open: 16 website + 32 image = 48. Strict-bar rejections: website candidates were generic city dept/library landing pages (Mighty Machines, Plymouth Kids Fest) or title/city mismatches (Koochiching vs 'International Falls County Fair', Lakes Area Music Festival vs generic 'Summer Outdoor Festival'); image candidates unresolved because og:image is stripped by WebFetch (<head> removed) across all city/park sites, no genuine own-page facebook photos found, and Openverse name-matches were wrong-city collisions (Kelley Park=San Jose CA, Alexandria city park=Alexandria VA). Diagnostics: no_run_summary_today (build/publish for 2026-08-09 not in base).",,,
2026-08-09,info,pipeline,STEP4.4,feed_checkpoint,,"Early safety checkpoint: built feed on dedup base and published ONLY msp_family_guide.json (1210574 bytes) to avlhohn/msp-family-feed@main before enrichment, guaranteeing a fresh complete feed at the Base44 URL.",,,
2026-08-09,info,pipeline,STEP4.5,og_image_skipped,,"og:image backfill skipped by design: WebFetch converts HTML->markdown and strips <head> meta tags, so og:image/twitter:image cannot be read (validated recurring limitation); direct curl/requests page scraping is policy-blocked. Resolved imagery via Openverse-named + curated layers instead.",,,
2026-08-09,info,pipeline,STEP4.8,curated_applied,,"Image upgrade applied from curated_images.csv on 17 blank items: openverse_named=0, curated_category=17, curated_override=173. Result: 0 blank images; src={'curated_category': 1277, 'curated': 183, 'og_image': 5}.",,,
2026-08-09,info,pipeline,STEP4.9,geocode_summary,,"Geocoded 4 single-city events via Nominatim (Two Harbors, Chisago City/Paradise Park, Hastings, Anoka), all within MN bbox. All 17 fresh events this run had real addresses and geocoded on compile. Remaining ~23 blank-geo items are intentional multi-location/franchise/metro-wide records (no single valid point); left blank rather than fabricate a centroid.",,,
2026-08-09,info,pipeline,STEP4.2,sunday_deal,El Burrito Mercado,"Sunday-specific deal activated: Kids Eat Free (Wed & Sun after 2pm, up to 2 kids meals age<=10 per adult entree); has_deal set True, mirrored into meal_deals with coords 44.93036,-93.07885.",,,
2026-08-09,info,pipeline,STEP7,run_summary,,"Daily refresh 2026-08-09 (Sunday) window 2026-08-09..2026-09-30. counts events=391 parks=791 meal_deals=79 volunteer=60 restaurants=144. dedup_merges=2. images: all filled (0 blank); src={'curated_category': 1277, 'curated': 183, 'og_image': 5}. breakdowns: sports=56 paid=185 community=156 play_cafe_items=11. 17 fresh events added (State Fair, county fairs, Fire Muster, Art Block, car shows, harvest/apple festivals, Irish Fair, Movies in Parks, Explorasaurus). RUN_APIFY=False (FB scraper retired). Feed + 5 CSVs + error_log published to avlhohn/msp-family-feed@main.",,,
2026-08-09,info,pipeline,STEP4.8_curated_refresh,run_summary,supplemental_same_day_run,"Supplemental same-day curated-image refresh: applied user's updated curated_images.csv (240 rows); 39 items re-imaged via STEP 4.8; image_source curated 183->214, curated_category 1277->1246, og_image 5; feed msp_family_guide.json + events.csv rebuilt and republished; parks/deals/volunteer/restaurants already current (skipped); counts unchanged events 391 / parks 791 / meal_deals 79 / volunteer 60 / restaurants 144; date window 2026-08-09 to 2026-09-30.",,,
2026-08-09,info,pipeline,STEP8,run_summary,,"Duplicate same-day invocation at 12:54: verified today's outputs already built & live on GitHub (feed 1,212,626 bytes, 1465 records, 0 blank images, all 5 CSVs + error_log published, seeds present). Full daily refresh already completed ~12:36-12:40; did NOT redundantly re-run the compile/enrich pipeline.",,,
2026-08-09,info,pipeline,STEP8_summary,run_summary,,"18:30Z verification/refresh run: feed already current for 2026-08-09..2026-09-30 (events 391, parks 791, meal_deals 79, volunteer 60, restaurants 144). Re-fetched canonical curated_images.csv (239 rows, committed 16:38Z) + image_upgrades.py from GitHub; re-applied curated overrides (185, idempotent); rebuilt feed+5 CSVs byte-identical to live and reconfirmed all 6 GitHub files intact. 0 errors, 1 warning, 2 info this run.",,,
2026-08-09,warning,pipeline,STEP8_summary,play_cafe_low,,"play-cafe-tagged count=11 (just under ~12 tripwire). play-cafe OR play-area=25, establishment-tagged=49, all seed play cafes present -> category healthy; flag is borderline, no missing seeds.",,,
2026-08-09,info,pipeline,STEP6_github_publish,feed_checkpoint,,"Idempotent republish: PUT returned HTTP 200 with full sizes for feed + 5 CSVs but blob sha unchanged (rebuilt bytes matched live exactly). Verified live raw == local for all 6 files; feed complete & current, no stale-feed risk.",,,
2026-08-10,info,pipeline,STEP8,run_summary,,"Run complete (feed+5 CSVs published to GitHub 2026-08-10). Counts: events 375 (sports 48, paid/class/camp 44, community 131), parks 791, meal_deals 78, volunteer 60, restaurants 144. Images: {'curated_category': 1240, 'curated': 203, 'og_image': 5}. RUN_APIFY=False. Window 2026-08-10 to 2026-09-30. STEP 7 rows appended retroactively: prior invocation published outputs but omitted today's diagnostics.",,,
2026-08-10,warning,pipeline,STEP8,play_cafe_low,,play-cafe-tagged items = 11 (just below ~12 tripwire); 93 items carry play-cafe|play-area overall. Seeds present.,,,
2026-08-10,warning,pipeline,STEP7,log_publish_failed,,Prior invocation on 2026-08-10 published feed/CSVs but did not append any run_date=2026-08-10 rows to error_log.csv; this run backfilled the STEP 7 diagnostics.,,,
2026-08-10,info,pipeline,STEP1_fixer_load,no_run_summary_today,run_summary,No build run_summary row dated 2026-08-10 present at fixer load (latest build run_date was 2026-08-09); proceeded on carried-forward open queue.,,,
2026-08-10,info,pipeline,STEP4_fixer,fixer_summary,fixer_summary,"Fixer run 2026-08-10: examined open queue of 16 website + 32 image rows (14 unique website, 32 unique image items). Resolved 3 website items (3 rows): Plymouth Kids Fest, Family Night on the Farm, International Falls County Fair. Resolved 0 image items (og:image extraction non-functional via WebFetch head-stripping; Openverse returned 0 place-specific MN matches — Alexandria/Lake George gave off-topic photos, Cottage Grove Ravine photos lacked a name match in title/tags and were NC-licensed). Left open: 13 website + 32 image rows rolling to next run. Diagnostic: no_run_summary_today.",,,
2026-08-11,info,pipeline,STEP8,run_summary,run_summary,"Daily refresh 2026-08-11: window 2026-08-11 to 2026-09-30. Carry-forward+refresh from 2026-08-10 base. Dropped 8 past-dated events; added 2 Dodge Nature Center 'Neurodiverse by Nature' events; applied El Burrito Mercado Tuesday day-gating (deal off, kids-eat-free tag removed, meal_deals row deleted). Final counts: events 369, parks 791, meal_deals 78, volunteer_opportunities 60, restaurants 144. RUN_APIFY=False (Facebook scraper retired). Published feed JSON + 5 CSVs to avlhohn/msp-family-feed main; all verified live (generated_date 2026-08-11).",,,
2026-08-11,info,ingest,STEP2_ical,ical_feed_pull,Washington County Parks,iCal pull returned 0 events in window 2026-08-11..2026-09-30.,,,
2026-08-11,info,ingest,STEP2_ical,ical_feed_pull,Dakota County Parks,iCal pull returned 0 events in window 2026-08-11..2026-09-30.,,,
2026-08-11,info,ingest,STEP2_ical,ical_feed_pull,Anoka County Parks,iCal pull returned 0 events in window 2026-08-11..2026-09-30.,,,
2026-08-11,info,ingest,STEP2_ical,ical_feed_pull,Dodge Nature Center,iCal pull returned 2 events in window (Neurodiverse by Nature series); both folded into events after title+date dedupe.,,,
2026-08-11,info,enrich,STEP5_geocode,geocode_unresolved,Pizza Ranch (multiple MN locations),No single mappable address (multi-location chain or region/system-wide program); latitude/longitude left blank intentionally.,,,
2026-08-11,info,enrich,STEP5_geocode,geocode_unresolved,Hy-Vee (multiple MN locations),No single mappable address (multi-location chain or region/system-wide program); latitude/longitude left blank intentionally.,,,
2026-08-11,info,enrich,STEP5_geocode,geocode_unresolved,Culver's (multiple MN locations),No single mappable address (multi-location chain or region/system-wide program); latitude/longitude left blank intentionally.,,,
2026-08-11,info,enrich,STEP5_geocode,geocode_unresolved,Perkins (multiple MN locations),No single mappable address (multi-location chain or region/system-wide program); latitude/longitude left blank intentionally.,,,
2026-08-11,info,enrich,STEP5_geocode,geocode_unresolved,Denny's (multiple MN locations),No single mappable address (multi-location chain or region/system-wide program); latitude/longitude left blank intentionally.,,,
2026-08-11,info,enrich,STEP5_geocode,geocode_unresolved,Pizza Luce (multiple MN locations),No single mappable address (multi-location chain or region/system-wide program); latitude/longitude left blank intentionally.,,,
2026-08-11,info,enrich,STEP5_geocode,geocode_unresolved,Old Chicago (multiple MN locations),No single mappable address (multi-location chain or region/system-wide program); latitude/longitude left blank intentionally.,,,
2026-08-11,info,enrich,STEP5_geocode,geocode_unresolved,Noodles & Company (multiple MN locations),No single mappable address (multi-location chain or region/system-wide program); latitude/longitude left blank intentionally.,,,
2026-08-11,info,enrich,STEP5_geocode,geocode_unresolved,Applebee's (multiple MN locations),No single mappable address (multi-location chain or region/system-wide program); latitude/longitude left blank intentionally.,,,
2026-08-11,info,enrich,STEP5_geocode,geocode_unresolved,IHOP (multiple MN locations),No single mappable address (multi-location chain or region/system-wide program); latitude/longitude left blank intentionally.,,,
2026-08-11,info,enrich,STEP5_geocode,geocode_unresolved,Buffalo Wild Wings (multiple MN locations),No single mappable address (multi-location chain or region/system-wide program); latitude/longitude left blank intentionally.,,,
2026-08-11,info,enrich,STEP5_geocode,geocode_unresolved,Chipotle (multiple MN locations),No single mappable address (multi-location chain or region/system-wide program); latitude/longitude left blank intentionally.,,,
2026-08-11,info,enrich,STEP5_geocode,geocode_unresolved,Cub Foods (multiple MN locations),No single mappable address (multi-location chain or region/system-wide program); latitude/longitude left blank intentionally.,,,
2026-08-11,info,enrich,STEP5_geocode,geocode_unresolved,Dairy Queen (multiple MN locations),No single mappable address (multi-location chain or region/system-wide program); latitude/longitude left blank intentionally.,,,
2026-08-11,info,enrich,STEP5_geocode,geocode_unresolved,Great Clips (multiple MN locations),No single mappable address (multi-location chain or region/system-wide program); latitude/longitude left blank intentionally.,,,
2026-08-11,info,enrich,STEP5_geocode,geocode_unresolved,Punch Pizza (multiple MN locations),No single mappable address (multi-location chain or region/system-wide program); latitude/longitude left blank intentionally.,,,
2026-08-11,info,enrich,STEP5_geocode,geocode_unresolved,Davanni's (multiple MN locations),No single mappable address (multi-location chain or region/system-wide program); latitude/longitude left blank intentionally.,,,
2026-08-11,info,enrich,STEP5_geocode,geocode_unresolved,Cossetta (city-wide reference),No single mappable address (multi-location chain or region/system-wide program); latitude/longitude left blank intentionally.,,,
2026-08-11,info,enrich,STEP5_geocode,geocode_unresolved,Twin Cities Free Store Days (city-wide program),No single mappable address (multi-location chain or region/system-wide program); latitude/longitude left blank intentionally.,,,
2026-08-11,info,enrich,STEP5_geocode,geocode_unresolved,Metro Transit summer youth pass (region-wide),No single mappable address (multi-location chain or region/system-wide program); latitude/longitude left blank intentionally.,,,
2026-08-11,info,enrich,STEP5_geocode,geocode_unresolved,Minnesota State Parks free days (statewide program),No single mappable address (multi-location chain or region/system-wide program); latitude/longitude left blank intentionally.,,,
2026-08-11,info,enrich,STEP5_geocode,geocode_unresolved,Library summer reading (system-wide),No single mappable address (multi-location chain or region/system-wide program); latitude/longitude left blank intentionally.,,,
2026-08-11,info,enrich,STEP5_geocode,geocode_unresolved,Community education (district-wide),No single mappable address (multi-location chain or region/system-wide program); latitude/longitude left blank intentionally.,,,
2026-08-11,warning,pipeline,STEP6_publish,feed_repair,"volunteer.csv,restaurants.csv",Publisher initially reported PUT verify FAIL for volunteer.csv and restaurants.csv; diagnosis showed both were in fact committed on attempt 1 (remote became byte-identical to local; PUT returned 200). False-negative caused by newsha!=sha check reading a transient sha. Re-confirmed via diagnostic PUT (200) and final MATCH verification. No data impact.,,,
2026-08-12,info,ingest,STEP2_ical,ical_feed_pull,Washington County Library,iCal pull returned 0 family events in window 2026-08-12..2026-09-30 (data-availability limitation),,,
2026-08-12,info,ingest,STEP2_ical,ical_feed_pull,Dakota County Library,iCal pull returned 0 family events in window 2026-08-12..2026-09-30 (data-availability limitation),,,
2026-08-12,info,ingest,STEP2_ical,ical_feed_pull,Anoka County Library,iCal pull returned 0 family events in window 2026-08-12..2026-09-30 (data-availability limitation),,,
2026-08-12,info,ingest,STEP2_ical,ical_feed_pull,Scott County Library,iCal pull returned 0 family events in window 2026-08-12..2026-09-30 (data-availability limitation),,,
2026-08-12,info,ingest,STEP2_ical,ical_feed_pull,Carver County Library,iCal pull returned 0 family events in window 2026-08-12..2026-09-30 (data-availability limitation),,,
2026-08-12,info,ingest,STEP2_ical,ical_feed_pull,Great River Regional Library,"iCal pull returned only administrative/board meetings; 0 kept (non-family, dropped)",,,
2026-08-12,info,ingest,STEP2_ical,ical_feed_pull,Dodge Nature Center,iCal pull contributed 4 in-window family events (incl. Neurodiverse by Nature Camp),,,
2026-08-12,info,events,STEP4.3_dedup,duplicate_flagged,Carver County Fair 2026,"Merged as duplicate of ""Carver County Fair""",,,
2026-08-12,info,events,STEP4.3_dedup,duplicate_flagged,Minnesota State Fair 2026,"Merged as duplicate of ""Minnesota State Fair""",,,
2026-08-12,info,events,STEP4.3_dedup,duplicate_flagged,Minnesota United vs. Atlanta United FC,"Merged as duplicate of ""Minnesota United vs Atlanta United""",,,
2026-08-12,info,events,STEP4.3_dedup,duplicate_flagged,Eagan Art Block 2026,"Merged as duplicate of ""Eagan Art Block""",,,
2026-08-12,info,events,STEP4.3_dedup,duplicate_flagged,Fresh Acres Fall Festival 2026,"Merged as duplicate of ""Fresh Acres Fall Festival""",,,
2026-08-12,info,events,STEP4.3_dedup,duplicate_flagged,Minnesota Family Festival (St. Cloud) 2026,"Merged as duplicate of ""Minnesota Family Festival""",,,
2026-08-12,info,events,STEP4.3_dedup,duplicate_flagged,Oletoberfest - Alexandria,"Merged as duplicate of ""Oletoberfest""",,,
2026-08-12,info,events,STEP4.3_dedup,duplicate_flagged,Alexandria Oktoberfest / Oletoberfest,"Merged as duplicate of ""Oletoberfest""",,,
2026-08-12,info,events,STEP4.3_dedup,duplicate_flagged,Burnsville Fire Muster,"Merged as duplicate of ""Burnsville Fire Muster Festival""",,,
2026-08-12,info,pipeline,STEP4.4_checkpoint,feed_checkpoint,github:avlhohn/msp-family-feed,"Early safety checkpoint feed published to GitHub main (pre-enrichment, size 1184157)",,,
2026-08-12,info,pipeline,STEP4.8_image_upgrade,image_upgrade_summary,curated_images.csv,Curated/named-entity upgrade: 6 curated_category + 1 openverse_named + 177 curated_override applied; 0 blank images remain,,,
2026-08-12,info,pipeline,STEP4.9_geocode,geocode_summary,,"Geocoded 6 single-address items via Nominatim; 8 nominatim-miss (chain/generic), 15 no-usable-address (multi-location/region-wide) left blank by design",,,
2026-08-12,info,pipeline,STEP6_github_publish,feed_checkpoint,parks.csv,Idempotent republish: PUT returned HTTP 200 with unchanged sha (parks.csv byte-identical to remote) — treated as success,,,
2026-08-12,info,all,STEP7_run_summary,run_summary,daily_run,"events=358, parks=791, meal_deals=78, volunteer=60, restaurants=144; window 2026-08-12..2026-09-30; RUN_APIFY=False; 9 dedup merges; 0 blank images; feed+5 CSVs published to GitHub main",,,
2026-08-13,info,pipeline,STEP1_fixer_load,no_run_summary_today,run_summary,No run_summary row dated 2026-08-13 present in base at fixer start; build may not have published today yet - proceeded on existing open queue,,,
2026-08-13,info,pipeline,STEP4_fixer,fixer_summary,fixer_run,"Open rows examined 45 (13 website / 32 image). Resolved 10 rows: website 3 (2 items), image 7 (7 items: og_image 1, facebook 6, stock_openverse_specific 0). Left open 35. Diagnostics: no_run_summary_today.",,,
2026-08-13,warn,events,STEP4.6,unresolved_website,Wayzata Car Show,"No verified website for event 'Wayzata Car Show' (address: Downtown Wayzata, MN)",2026-08-14,msp-family-guide-error-fixer,website: https://wayzata.com/wayzata-car-show/ - verified: official Wayzata community page names the Wayzata Car Show in downtown Wayzata MN
2026-08-13,warn,events,STEP4.6,unresolved_website,St. Paul Park Heritage Days,"No verified website for event 'St. Paul Park Heritage Days' (address: St. Paul Park, MN)",2026-08-14,msp-family-guide-error-fixer,"website: https://stpaulpark.org/community/explore_st_paul_park/heritage_days_festival.php - verified: official City of St. Paul Park page for Heritage Days Festival, Heritage Park, St. Paul Park MN"
2026-08-13,warn,events,STEP4.6,unresolved_website,Blue Heron Days (Lino Lakes),"No verified website for event 'Blue Heron Days (Lino Lakes)' (address: Lino Lakes, MN)",2026-08-14,msp-family-guide-error-fixer,"website: https://www.linolakes.gov/407/Blue-Heron-Days - verified: official City of Lino Lakes page for Blue Heron Days, Aug 13-16 2026"
2026-08-13,warn,events,STEP4.6,unresolved_website,Bloomington Street Arts Festival,"No verified website for event 'Bloomington Street Arts Festival' (address: Bloomington, MN)",2026-08-14,msp-family-guide-error-fixer,"website: https://www.bloomingtonmn.gov/bloomingtonstreetartsfest - verified: official City of Bloomington page for the Street Arts Festival, Bloomington MN"
2026-08-13,warn,events,STEP4.6,unresolved_website,Chroma Zone Mural & Art Festival,"No verified website for event 'Chroma Zone Mural & Art Festival' (address: Creative Enterprise Zone, Saint Paul, MN 55104)",2026-08-14,msp-family-guide-error-fixer,"website: https://www.chromazone.net/ - verified: official Chroma Zone festival site, Creative Enterprise Zone, Saint Paul MN"
2026-08-13,warn,events,STEP4.6,unresolved_website,St. Cloud Pride - Pride in the Park,"No verified website for event 'St. Cloud Pride - Pride in the Park' (address: Lake George, St. Cloud, MN)",2026-08-14,msp-family-guide-error-fixer,"website: https://stcpride.org/stcloud-pride-week/ - verified: official St. Cloud Pride site names Pride in the Park at Lake George, St. Cloud MN"
2026-08-13,warn,events,STEP4.6,unresolved_website,St. Paul Movies in the Parks - Encanto,"No verified website for event 'St. Paul Movies in the Parks - Encanto' (address: St. Paul, MN)",2026-08-14,msp-family-guide-error-fixer,website: https://stpaul.gov/departments/parks-recreation/activities/summer-activities/movies-parks - verified: official St. Paul Parks & Rec program page; Encanto listed at El Rio Vista Rec Center
2026-08-13,warn,events,STEP4.6,unresolved_website,Plymouth Kids Fest,"No verified website for event 'Plymouth Kids Fest' (address: Hilde Performance Center, Plymouth, MN)",2026-08-14,msp-family-guide-error-fixer,"website: https://www.plymouthmn.gov/departments/parks-recreation-/events - verified: official City of Plymouth Parks & Rec Special Events page names Kids Fest at Hilde Performance Center, 3500 Plymouth Blvd"
2026-08-13,warn,events,STEP4.6,unresolved_website,Cars and Caves - German Cars,"No verified website for event 'Cars and Caves - German Cars' (address: Chanhassen AutoPlex, Chanhassen, MN)",2026-08-14,msp-family-guide-error-fixer,"website: https://chanhassenautoplex.com/event/cars-and-caves-september-2024/ - verified: venue's own Cars and Caves page, Chanhassen AutoPlex 8150 Audubon Rd; German-car (Oktoberfest) edition described"
2026-08-13,warn,events,STEP4.6,unresolved_website,Maple Grove Sounds of Summer Movie - Ratatouille,"No verified website for event 'Maple Grove Sounds of Summer Movie - Ratatouille' (address: Town Green Park, 7991 Main Street N, Maple Grove, MN)",2026-08-17,msp-family-guide-error-fixer,"website: https://maplegrovemn.gov/672/Town-Green - official City of Maple Grove Town Green page; names the 'Sounds of Summer' series of free concerts and movies in the park and lists 7991 Main Street, matching the item address (individual movie titles live in the linked 2026 Sounds of Summer PDF)"
2026-08-13,warn,events,STEP4.6,unresolved_website,Raymond Harvest Festival,"No verified website for event 'Raymond Harvest Festival' (address: Raymond, MN)",2026-08-14,msp-family-guide-error-fixer,"website: https://raymond-minnesota.com/raymond-harvest-festival - verified: official Raymond MN page, Raymond Harvest Festival Aug 21-23 2026"
2026-08-13,warn,events,STEP4.6,unresolved_website,Family Night on the Farm,"No verified website for event 'Family Night on the Farm' (address: Barkheim Farms, Lewiston, MN)",2026-08-14,msp-family-guide-error-fixer,"website: https://www.winonachamber.com/post/family-night-on-the-farm-2024 - verified: Winona Chamber post specific to Family Night on the Farm at Barkheim Farms, Lewiston MN"
2026-08-13,warn,events,STEP4.6,unresolved_website,La Crescent Apple Fest,"No verified website for event 'La Crescent Apple Fest' (address: La Crescent, MN)",2026-08-14,msp-family-guide-error-fixer,website: https://applefestusa.com/ - verified: official Applefest USA site for La Crescent MN annual Applefest
2026-08-13,warn,restaurants,STEP4.6,unresolved_website,Hmong Village,"No verified website for restaurant 'Hmong Village' (address: 1001 Johnson Pkwy, St. Paul, MN 55106)",2026-08-14,msp-family-guide-error-fixer,"website: https://www.visitsaintpaul.com/directory/hmong-village-shopping-center/ - verified: no standalone official site exists; specific directory entry names Hmong Village Shopping Center at 1001 Johnson Pkwy, St. Paul MN 55106"
2026-08-13,warn,restaurants,STEP4.6,unresolved_website,Hmongtown Marketplace,"No verified website for restaurant 'Hmongtown Marketplace' (address: 217 Como Ave, St. Paul, MN 55103)",2026-08-14,msp-family-guide-error-fixer,"website: https://hmongtownmarketplace.com/ - verified: official site, address 217 Como Ave Suite 2-100, St. Paul MN 55103 matches"
2026-08-13,warn,restaurants,STEP4.6,unresolved_website,Mama Safia's Kitchen,"No verified website for restaurant 'Mama Safia's Kitchen' (address: 720 E Lake St, Minneapolis, MN 55407)",2026-08-14,msp-family-guide-error-fixer,"website: https://www.mamasafiakitchen.com/ - verified: official restaurant site, 720 E Lake St, Minneapolis MN 55407 matches"
2026-08-13,info,pipeline,STEP7,run_summary,daily_run,"Daily refresh 2026-08-13: events 354, parks 791, meal_deals 46, volunteer 47, restaurants 144. Apify SKIPPED (retired). iCal: Dodge Nature 12 events added; county LibCal feeds returned no in-window events. Images 100% filled. Geocoded 12 addresses. New unresolved_website logged: 16. Geocode-still-blank: 4.",,,
2026-08-14,info,pipeline,STEP1_fixer_load,no_run_summary_today,error_log.csv,"Base log carried forward from GitHub (817 rows incl. header, md5 0ac74f4a..., identical to local mount copy) contains no run_summary row dated 2026-08-14; the daily build had not yet published today's marker when the fixer ran. Proceeded on the existing open queue.",2026-08-14,msp-family-guide-error-fixer,"diagnostic only - base passed 10-column schema + row-count plausibility validation (816 data rows, monotonic growth from prior days)"
2026-08-14,info,pipeline,STEP4_fixer,fixer_summary,error_log.csv,"Fixer run 2026-08-14: examined 51 open rows (26 unresolved_website / 25 unresolved_image) covering 50 unique items. Resolved 19 rows / 19 unique items: 17 website, 2 image (og_image 0 / facebook 0 / stock_openverse_specific 2). Left open 32 rows / 31 unique items. Diagnostics: no_run_summary_today=yes; log_base_rejected=none. og:image extraction attempted structurally unavailable (WebFetch strips <head>); Openverse queried for all 25 image items across 3 passes, only 2 returned place-specific name-matched photos.",2026-08-14,msp-family-guide-error-fixer,summary row
2026-08-14,warning,pipeline,STEP4.8,curated_stale,curated_images.csv,curated_images.csv last commit 2026-08-13T21:25:28Z — about 28 hours before this run; used as-is. Refresh it if curated overrides look out of date.,,,
2026-08-14,info,events,STEP2_ical,ical_feed_pull,Dodge Nature Center,Direct iCal pull returned 1 in-window VEVENT(s) for Dodge Nature Center (window 2026-08-14 to 2026-09-30).,,,
2026-08-14,info,events,STEP2_ical,ical_feed_pull,Washington County Library,Direct iCal pull returned 3 in-window VEVENT(s) for Washington County Library (window 2026-08-14 to 2026-09-30).,,,
2026-08-14,info,events,STEP2_ical,ical_feed_pull,Dakota County Library,Direct iCal pull returned 3 in-window VEVENT(s) for Dakota County Library (window 2026-08-14 to 2026-09-30).,,,
2026-08-14,info,events,STEP2_ical,ical_feed_pull,Anoka County Library,Direct iCal pull returned 0 in-window VEVENT(s) for Anoka County Library (window 2026-08-14 to 2026-09-30).,,,
2026-08-14,info,events,STEP2_ical,ical_feed_pull,Scott County Library,Direct iCal pull returned 4 in-window VEVENT(s) for Scott County Library (window 2026-08-14 to 2026-09-30).,,,
2026-08-14,info,events,STEP2_ical,ical_feed_pull,Carver County Library,Direct iCal pull returned 6 in-window VEVENT(s) for Carver County Library (window 2026-08-14 to 2026-09-30).,,,
2026-08-14,info,events,STEP2_ical,ical_feed_pull,Great River Regional Library,Direct iCal pull returned 0 in-window VEVENT(s) for Great River Regional Library (window 2026-08-14 to 2026-09-30).,,,
2026-08-14,warning,events,STEP2_ical,source_unreachable,Anoka County Library iCal,"Anoka County LibCal feed (~730 KB) exceeds the WebFetch truncation limit (~450 KB), so the in-window tail was unreadable and 0 events were extracted. Known recurring limitation, not a new outage.",,,
2026-08-14,info,events,STEP2_ical,ical_feed_pull,Great River Regional Library,Great River Regional LibCal feed returned only admin/internal entries — no public family events in window.,,,
2026-08-14,info,restaurants,STEP3_compile,dropped_closed_venues,MiniSota Play Cafe,Search results re-surfaced MiniSota Play Cafe (Maple Grove); dropped per the permanent-closure record of 2026-04-29.,,,
2026-08-14,info,events,STEP4.3_dedup,duplicate_flagged,Great Lakes Aquarium - Duluth,"Collapsed duplicate 'Great Lakes Aquarium - Duluth' (Duluth, MN) into kept row 'Great Lakes Aquarium - Duluth' (353 Harbor Drive, Duluth, MN 55802); source d_sports_classes.json; kept row is_seed=True.",,,
2026-08-14,info,events,STEP4.3_dedup,duplicate_flagged,Kindermusik - Twin Cities,"Collapsed duplicate 'Kindermusik Twin Cities' (Burnsville, Chanhassen, Minnetonka, Excelsior, MN) into kept row 'Kindermusik - Twin Cities' (Multiple Twin Cities locations); source g_volunteer_playcafe.json; kept row is_seed=True.",,,
2026-08-14,info,events,STEP4.3_dedup,duplicate_flagged,Minnesota State Fair,"Collapsed duplicate 'Minnesota State Fair' (Minnesota State Fairgrounds, 1265 Snelling Avenue North, St. Paul, MN 55108) into kept row 'Minnesota State Fair' (1265 N Snelling Ave, Saint Paul, MN 55108); source b_suburbs.json; kept row is_seed=True.",,,
2026-08-14,info,events,STEP4.3_dedup,duplicate_flagged,Minnesota State Fair,"Collapsed duplicate 'Minnesota State Fair' (Minnesota State Fairgrounds, St. Paul, MN) into kept row 'Minnesota State Fair' (1265 N Snelling Ave, Saint Paul, MN 55108); source e_community.json; kept row is_seed=True.",,,
2026-08-14,info,events,STEP4.3_dedup,duplicate_flagged,Bayfront Blues Festival,"Collapsed duplicate 'Bayfront Blues Festival' (Bayfront Festival Park, Duluth, MN) into kept row 'Bayfront Blues Festival' (350 Harbor Dr, Duluth, MN 55802); source c_outstate.json; kept row is_seed=True.",,,
2026-08-14,info,events,STEP4.3_dedup,duplicate_flagged,Common Roots Festival,"Collapsed duplicate 'Common Roots Festival' (St. Cloud, MN) into kept row 'Common Roots Festival' (St. Cloud, MN); source c_outstate.json; kept row is_seed=True.",,,
2026-08-14,info,events,STEP4.3_dedup,duplicate_flagged,Music on Madison,"Collapsed duplicate 'Music on Madison' (Madison East Center, Mankato, MN) into kept row 'Music on Madison' (Madison East Center, Mankato, MN); source c_outstate.json; kept row is_seed=True.",,,
2026-08-14,info,events,STEP4.3_dedup,duplicate_flagged,Wings Over Alexandria Airshow,"Collapsed duplicate 'Wings Over Alexandria Airshow' (Alexandria Regional Airport (KAXN), Alexandria, MN) into kept row 'Wings Over Alexandria Airshow' (Alexandria Regional Airport, 2604 Aga Drive, Alexandria, MN); source c_outstate.json; kept row is_seed=True.",,,
2026-08-14,info,events,STEP4.3_dedup,duplicate_flagged,Wings Over Alexandria Airshow,"Collapsed duplicate 'Wings Over Alexandria Airshow' (Alexandria Regional Airport, Alexandria, MN) into kept row 'Wings Over Alexandria Airshow' (Alexandria Regional Airport, 2604 Aga Drive, Alexandria, MN); source e_community.json; kept row is_seed=True.",,,
2026-08-14,info,events,STEP4.3_dedup,duplicate_flagged,Como Park Japanese Obon Festival,"Collapsed duplicate 'Como Park Japanese Obon Festival' (Como Park, St. Paul, MN) into kept row 'Como Park Japanese Obon Festival' (Marjorie McNeely Conservatory, 1225 Estabrook Drive, St. Paul, MN 55103); source a_core.json; kept row is_seed=True.",,,
2026-08-14,info,events,STEP4.3_dedup,duplicate_flagged,Art in the Gardens,"Collapsed duplicate 'Art in the Gardens' (Minnesota Landscape Arboretum, 3125 Observatory Lane, Chaska, MN) into kept row 'Art in the Gardens' (University of Minnesota Landscape Arboretum, Chaska, MN); source a_core.json; kept row is_seed=True.",,,
2026-08-14,info,events,STEP4.3_dedup,duplicate_flagged,IndiaFest,"Collapsed duplicate 'IndiaFest' (Minnesota State Capitol, St. Paul, MN) into kept row 'IndiaFest' (Minnesota State Capitol, St. Paul, MN); source a_core.json; kept row is_seed=True.",,,
2026-08-14,info,events,STEP4.3_dedup,duplicate_flagged,Minnesota Twins vs Philadelphia Phillies,"Collapsed duplicate 'Minnesota Twins vs Philadelphia Phillies' (Target Field, Minneapolis, MN) into kept row 'Minnesota Twins vs Philadelphia Phillies' (Target Field, 1 Twins Way, Minneapolis, MN 55403); source d_sports_classes.json; kept row is_seed=True.",,,
2026-08-14,info,events,STEP4.3_dedup,duplicate_flagged,Minnesota Twins vs Atlanta Braves,"Collapsed duplicate 'Minnesota Twins vs Atlanta Braves' (Target Field, Minneapolis, MN) into kept row 'Minnesota Twins vs Atlanta Braves' (Target Field, 1 Twins Way, Minneapolis, MN 55403); source d_sports_classes.json; kept row is_seed=True.",,,
2026-08-14,info,events,STEP4.3_dedup,duplicate_flagged,Eagan Lakefest,"Collapsed duplicate 'Eagan Lakefest' (Eagan, MN) into kept row 'Eagan Lakefest' (Eagan); source b_suburbs.json; kept row is_seed=True.",,,
2026-08-14,info,events,STEP4.3_dedup,duplicate_flagged,Touch-A-Truck - Roseville,"Collapsed duplicate 'Touch-A-Truck - Roseville' (Central Park - Dale St. Athletic Fields, Roseville, MN) into kept row 'Touch-A-Truck - Roseville' (Central Park, Roseville); source b_suburbs.json; kept row is_seed=True.",,,
2026-08-14,info,events,STEP4.3_dedup,duplicate_flagged,St. Paul Saints vs Toledo Mud Hens,"Collapsed duplicate 'St. Paul Saints vs Toledo Mud Hens' (CHS Field, St. Paul, MN) into kept row 'St. Paul Saints vs Toledo Mud Hens' (CHS Field, St. Paul); source d_sports_classes.json; kept row is_seed=True.",,,
2026-08-14,info,events,STEP4.3_dedup,duplicate_flagged,Edina Fall Into the Arts Festival,"Collapsed duplicate 'Edina Fall into the Arts Festival' (Edina, MN) into kept row 'Edina Fall Into the Arts Festival' (7499 France Ave S, Edina, MN 55435); source b_suburbs.json; kept row is_seed=True.",,,
2026-08-14,info,events,STEP4.3_dedup,duplicate_flagged,Minnesota Family Festival,"Collapsed duplicate 'Minnesota Family Festival' (The Park Event Center, St. Cloud, MN) into kept row 'Minnesota Family Festival' (The Park Event Center, St. Cloud, MN); source c_outstate.json; kept row is_seed=True.",,,
2026-08-14,info,events,STEP4.3_dedup,duplicate_flagged,Wayzata Car Show,"Collapsed duplicate 'Wayzata Car Show' (Wayzata Community Church, Wayzata, MN) into kept row 'Wayzata Car Show' (Downtown Wayzata, MN); source e_community.json; kept row is_seed=True.",,,
2026-08-14,info,events,STEP4.3_dedup,duplicate_flagged,Children's Theatre Company: Pinocchio,"Collapsed duplicate 'Children's Theatre Company - Pinocchio' (2400 3rd Ave S, Minneapolis, MN) into kept row 'Children's Theatre Company: Pinocchio' (2400 3rd Ave S, Minneapolis, MN); source d_sports_classes.json; kept row is_seed=True.",,,
2026-08-14,info,events,STEP4.3_dedup,duplicate_flagged,Minnesota Renaissance Festival,"Collapsed duplicate 'Minnesota Renaissance Festival' (Festival Grounds, 12364 Chestnut Boulevard, Shakopee, MN 55379) into kept row 'Minnesota Renaissance Festival' (12364 Chestnut Blvd, Shakopee, MN 55379); source b_suburbs.json; kept row is_seed=True.",,,
2026-08-14,info,events,STEP4.3_dedup,duplicate_flagged,Minnesota Renaissance Festival,"Collapsed duplicate 'Minnesota Renaissance Festival' (Shakopee, MN) into kept row 'Minnesota Renaissance Festival' (12364 Chestnut Blvd, Shakopee, MN 55379); source d_sports_classes.json; kept row is_seed=True.",,,
2026-08-14,info,events,STEP4.3_dedup,duplicate_flagged,James J. Hill Days,"Collapsed duplicate 'James J. Hill Days' (402 E. Lake Street, Wayzata, MN 55391) into kept row 'James J. Hill Days' (Lake St, Wayzata, MN 55391); source b_suburbs.json; kept row is_seed=True.",,,
2026-08-14,info,events,STEP4.3_dedup,duplicate_flagged,Bloomington Street Arts Festival,"Collapsed duplicate 'Bloomington Street Arts Festival' (Nine Mile Brewing, Bloomington, MN) into kept row 'Bloomington Street Arts Festival' (Bloomington, MN); source b_suburbs.json; kept row is_seed=True.",,,
2026-08-14,info,events,STEP4.3_dedup,duplicate_flagged,Powderhorn Porchfest,"Collapsed duplicate 'Powderhorn Porchfest' (Powderhorn neighborhood, Minneapolis, MN) into kept row 'Powderhorn Porchfest' (Powderhorn neighborhood, Minneapolis, MN 55407); source a_core.json; kept row is_seed=True.",,,
2026-08-14,info,events,STEP4.3_dedup,duplicate_flagged,McLeod County Fair,"Collapsed duplicate 'McLeod County Fair' (McLeod County Fairgrounds, Glencoe, MN) into kept row 'McLeod County Fair' (840 Century Avenue SW, Hutchinson, MN); source c_outstate.json; kept row is_seed=True.",,,
2026-08-14,info,events,STEP4.3_dedup,duplicate_flagged,Martin County Fair,"Collapsed duplicate 'Martin County Fair' (Martin County Fairgrounds, Fairmont, MN) into kept row 'Martin County Fair' (Martin County Fairground, Fairmont, MN); source c_outstate.json; kept row is_seed=True.",,,
2026-08-14,info,events,STEP4.3_dedup,duplicate_flagged,Duluth-Superior Pride Festival,"Collapsed duplicate 'Duluth-Superior Pride Festival' (Duluth, MN) into kept row 'Duluth-Superior Pride Festival' (Duluth, MN); source c_outstate.json; kept row is_seed=True.",,,
2026-08-14,info,events,STEP4.3_dedup,duplicate_flagged,Minnesota Zoo - Wings Credit Union World of Bird Show,"Collapsed duplicate 'Minnesota Zoo Wings Credit Union World of Bird Show' (Minnesota Zoo, Minns, MN) into kept row 'Minnesota Zoo - Wings Credit Union World of Bird Show' (13000 Zoo Boulevard, Askov, MN 55704); source a_core.json; kept row is_seed=True.",,,
2026-08-14,info,events,STEP4.3_dedup,duplicate_flagged,Lake County Fair,"Collapsed duplicate 'Lake County Fair' (Lake County Fairgrounds, Two Harbors, MN) into kept row 'Lake County Fair' (Lake County Fairgrounds, Two Harbors, MN 55616); source c_outstate.json; kept row is_seed=True.",,,
2026-08-14,info,events,STEP4.3_dedup,duplicate_flagged,First Heat: Coal Forge Blacksmithing Sampler,"Collapsed duplicate 'First Heat: Coal Forge Blacksmithing Sampler' (8946 70th Street S, Cottage Grove, MN 55016) into kept row 'First Heat: Coal Forge Blacksmithing Sampler' (8946 70th Street S, Cottage Grove, MN 55016); source h_ical.json; kept row is_seed=True.",,,
2026-08-14,info,meal_deals,STEP4.3_dedup,duplicate_flagged,Green Mill,"Collapsed duplicate 'Green Mill' (Multiple Twin Cities locations, MN) into kept row 'Green Mill' (Twin Cities, MN); source f_dining.json; kept row is_seed=True.",,,
2026-08-14,info,meal_deals,STEP4.3_dedup,duplicate_flagged,Gabe's Bar & Kitchen,"Collapsed duplicate 'Gabe's Bar & Kitchen' (St. Paul, MN) into kept row 'Gabe's Bar & Kitchen' (St. Paul, MN); source f_dining.json; kept row is_seed=True.",,,
2026-08-14,info,meal_deals,STEP4.3_dedup,duplicate_flagged,McHugh's Public House,"Collapsed duplicate 'McHugh's Public House' (Savage, MN) into kept row 'McHugh's Public House' (Savage, MN); source f_dining.json; kept row is_seed=True.",,,
2026-08-14,info,meal_deals,STEP4.3_dedup,duplicate_flagged,Willy McCoy's,"Collapsed duplicate 'Willy McCoy's' (Multiple Twin Cities locations, MN) into kept row 'Willy McCoy's' (Multiple locations); source f_dining.json; kept row is_seed=True.",,,
2026-08-14,info,meal_deals,STEP4.3_dedup,duplicate_flagged,The Nook,"Collapsed duplicate 'The Nook' (St. Paul, MN) into kept row 'The Nook' (492 Hamline Avenue, Saint Paul, MN 55116); source f_dining.json; kept row is_seed=True.",,,
2026-08-14,info,meal_deals,STEP4.3_dedup,duplicate_flagged,Jersey's Bar & Grill,"Collapsed duplicate 'Jersey's Bar & Grill' (Inver Grove Heights, MN) into kept row 'Jersey's Bar & Grill' (6449 Concord Blvd, Inver Grove Heights, MN); source f_dining.json; kept row is_seed=True.",,,
2026-08-14,info,restaurants,STEP4.3_dedup,duplicate_flagged,Can Can Wonderland,"Collapsed duplicate 'Can Can Wonderland' (755 Prior Ave N Suite #004, St Paul, MN 55104) into kept row 'Can Can Wonderland' (Saint Paul, MN); source f_dining.json; kept row is_seed=True.",,,
2026-08-14,info,restaurants,STEP4.3_dedup,duplicate_flagged,Honey & Mackie's,"Collapsed duplicate 'Honey & Mackie's' (Plymouth, MN) into kept row 'Honey & Mackie's' (16725 County Rd 24, Ste 106, Plymouth, MN 55447); source f_dining.json; kept row is_seed=True.",,,
2026-08-14,info,restaurants,STEP4.3_dedup,duplicate_flagged,Rebe's Play Cafe,"Collapsed duplicate 'Rebe's Play Cafe' (2054 St Clair Ave, Saint Paul, MN 55105) into kept row 'Rebe's Play Cafe' (2054 St Clair Ave, St. Paul, MN); source g_volunteer_playcafe.json; kept row is_seed=True.",,,
2026-08-14,info,restaurants,STEP4.3_dedup,duplicate_flagged,Sonny's Ice Cream Cafe,"Collapsed duplicate 'Sonny's Ice Cream Cafe' (3403 Lyndale Ave S, Minneapolis, MN) into kept row 'Sonny's Ice Cream Cafe' (Minneapolis, MN); source f_dining.json; kept row is_seed=True.",,,
2026-08-14,info,restaurants,STEP4.3_dedup,duplicate_flagged,Blainbrook Entertainment Center,"Collapsed duplicate 'Blainbrook Entertainment Center' (12000 Central Ave NE, Blaine, MN 55434) into kept row 'Blainbrook Entertainment Center' (Blaine, MN); source f_dining.json; kept row is_seed=True.",,,
2026-08-14,info,restaurants,STEP4.3_dedup,duplicate_flagged,Adele's Frozen Custard,"Collapsed duplicate 'Adele's Frozen Custard' (800 Excelsior Blvd, Excelsior, MN) into kept row 'Adele's Frozen Custard' (800 Excelsior Blvd, Excelsior, MN 55331); source f_dining.json; kept row is_seed=True.",,,
2026-08-14,info,events,STEP4.6_website_backfill,unresolved_website,Afton Apple Orchard - Corn Maze & Fall Festival,"No verified website found for 'Afton Apple Orchard - Corn Maze & Fall Festival' (address: Hastings, MN) after the backfill pass.",2026-08-15,msp-family-guide-error-fixer,"website: https://www.aftonapple.com/fall-fun - orchard's own site; Fall Fun/Corn Maze pages confirmed, Afton Apple Orchard, Hastings MN"
2026-08-14,info,restaurants,STEP4.6_website_backfill,unresolved_website,Triangle Drive-In,"No verified website found for 'Triangle Drive-In' (address: 714 Mill Ave, Brainerd, MN 56401) after the backfill pass.",2026-08-17,msp-family-guide-error-fixer,"website: https://www.facebook.com/TriangleDriveInnTreatsllc - venue's own Facebook business page, title 'Triangle Drive Inn & Treats LLC | Brainerd MN'; 714 Mill Ave, Brainerd confirmed across independent listings, matching item address (no standalone domain exists)"
2026-08-14,info,restaurants,STEP4.6_website_backfill,unresolved_website,371 Diner,"No verified website found for '371 Diner' (address: 14901 Edgewood Dr, Baxter, MN 56425) after the backfill pass.",2026-08-17,msp-family-guide-error-fixer,"website: https://www.facebook.com/371diner/ - venue's own Facebook business page, page title '371 Diner Baxter | Baxter MN'; name + city match to item address (14901 Edgewood Dr, Baxter, MN)"
2026-08-14,info,restaurants,STEP4.6_website_backfill,unresolved_website,Andale Taqueria y Mercado,"No verified website found for 'Andale Taqueria y Mercado' (address: 7700 Nicollet Ave S, Richfield, MN 55423) after the backfill pass.",2026-08-15,msp-family-guide-error-fixer,"website: https://andaletaqueriaymercado.com/ - restaurant's own site, verified name + 7700 Nicollet Ave S, Richfield MN"
2026-08-14,info,restaurants,STEP4.6_website_backfill,unresolved_website,Hmong Village,"No verified website found for 'Hmong Village' (address: 1001 Johnson Pkwy, St. Paul, MN 55106) after the backfill pass.",2026-08-15,msp-family-guide-error-fixer,"website: https://www.hmongvillage-mn.com/ - venue's own site, verified name + 1001 Johnson Pkwy, St. Paul MN"
2026-08-14,info,restaurants,STEP4.6_website_backfill,unresolved_website,Hmongtown Marketplace,"No verified website found for 'Hmongtown Marketplace' (address: 217 Como Ave, St. Paul, MN 55103) after the backfill pass.",2026-08-15,msp-family-guide-error-fixer,"website: https://hmongtownmarketplace.com/ - venue's own site, verified 217 Como Ave Ste 2-100, St. Paul MN"
2026-08-14,info,restaurants,STEP4.6_website_backfill,unresolved_website,Mama Safia's Kitchen,"No verified website found for 'Mama Safia's Kitchen' (address: 720 E Lake St, Minneapolis, MN 55407) after the backfill pass.",2026-08-15,msp-family-guide-error-fixer,"website: https://www.mamasafiakitchen.com/ - restaurant's own site, verified name + 720 E Lake St, Minneapolis MN"
2026-08-14,info,restaurants,STEP4.6_website_backfill,unresolved_website,Animales BBQ,"No verified website found for 'Animales BBQ' (address: Harrison neighborhood, Minneapolis, MN) after the backfill pass.",2026-08-15,msp-family-guide-error-fixer,"website: https://animalesbbq.com/ - restaurant's own site, verified 241 Fremont Ave N, Minneapolis MN (Harrison)"
2026-08-14,info,restaurants,STEP4.6_website_backfill,unresolved_website,Hen House Eatery,"No verified website found for 'Hen House Eatery' (address: Downtown, Minneapolis, MN) after the backfill pass.",2026-08-15,msp-family-guide-error-fixer,"website: https://www.henhouseeatery.com/ - restaurant's own site, verified 114 S 8th St, Minneapolis MN 55402"
2026-08-14,info,restaurants,STEP4.6_website_backfill,unresolved_website,Nowhere Entertainment,"No verified website found for 'Nowhere Entertainment' (address: 5300 S Robert Trail Suite 200, Inver Grove Heights, MN 55077) after the backfill pass.",2026-08-15,msp-family-guide-error-fixer,"website: https://www.nowhereentertainmentcenter.com/ - venue's own site, verified 5300 S Robert Trail, Inver Grove Heights MN 55077"
2026-08-14,info,restaurants,STEP4.6_website_backfill,unresolved_website,Adventure Zone,"No verified website found for 'Adventure Zone' (address: Duluth, MN) after the backfill pass.",2026-08-15,msp-family-guide-error-fixer,"website: https://www.adventurezoneduluth.com/ - venue's own site, verified 329 S Lake Ave, Canal Park, Duluth MN 55802"
2026-08-14,info,restaurants,STEP4.6_website_backfill,unresolved_website,Skatin' Place,"No verified website found for 'Skatin' Place' (address: St. Cloud, MN) after the backfill pass.",2026-08-15,msp-family-guide-error-fixer,"website: https://saintcloudskatinplace.com/ - venue's own site, verified 3302 Southway Dr, St Cloud MN 56301"
2026-08-14,info,restaurants,STEP4.6_website_backfill,unresolved_website,Pizza King Station,No verified website found for 'Pizza King Station' (address: Minnesota) after the backfill pass.,,,
2026-08-14,info,restaurants,STEP4.6_website_backfill,unresolved_website,Choo Choo Restaurant and Bar,"No verified website found for 'Choo Choo Restaurant and Bar' (address: Loretto, MN) after the backfill pass.",2026-08-15,msp-family-guide-error-fixer,"website: https://www.choochooloretto.com/ - venue's own site, verified 160 W Railway St, Loretto MN 55357"
2026-08-14,info,restaurants,STEP4.6_website_backfill,unresolved_website,Minnesota Transportation Museum Pizza Train,No verified website found for 'Minnesota Transportation Museum Pizza Train' (address: Minnesota) after the backfill pass.,2026-08-15,msp-family-guide-error-fixer,website: https://trainride.org/ - MTM's own site; Pizza Train named and described as one of its rides
2026-08-14,info,meal_deals,STEP4.6_website_backfill,unresolved_website,Tableside Magician & Balloon Artist - Kids Eat Free,"No verified website found for 'Tableside Magician & Balloon Artist - Kids Eat Free' (address: 11822 Aberdeen St NE, Blaine, MN) after the backfill pass.",2026-08-16,msp-family-guide-error-fixer,"website: https://www.broadwaypizza.com/blaine/blaine - official Broadway Pizza Blaine page names ""Tableside Magician Every 1st Monday of the Month"" and ""Monday Family Night 5-7:30pm Kids Eat Free""; address 11822 Aberdeen St NE, Blaine MN 55449 matches the logged address exactly."
2026-08-14,info,events,STEP4.9_geocode,unresolved_geocode,St. Paul Public Library Summer Sparks Reading Program,"Coordinates left blank for 'St. Paul Public Library Summer Sparks Reading Program' — address 'Various St. Paul Public Library branches, St. Paul, MN' is multi-location/non-specific and could not be geocoded.",,,
2026-08-14,info,events,STEP4.9_geocode,unresolved_geocode,Minneapolis Parks Invertebrate Discovery Walks,"Coordinates left blank for 'Minneapolis Parks Invertebrate Discovery Walks' — address 'Various Minneapolis parks, Minneapolis, MN' is multi-location/non-specific and could not be geocoded.",,,
2026-08-14,info,events,STEP4.9_geocode,unresolved_geocode,Three Rivers Parks Summer Camps,"Coordinates left blank for 'Three Rivers Parks Summer Camps' — address 'Various Three Rivers Parks locations, Twin Cities area' is multi-location/non-specific and could not be geocoded.",,,
2026-08-14,info,events,STEP4.9_geocode,unresolved_geocode,Three Rivers Parks Monarch Tagging on the Prairie,"Coordinates left blank for 'Three Rivers Parks Monarch Tagging on the Prairie' — address 'Three Rivers Parks locations, Twin Cities area' is multi-location/non-specific and could not be geocoded.",,,
2026-08-14,info,events,STEP4.9_geocode,unresolved_geocode,Three Rivers Parks Family Archery,"Coordinates left blank for 'Three Rivers Parks Family Archery' — address 'Three Rivers Parks locations, Twin Cities area' is multi-location/non-specific and could not be geocoded.",,,
2026-08-14,info,events,STEP4.9_geocode,unresolved_geocode,Marketfest - White Bear Lake,"Coordinates left blank for 'Marketfest - White Bear Lake' — address 'Downtown White Bear Lake, MN' is multi-location/non-specific and could not be geocoded.",,,
2026-08-14,info,events,STEP4.9_geocode,unresolved_geocode,Blue Heron Days Parade,"Coordinates left blank for 'Blue Heron Days Parade' — address 'Downtown Lino Lakes, MN' is multi-location/non-specific and could not be geocoded.",,,
2026-08-14,info,events,STEP4.9_geocode,unresolved_geocode,Cars & Coffee Twin Cities (August 18),"Coordinates left blank for 'Cars & Coffee Twin Cities (August 18)' — address 'Various Twin Cities Venues, MN' is multi-location/non-specific and could not be geocoded.",,,
2026-08-14,info,events,STEP4.9_geocode,unresolved_geocode,Rigs & Coffee Minneapolis (September),"Coordinates left blank for 'Rigs & Coffee Minneapolis (September)' — address 'Dogwood Coffee Roastery, Minneapolis, MN' is multi-location/non-specific and could not be geocoded.",,,
2026-08-14,info,events,STEP4.9_geocode,unresolved_geocode,Minnesota ECFE (Early Childhood Family Education) Programs,"Coordinates left blank for 'Minnesota ECFE (Early Childhood Family Education) Programs' — address 'Twin Cities and statewide, MN' is multi-location/non-specific and could not be geocoded.",,,
2026-08-14,info,parks,STEP4.9_geocode,unresolved_geocode,St. Cloud Splash Pads & Wading Pools,"Coordinates left blank for 'St. Cloud Splash Pads & Wading Pools' — address 'Multiple locations, St. Cloud, MN' is multi-location/non-specific and could not be geocoded.",,,
2026-08-14,info,meal_deals,STEP4.9_geocode,unresolved_geocode,Broadway Bar & Pizza,"Coordinates left blank for 'Broadway Bar & Pizza' — address 'Multiple Twin Cities locations, MN' is multi-location/non-specific and could not be geocoded.",,,
2026-08-14,info,meal_deals,STEP4.9_geocode,unresolved_geocode,CRAVE,"Coordinates left blank for 'CRAVE' — address 'Multiple locations, MN' is multi-location/non-specific and could not be geocoded.",,,
2026-08-14,info,meal_deals,STEP4.9_geocode,unresolved_geocode,Culver's (Multiple Twin Cities Locations),"Coordinates left blank for 'Culver's (Multiple Twin Cities Locations)' — address 'Multiple Twin Cities locations, MN' is multi-location/non-specific and could not be geocoded.",,,
2026-08-14,info,meal_deals,STEP4.9_geocode,unresolved_geocode,Smashburger,"Coordinates left blank for 'Smashburger' — address 'Multiple Twin Cities locations, MN' is multi-location/non-specific and could not be geocoded.",,,
2026-08-14,info,pipeline,STEP7,run_summary,daily_run,"Daily refresh 2026-08-14 (Fri, window to 2026-09-30): events 538, parks 805, meal_deals 64, volunteer 59, restaurants 205. Apify SKIPPED (retired 2026-08-01). 8 parallel search agents returned 353 in-window rows; 59 must-include seed rows re-emitted; 44 duplicates collapsed; images 100% filled; 44 websites backfilled; 231 addresses geocoded. New rows this run: 1 warning (curated_stale) + 1 warning (Anoka feed truncation), 16 unresolved_website, 15 unresolved_geocode, 44 duplicate_flagged, plus iCal/info rows.",,,
2026-08-14,warning,pipeline,STEP5_build,schema_normalization,price_type,"Carried-forward rows used 24 non-schema price_type values (free/paid/varies casing plus deal-specific strings like paid_with_deal, kids_free_with_adult). Normalized 491 rows to the Free|Paid|Varies vocabulary and republished; upstream writers should emit only those three values.",,,
2026-08-14,warning,pipeline,STEP3_compile,seed_venue_missing,must-include seed list,"59 of 183 must-include seed venues had no row in the carried-forward feed (incl. Como Park Zoo, Science/History museums, MNHS sites, seed beaches, community centers, 35 seed restaurants). Regenerated them from the task seed lists with baked coordinates and re-emitted as is_seed rows; investigate why prior runs dropped them.",,,
2026-08-15,info,events,STEP2_ical,ical_feed_pull,Dodge Nature Center,iCal pull ok: 5 in-window items contributed; latest DTSTART seen 2026-08-30; feed https://www.dodgenaturecenter.org/events/?ical=1,,,
2026-08-15,info,events,STEP2_ical,ical_feed_pull,Washington County Library,iCal pull ok: 4 in-window items contributed; latest DTSTART seen 2026-09-30; feed https://washcolib.libcal.com/ical_subscribe.php?cid=10166&src=p,,,
2026-08-15,info,events,STEP2_ical,ical_feed_pull,Dakota County Library,iCal pull ok: 42 in-window items contributed; latest DTSTART seen 2026-09-30; feed https://dakotacountylibrary.libcal.com/ical_subscribe.php?cid=9306&src=p,,,
2026-08-15,warning,events,STEP2_ical,ical_feed_pull,Anoka County Library,iCal pull truncated: 3 in-window items contributed; latest DTSTART seen 2026-09-30; feed https://anokacounty.libcal.com/ical_subscribe.php?cid=9233&src=p,,,
2026-08-15,warning,events,STEP2_ical,ical_feed_pull,Scott County Library,iCal pull truncated: 1 in-window items contributed; latest DTSTART seen 2026-08-17; feed https://scottlib.libcal.com/ical_subscribe.php?cid=10242&src=p,,,
2026-08-15,info,events,STEP2_ical,ical_feed_pull,Carver County Library,iCal pull ok: 5 in-window items contributed; latest DTSTART seen 2026-09-29; feed https://carverlib.libcal.com/ical_subscribe.php?cid=9314&src=p,,,
2026-08-15,info,events,STEP2_ical,ical_feed_pull,Great River Regional Library,iCal pull ok: 5 in-window items contributed; latest DTSTART seen 2026-09-29; feed https://events.griver.org/ical_subscribe.php?cid=18245&src=p,,,
2026-08-15,info,pipeline,STEP4_apify,apify_skipped,Facebook events scraper,"RUN_APIFY=False - Apify Facebook scraper retired 2026-08-01; STEP 4 skipped by design, not an error.",,,
2026-08-15,warning,pipeline,STEP4.5_curated,curated_stale,curated_images.csv,"curated_images.csv last committed 2026-08-13T21:25:28Z, ~34.7h before run start 2026-08-15T08:07:12Z, exceeding the ~20h freshness threshold. Used as-is; refresh recommended.",,,
2026-08-15,warning,restaurants,STEP5_verify,excluded_venue_carried,carried restaurants,"15 brewery/taproom venues were present in the carried-forward base and survived into pre-publish verification because the brewery filter only screened fresh search results, not the carry base. Purged before publish: Lake Monster Brewing; Broken Clock Brewing Cooperative; Forgotten Star Brewing; Utepils Brewing Beer Garden; Alloy Brewing - Coon Rapids; Lakeville Brewing Co.; LTD Brewing - Hopkins; Dual Citizen Brewery St. Paul; Day Block Brewing Company; 56 Brewing Minneapolis; Indeed Brewing Co. Minneapolis; Headflyer; 3rd Act Brewery; Indeed Brewing Company; Birch's on the Lake Brewhouse & Supperclub. Carry-forward base should be screened each run.",,,
2026-08-15,warning,events,STEP4.7_website,unresolved_website,Honored 2 Help Back 2 School BBQ,"No official website confirmed during the bounded enrichment pass. Address: Park Center High School, Brooklyn Center, MN. Queued for the fixer task.",2026-08-15,msp-family-guide-error-fixer,"website: https://www.honored2help.org/ - host org's own site (Honored 2 Help, Brooklyn Park MN) with its Free BBQ program section"
2026-08-15,warning,events,STEP4.7_website,unresolved_website,Movie Night on the Barn,"No official website confirmed during the bounded enrichment pass. Address: Historic Eidem Farm, Coon Rapids, MN. Queued for the fixer task.",2026-08-16,msp-family-guide-error-fixer,"website: https://www.brooklynpark.org/event/movie-on-the-barn-a-minecraft-movie/ - official City of Brooklyn Park event page for the ""Movie on the Barn"" series at Historic Eidem Farm. DATA CORRECTION: venue is Brooklyn Park (4345 101st Ave N), NOT Coon Rapids as logged; Historic Eidem Farm exists only in Brooklyn Park."
2026-08-15,warning,events,STEP4.7_website,unresolved_website,St. Tim's Carnival,"No official website confirmed during the bounded enrichment pass. Address: 707 89th Ave NE, Blaine, MN. Queued for the fixer task.",2026-08-15,msp-family-guide-error-fixer,"website: https://churchofsttimothy.com/ - host parish's own site, verified Church of St. Timothy, 707 89th Ave NE, Blaine MN; annual carnival"
2026-08-15,warning,events,STEP4.7_website,unresolved_website,Back-to-School Kids Day,"No official website confirmed during the bounded enrichment pass. Address: Real Sportscards, Blaine, MN. Queued for the fixer task.",2026-08-15,msp-family-guide-error-fixer,"website: https://realsportscards.com/ - host venue's own site, Real Sportscards, Blaine MN location confirmed"
2026-08-15,warning,events,STEP4.7_website,unresolved_website,Toddler Tuesday - ECFE,"No official website confirmed during the bounded enrichment pass. Address: 10 Coon Rapids Boulevard, Coon Rapids, MN. Queued for the fixer task.",,,
2026-08-15,warning,restaurants,STEP4.7_website,unresolved_website,Bump & Putt Family Fun Center,"No official website confirmed during the bounded enrichment pass. Address: Four miles north of Nisswa, MN. Queued for the fixer task.",,,
2026-08-15,warning,parks,STEP4.7_website,unresolved_website_backlog,parks.csv,650 of 805 evergreen park rows still have no website. Long-standing backlog carried forward; enrichment budget prioritised fresh items.,,,
2026-08-15,info,pipeline,STEP4.9_geocode,geocode_multilocation,44 rows,"Rows left without coordinates are all multi-venue/""various locations"" items (e.g. Movies in the Parks, Three Rivers Parks programs) which have no single point to geocode. Intentionally blank, not a failure.",,,
2026-08-15,info,pipeline,STEP1_fixer_load,no_run_summary_today,run_summary,"Base log loaded from local mount copy (926 rows incl. header, 261157 bytes, byte-identical to the GitHub canonical raw copy) and passed the 10-column header + monotonic row-count validation. It contains no run_summary end-of-run marker dated 2026-08-15, although build rows dated 2026-08-15 are present, so the build likely ran but did not write its closing marker. Proceeded on the existing open queue.",,,
2026-08-15,info,pipeline,STEP4_fixer,fixer_summary,error_log.csv,"Fixer run 2026-08-15: examined 54 open rows (31 unresolved_website / 23 unresolved_image) covering 53 unique items. Resolved 16 rows / 16 unique items - website 15 rows (15 items); image 1 rows (1 items) [og_image=0, facebook=0, stock_openverse_specific=1]. Left open 38 rows (16 website / 22 image), rolling to tomorrow. og:image extraction remains non-functional (WebFetch strips <head>), so image work went straight to the Openverse API: 23 unique image items x ~3 query passes returned only one verified place-specific name match. Website subagent output was audited before applying: 4 of 19 candidate resolutions were rejected - Triangle Drive-In (brainerd.com directory listing, not the venue's own site), Tableside Magician & Balloon Artist (performer's Facebook page, not the event/venue site), Movie Night on the Barn (brooklynpark.org homepage does not name the event), and Toddler Tuesday - ECFE (Anoka-Hennepin ECFE page names neither Toddler Tuesday nor the Coon Rapids Blvd location). Diagnostics: no_run_summary_today (logged); no log_base_rejected; no Drive fallback needed.",,,
2026-08-16,info,pipeline,STEP1_fixer_load,no_run_summary_today,error_log.csv base,"At fixer base-load time (05:40) no run_summary row dated 2026-08-16 was present in the GitHub base (latest was 2026-08-13), so the fixer worked the pre-existing backlog. The daily build completed later, at ~08:43, and its 2026-08-16 rows (including its run_summary) merged into this file before the fixer published; no fixer resolutions were lost. Diagnostic retained for visibility: the fixer ran ahead of the build today, so today's newly-logged items were not in the fixer's queue.",,,
2026-08-16,info,pipeline,STEP4_fixer,fixer_summary,fixer run 2026-08-16,"Fixer run 2026-08-16: examined 38 open rows (16 unresolved_website / 22 unresolved_image) covering 37 unique items. Resolved 4 rows / 4 unique items - website 4, image 0 (og_image 0, facebook 0, stock_openverse_specific 0). Left open 34 of the queued rows (12 website / 22 image). Website: 5 research candidates audited, 1 rejected (Brainerd Fire Department Golf Scramble - chamber /events calendar, not an event page). Image: 2 Openverse passes (exact name, then name+city/landmark variant) over all 22 items returned no place-specific match - results were wrong-place (Kelley Park San Jose CA, Cameron Park Zoo Waco TX, Eckankar temple for Lake Ann Park, Mission Branch Library San Francisco) or generic/topical stock; all rejected per the strict bar. og:image path unavailable: the log carries no source website URL per item and the WebFetch head-stripping blocker persists (independently logged by the build as ogimage_extraction_unavailable). Ordering note: the fixer ran before the daily build finished (~08:43); the build's 2026-08-16 rows merged in prior to publish. Its one new open unresolved_website row is a category roll-up ('688 rows', mostly municipal neighbourhood parks), not a per-item work item, so it added nothing actionable to the queue. Base validated: 10-col header, 927 data rows at load, monotonic.",,,
2026-08-16,info,source,STEP2_ical,ical_feed_pull,Dodge Nature Center,Feed pulled via WebFetch; status=ok; latest DTSTART 2026-08-30; 5 in-window events contributed to the 2026-08-16..2026-09-30 build.,2026-08-16,pipeline,Feed fetched; in-window events merged.
2026-08-16,info,source,STEP2_ical,ical_feed_pull,Washington County Library,Feed pulled via WebFetch; status=ok; latest DTSTART 2026-09-30; 15 in-window events contributed to the 2026-08-16..2026-09-30 build.,2026-08-16,pipeline,Feed fetched; in-window events merged.
2026-08-16,info,source,STEP2_ical,ical_feed_pull,Dakota County Library,Feed pulled via WebFetch; status=ok; latest DTSTART 2026-09-30; 4 in-window events contributed to the 2026-08-16..2026-09-30 build.,2026-08-16,pipeline,Feed fetched; in-window events merged.
2026-08-16,warning,source,STEP2_ical,ical_feed_pull,Anoka County Library,Feed pulled via WebFetch; status=truncated; latest DTSTART 2026-09-30; 2 in-window events contributed to the 2026-08-16..2026-09-30 build.,2026-08-16,pipeline,Feed fetched; in-window events merged.
2026-08-16,info,source,STEP2_ical,ical_feed_pull,Scott County Library,Feed pulled via WebFetch; status=ok; latest DTSTART 2026-09-30; 4 in-window events contributed to the 2026-08-16..2026-09-30 build.,2026-08-16,pipeline,Feed fetched; in-window events merged.
2026-08-16,info,source,STEP2_ical,ical_feed_pull,Carver County Library,Feed pulled via WebFetch; status=ok; latest DTSTART 2026-09-29; 2 in-window events contributed to the 2026-08-16..2026-09-30 build.,2026-08-16,pipeline,Feed fetched; in-window events merged.
2026-08-16,info,source,STEP2_ical,ical_feed_pull,Great River Regional Library,Feed pulled via WebFetch; status=ok; latest DTSTART 2027-01-19; 0 in-window events contributed to the 2026-08-16..2026-09-30 build.,2026-08-16,pipeline,Feed reachable but published no in-window family events this run (expected for short rolling LibCal windows).
2026-08-16,warning,source,STEP2_ical,source_unreachable,anokacounty.libcal.com ical_subscribe.php,"Anoka County Library iCal feed body exceeded the WebFetch size limit (~730KB) and was returned truncated; only the portion read was parsed, yielding 2 in-window events. Full feed contents could not be enumerated.",2026-08-16,pipeline,Partial parse accepted; 2 in-window events merged. Not treated as a build failure.
2026-08-16,info,source,STEP2_ical,feed_content_filtered,events.griver.org,"Great River Regional Library feed returned only library board/administrative meetings (Board Work Session/Meeting), which are not family events; 0 rows admitted by design.",2026-08-16,pipeline,"Administrative meetings filtered out by title; correct result, not a data loss."
2026-08-16,info,pipeline,STEP4_apify,step_retired,Apify Facebook scraper,STEP 4 Facebook scraping remains retired (disabled 2026-08-01); RUN_APIFY=False. No Facebook-sourced rows this run and no image_source=facebook values are expected.,2026-08-16,pipeline,Retired by design; no action required.
2026-08-16,info,pipeline,STEP4.4_checkpoint,feed_checkpoint,msp_family_guide.json,"Early safety publish of the feed JSON completed (1,624,343 bytes, sha 5e143a1a). The _gh_put.py verify loop reported ok:false, but a git-blob content comparison confirmed the remote bytes were MD5-identical to local.",2026-08-16,pipeline,Confirmed false FAIL (sha-change heuristic); checkpoint was live. Switched STEP 6 to content-hash verification via _gh_put2.py.
2026-08-16,info,pipeline,STEP4.4_checkpoint,verify_method_change,_gh_put2.py,"GitHub Contents API omits inline base64 content for files over 1MB, so the feed JSON cannot be verified through /contents. Verification now resolves the blob sha and reads /git/blobs/<sha>, comparing MD5 against the local file.",2026-08-16,pipeline,New publisher verified all 6 STEP 6 files on attempt 1 with no redundant PUTs.
2026-08-16,warning,image,STEP4.5_ogimage,ogimage_extraction_unavailable,og:image backfill,Direct og:image extraction remains unavailable in this environment (documented blocker); STEP 4.5 was satisfied through the Openverse layers and the curated overlay instead. Only 5 pre-existing og_image rows carried forward.,2026-08-16,pipeline,"Covered by STEP 4.7/4.8: 215 blank images filled, then upgraded by curated rules. 0 rows ship without an image."
2026-08-16,warning,image,STEP4.8_curated,curated_stale,curated_images.csv,"curated_images.csv was last committed 2026-08-13T21:25:28Z, roughly 58 hours before this run started, exceeding the ~20h freshness threshold. The file was still fetched from GitHub raw with a cache-buster and matched the local copy byte-for-byte (30,617 bytes, 246 rows, 4-column header).",,,Used as-is; no bad URLs detected (_curated_bad_urls.json empty). Refresh recommended.
2026-08-16,info,image,STEP4.7_openverse,stock_image_fill,215 rows,"All 215 rows that entered STEP 4.7 with a blank image_url received an Openverse topical stock image across 21 distinct queries (137 distinct URLs cached), then were re-evaluated by the curated layers.",2026-08-16,pipeline,0 rows ship with a blank image_url.
2026-08-16,info,image,STEP4.8_curated,curated_overlay_applied,"1,923 rows","Curated overlay results: 215 curated_category assignments in the fallback pass, 287 curated title/keyword overrides, and 153 openverse_named lookups. Final provenance: curated_category 1,598 / curated 326 / og_image 5.",2026-08-16,pipeline,Precedence honoured: curated overrides win; category fallbacks never displaced a real photo.
2026-08-16,info,image,STEP4.8_curated,named_layer_superseded,153 rows,"The openverse_named layer resolved 153 real venue photos, but every one of those rows was subsequently re-covered by a hand-picked curated_category image, which the established layer ordering ranks higher than an Openverse keyword guess. Net image_source distribution was unchanged.",2026-08-16,pipeline,Expected behaviour of the tuned layer order; recorded so the 153/0 net result is not misread as a failure.
2026-08-16,info,data,STEP4.6_website,website_backfill,88 rows,Two verification-gated subagents worked the 88 non-park rows that lacked a website; 54 official URLs were confirmed and applied. Aggregator-only results were rejected rather than guessed.,2026-08-16,pipeline,54 of 88 filled (61%). Remainder had no confirmable official page.
2026-08-16,info,data,STEP4.6_website,unresolved_website,688 rows,"Rows still without a website by category: {'events': 14, 'parks': 657, 'meal_deals': 2, 'volunteer_opportunities': 9, 'restaurants': 6}. The overwhelming majority are municipal neighbourhood parks that have no individual page on their city or park-department site.",,,Open for a future fixer pass; not blocking.
2026-08-16,info,data,STEP4.3_dedup,closed_venue_removed,4 rows,"Removed during website verification: Edina Grill (closed as of 2026-08), Pizza King Station (Indianapolis IN, not MN), Camp Lonetree and Brewhalla (both Fargo ND, not MN). MiniSota Play Cafe - Maple Grove was also removed again as permanently closed.",2026-08-16,pipeline,5 rows total removed; none were must-include seeds.
2026-08-16,info,data,STEP4.3_seeds,seed_backfill,11 rows,"Seed re-assertion parsed all 183 must-include venues from SKILL.md; 172 already had a matching row and 11 were force-injected with baked coordinates: Duluth Grill, The Lookout Bar & Grill, Highland Park Aquatic Center, Como Park Zoo & Conservatory, and 7 seed beaches/splash pads (Lake Harriet SE Beach, Bryant Lake, Lake Elmo Swim Pond, Fish Lake, Lake Rebecca, Wabun Splash Pad, Elm Creek Swim Pond).",2026-08-16,pipeline,All 183 seeds verified present after the build.
2026-08-16,info,data,STEP4.3_seeds,seed_venue_missing,Heritage Village Park,"Heritage Village Park (Inver Grove Heights) was wrongly collapsed against the distinct Heritage Park (Plymouth) by title-similarity dedup and had to be re-injected with its own address, website and geocode (44.855252, -93.019546).",2026-08-16,pipeline,Re-injected as a parks seed; both parks now present as separate rows.
2026-08-16,info,data,STEP2_seeds,seed_unverified,Heritage Park (Lake Elmo),"The SKILL.md seed for Heritage Park in Lake Elmo carries an ADDRESS UNVERIFIED flag and requires confirming both the street address and the presence of a playground each run. Neither could be confirmed this run, so no Lake Elmo city-only guess was emitted.",,,Skipped per the spec rather than emitting a city-only placeholder.
2026-08-16,info,data,STEP4.3_dedup,duplicates_collapsed,82 rows,"Two dedup passes ran: 70 collapses from the parks-safe pass (events 54, restaurants 12, volunteer 3, meal_deals 1) and 12 more from a stricter second pass keyed on a normalised street number plus directional tokens, which caught 5 Minnesota State Fair rows whose addresses differed only by formatting.",2026-08-16,pipeline,Parks held at 813 rows; the shared-municipal-domain over-collapse did not recur.
2026-08-16,info,data,STEP3_merge,out_of_window_dropped,43 rows,"Fresh research and iCal rows dated outside 2026-08-16..2026-09-30 were dropped by the window filter (43 total). Agents routinely transcribe the past head of an iCal feed, so this is the filter working as designed rather than a failed pull.",2026-08-16,pipeline,Expected; the window filter was not loosened to recover them.
2026-08-16,warning,source,STEP2_search,low_result_count,north metro suburban batch,"The suburban quadrant batch returned 25 events against a 50-80 target, with the north metro contributing only 3. West, east and south quadrants were comparatively healthy.",,,North-metro sources warrant a dedicated query batch on a future run.
2026-08-16,warning,source,STEP2_search,low_result_count,paid classes & camps batch,"The paid activities/classes/camps batch returned 11 items against a ~15 target. Late-August timing sits between summer camp sessions and fall class registration, which thins this category.",,,Seasonal; monitor when fall registration opens.
2026-08-16,info,source,STEP2_search,no_results_expected,Chick-fil-A family nights,"The targeted chain family-night check returned 0 dated, in-window events. Per the accuracy guard, nothing was emitted rather than an undated placeholder.",2026-08-16,pipeline,"Correct result, not a failure."
2026-08-16,info,data,STEP4.9_geocode,geocode_multilocation,66 rows,"Nominatim filled 174 coordinate pairs across two passes, bringing coverage to 1857/1923 (96.6%). The 66 rows still without coordinates are multi-venue or 'various locations' items that have no single mappable point.",2026-08-16,pipeline,Not resolvable to a point; correct to leave blank.
2026-08-16,info,data,STEP4.9_geocode,coordinates_out_of_bbox,2 rows,"Two carried-forward rows held coordinates outside the Minnesota bounding box: Ginkgo Coffeehouse sat at 40.689, 74.045 (Statue of Liberty, longitude sign lost) and Markley Grove at 39.118, -97.710 in Kansas. Both were blanked and re-geocoded.",2026-08-16,pipeline,"Ginkgo Coffeehouse corrected to 44.958605, -93.167106. Markley Grove did not resolve and ships without coordinates."
2026-08-16,info,pipeline,STEP5_build,integrity_gate_passed,"1,923 rows","Pre-publish gate passed on all checks: 0 brewery/alcohol leaks with all 3 allowlisted seeds present, price_type entirely within Free|Paid|Varies, tags uniformly comma-strings, 0 category mismatches, 0 out-of-window dated rows, 0 blank titles or image URLs, 0 out-of-bbox coordinates, and 0 internal markers leaked into the 19-field schema.",2026-08-16,pipeline,"Gate is the real publish guard, per prior-run guidance."
2026-08-16,info,data,STEP5_build,carry_forward_filter_recheck,0 rows,"The brewery and closed-venue filters were re-run over the entire compiled set (carry-forward plus fresh) rather than fresh rows only. Zero brewery rows were found, confirming the 2026-08-15 cleanup of 15 carried taproom rows held.",2026-08-16,pipeline,Whole-set recheck retained as a standing step.
2026-08-16,info,pipeline,STEP6_publish,sheet_publish_ok,6 files,"All six outputs published to avlhohn/msp-family-feed@main and verified by MD5 against the committed blob on attempt 1: msp_family_guide.json (1,633,887 B), events.csv (718 rows), parks.csv (813), deals.csv (86), volunteer.csv (85), restaurants.csv (221).",2026-08-16,pipeline,No false FAIL and no redundant PUTs under content-hash verification.
2026-08-16,info,pipeline,STEP8_summary,run_summary,1923 rows,"Daily refresh for 2026-08-16 (Sunday), window 2026-08-16..2026-09-30. Final counts: events 718, parks 813, meal_deals 86, volunteer_opportunities 85, restaurants 221 — 1923 rows total. 8 research batches plus 7 iCal feeds fed the merge; 183/183 must-include seeds present; 100% image coverage; 96.6% geocoded.",2026-08-16,pipeline,Run completed end-to-end with no unresolved errors.
2026-08-17,info,events,STEP2_ical_pull,source_unreachable,Anoka County Library,Anoka County Library returned 1 in-window events (status=truncated). Feed ~730KB exceeds WebFetch fetch limit — expected.,,,
2026-08-17,info,events,STEP2_ical_pull,source_unreachable,Great River Regional Library,Great River Regional Library returned 0 in-window events (status=empty).,,,
2026-08-17,info,events,STEP2_search,source_unreachable,Saint Paul Parks (stpaul.gov/parkevents),Source returned navigation/framework HTML only or blocks automated fetch; no event data extracted this run.,,,
2026-08-17,info,events,STEP2_search,source_unreachable,Explore Minnesota events calendar,Source returned navigation/framework HTML only or blocks automated fetch; no event data extracted this run.,,,
2026-08-17,info,events,STEP2_search,source_unreachable,Richfield ActiveNet (anc.apm.activecommunities.com),Source returned navigation/framework HTML only or blocks automated fetch; no event data extracted this run.,,,
2026-08-17,info,events,STEP2_search,source_unreachable,Dakota County Parks (WEBTRAC),Source returned navigation/framework HTML only or blocks automated fetch; no event data extracted this run.,,,
2026-08-17,info,events,STEP2_search,source_unreachable,Three Rivers Park District /programs (WEBTRAC),Source returned navigation/framework HTML only or blocks automated fetch; no event data extracted this run.,,,
2026-08-17,warning,events,STEP4.6_geocode,unresolved_geocode,Lac qui Parle County Fair,"Nominatim returned no MN-bbox match for address: ""Lac qui Parle County Fairgrounds, MN"". Needs a better street address.",,,
2026-08-17,warning,events,STEP4.6_geocode,unresolved_geocode,Three Rivers Parks - Outdoor Recreation School Camps,"Nominatim returned no MN-bbox match for address: ""Multiple Three Rivers Parks locations"". Needs a better street address.",,,
2026-08-17,warning,events,STEP4.6_geocode,unresolved_geocode,Movie in MY Park! Community Voting,"Nominatim returned no MN-bbox match for address: ""Multiple Rogers Parks, Rogers, MN"". Needs a better street address.",,,
2026-08-17,warning,events,STEP4.6_geocode,unresolved_geocode,Three Rivers Parks - Monarch Tagging,"Nominatim returned no MN-bbox match for address: ""Multiple Three Rivers Parks locations"". Needs a better street address.",,,
2026-08-17,warning,events,STEP4.6_geocode,unresolved_geocode,Three Rivers Parks - Catch a Crayfish,"Nominatim returned no MN-bbox match for address: ""Multiple Three Rivers Parks locations"". Needs a better street address.",,,
2026-08-17,warning,events,STEP4.6_geocode,unresolved_geocode,Rock the Block - Minneapolis Parks,"Nominatim returned no MN-bbox match for address: ""Various Minneapolis park locations"". Needs a better street address.",,,
2026-08-17,warning,events,STEP4.6_geocode,unresolved_geocode,Three Rivers Parks - Try-It Camping,"Nominatim returned no MN-bbox match for address: ""Multiple Three Rivers Parks locations"". Needs a better street address.",,,
2026-08-17,warning,events,STEP4.6_geocode,unresolved_geocode,Rochester Eagles Club Wednesday Car Shows,"Nominatim returned no MN-bbox match for address: ""Zumbro Aerie 2228 Eagles Club, 917 15th Ave SE, Rochester, MN 55904"". Needs a better street address.",,,
2026-08-17,warning,events,STEP4.6_geocode,unresolved_geocode,Saint Paul Parks and Recreation Tot Times,"Nominatim returned no MN-bbox match for address: ""Various Saint Paul Recreation Centers"". Needs a better street address.",,,
2026-08-17,warning,events,STEP4.6_geocode,unresolved_geocode,ECFE Fall 2026 Classes - Minneapolis Public Schools,"Nominatim returned no MN-bbox match for address: ""Minneapolis Public School District locations"". Needs a better street address.",,,
2026-08-17,warning,events,STEP4.6_geocode,unresolved_geocode,ECFE Fall 2026 - South Washington County Schools,"Nominatim returned no MN-bbox match for address: ""South Washington County Schools area"". Needs a better street address.",,,
2026-08-17,warning,events,STEP4.6_geocode,unresolved_geocode,One Last Wild Day - Grades 1-2 Camp,"Nominatim returned no MN-bbox match for address: ""8946 70th Street S, West St. Paul and Cottage Grove, MN 55016"". Needs a better street address.",,,
2026-08-17,warning,events,STEP4.6_geocode,unresolved_geocode,One Last Wild Day - Grades 3-5 Camp,"Nominatim returned no MN-bbox match for address: ""8946 70th Street S, West St. Paul and Cottage Grove, MN 55016"". Needs a better street address.",,,
2026-08-17,warning,events,STEP4.6_geocode,unresolved_geocode,Contraption Club (3D Printing),"Nominatim returned no MN-bbox match for address: ""Park Grove Library, Cottage Grove Service Center"". Needs a better street address.",,,
2026-08-17,warning,events,STEP4.6_geocode,unresolved_geocode,Let's Read Summer Drop-in,"Nominatim returned no MN-bbox match for address: ""Multiple locations: Hosmer, Brookdale, Brooklyn Park, Pierre Bottineau, Sumner, North Regional, Minneapolis, MN"". Needs a better street address.",,,
2026-08-17,warning,events,STEP4.6_geocode,unresolved_geocode,Game On!,"Nominatim returned no MN-bbox match for address: ""Excelsior Library, Minneapolis, MN"". Needs a better street address.",,,
2026-08-17,warning,events,STEP4.6_geocode,unresolved_geocode,Mario Mondays,"Nominatim returned no MN-bbox match for address: ""RCL - Roseville, Roseville, MN"". Needs a better street address.",,,
2026-08-17,warning,events,STEP4.6_geocode,unresolved_geocode,Yazeba's Bed and Breakfast: Teen Gaming,"Nominatim returned no MN-bbox match for address: ""RCL - Shoreview, 4560 North Victoria St., Shoreview, MN 55126"". Needs a better street address.",,,
2026-08-17,warning,events,STEP4.6_geocode,unresolved_geocode,Family Storytime Guest: Hooperina!,"Nominatim returned no MN-bbox match for address: ""RCL - Shoreview, 4560 North Victoria St., Shoreview, MN 55126"". Needs a better street address.",,,
2026-08-17,warning,events,STEP4.6_geocode,unresolved_geocode,Gaming Wednesdays for Teens: Virtual Gaming,"Nominatim returned no MN-bbox match for address: ""Online (Zoom)"". Needs a better street address.",,,
2026-08-17,warning,events,STEP4.6_geocode,unresolved_geocode,Garden Storytime,"Nominatim returned no MN-bbox match for address: ""Eloise Butler Wildflower Garden, 1 Theodore Wirth Pkwy, Minneapolis, MN 55405"". Needs a better street address.",,,
2026-08-17,warning,events,STEP4.6_geocode,unresolved_geocode,Peace Garden Volunteering,"Nominatim returned no MN-bbox match for address: ""Lyndale Park Peace Garden, 4124 Roseway Road, Minneapolis, MN 55409"". Needs a better street address.",,,
2026-08-17,warning,events,STEP4.6_geocode,unresolved_geocode,Touch-A-Truck at Civic Campus,"Nominatim returned no MN-bbox match for address: ""Civic Campus, Chaska, MN"". Needs a better street address.",,,
2026-08-17,warning,events,STEP4.6_geocode,unresolved_geocode,Touch-A-Truck at Crystal Community Center,"Nominatim returned no MN-bbox match for address: ""Crystal Community Center & Crystal Cove Aquatic Center, Crystal, MN"". Needs a better street address.",,,
2026-08-17,warning,events,STEP4.6_geocode,unresolved_geocode,Minnesota Zoo Daytime Experiences,"Nominatim returned no MN-bbox match for address: ""Minnesota Zoo, Mora, MN"". Needs a better street address.",,,
2026-08-17,warning,events,STEP4.6_geocode,unresolved_geocode,Wings Credit Union World of Bird Show,"Nominatim returned no MN-bbox match for address: ""Minnesota Zoo, Mora, MN"". Needs a better street address.",,,
2026-08-17,warning,events,STEP4.6_geocode,unresolved_geocode,Backstage Pass: Moose,"Nominatim returned no MN-bbox match for address: ""Minnesota Zoo, Mora, MN"". Needs a better street address.",,,
2026-08-17,warning,events,STEP4.6_geocode,unresolved_geocode,St. Louis Park Art Fair,"Nominatim returned no MN-bbox match for address: ""Recreation Outdoor Center, St. Louis Park, MN"". Needs a better street address.",,,
2026-08-17,warning,events,STEP4.6_geocode,unresolved_geocode,FIELD TRIP Arts and Nature Festival,"Nominatim returned no MN-bbox match for address: ""Silverwood Park, Saint Paul, MN"". Needs a better street address.",,,
2026-08-17,warning,events,STEP4.6_geocode,unresolved_geocode,Artist Gathering: Puppets in Progress,"Nominatim returned no MN-bbox match for address: ""In the Heart of the Beast Puppet & Mask Theatre, 2411 Hennepin Ave, Minneapolis, MN 55405"". Needs a better street address.",,,
2026-08-17,warning,events,STEP4.6_geocode,unresolved_geocode,Puppet Library Open Hours,"Nominatim returned no MN-bbox match for address: ""In the Heart of the Beast Puppet and Mask Theatre, 2411 Hennepin Ave, Minneapolis, MN 55405"". Needs a better street address.",,,
2026-08-17,warning,events,STEP4.6_geocode,unresolved_geocode,First Saturday Storytime at HOBT,"Nominatim returned no MN-bbox match for address: ""In the Heart of the Beast Puppet and Mask Theatre, 2411 Hennepin Ave, Minneapolis, MN 55405"". Needs a better street address.",,,
2026-08-17,warning,events,STEP4.6_geocode,unresolved_geocode,Drop-In Discoveries: Honeybees,"Nominatim returned no MN-bbox match for address: ""Three Rivers Park District, Hennepin County, MN"". Needs a better street address.",,,
2026-08-17,warning,events,STEP4.6_geocode,unresolved_geocode,Nature at Night: Sounds of Summer,"Nominatim returned no MN-bbox match for address: ""Three Rivers Park District, Hennepin County, MN"". Needs a better street address.",,,
2026-08-17,warning,events,STEP4.6_geocode,unresolved_geocode,Marvelous Monarchs,"Nominatim returned no MN-bbox match for address: ""Three Rivers Park District, Hennepin County, MN"". Needs a better street address.",,,
2026-08-17,warning,events,STEP4.6_geocode,unresolved_geocode,Drop-In Discoveries: Forest Free Play,"Nominatim returned no MN-bbox match for address: ""Three Rivers Park District, Hennepin County, MN"". Needs a better street address.",,,
2026-08-17,warning,events,STEP4.6_geocode,unresolved_geocode,Prairie Seed Collection,"Nominatim returned no MN-bbox match for address: ""Three Rivers Park District, Hennepin County, MN"". Needs a better street address.",,,
2026-08-17,warning,events,STEP4.6_geocode,unresolved_geocode,Fall Colors Family Kayaking,"Nominatim returned no MN-bbox match for address: ""Three Rivers Park District, Hennepin County, MN"". Needs a better street address.",,,
2026-08-17,warning,events,STEP4.6_geocode,unresolved_geocode,Minneapolis Parks Summer Exploration Programs,"Nominatim returned no MN-bbox match for address: ""Theodore Wirth, Minnehaha, and North Mississippi Regional Parks, Minneapolis, MN"". Needs a better street address.",,,
2026-08-17,warning,events,STEP4.6_geocode,unresolved_geocode,Kroening Nature Center Family Fun Days,"Nominatim returned no MN-bbox match for address: ""Kroening Nature Center, Minneapolis, MN"". Needs a better street address.",,,
2026-08-17,warning,events,STEP4.6_geocode,unresolved_geocode,Paul Hintz Jazz & Ragtime Performance - Woodbury,"Nominatim returned no MN-bbox match for address: ""Central Park, 8595 Central Park Place, Woodbury, MN"". Needs a better street address.",,,
2026-08-17,warning,events,STEP4.6_geocode,unresolved_geocode,Minnesota Renaissance Festival - Shakopee,"Nominatim returned no MN-bbox match for address: ""12364 Chestnut Boulevard, Shakopee, MN 55379"". Needs a better street address.",,,
2026-08-17,warning,events,STEP4.6_geocode,unresolved_geocode,Kids Building Minnesota - Mall of America,"Nominatim returned no MN-bbox match for address: ""Mall of America East Lot, Bloomington, MN"". Needs a better street address.",,,
2026-08-17,warning,events,STEP4.6_geocode,unresolved_geocode,Three Rivers Park District - Try-It Camping,"Nominatim returned no MN-bbox match for address: ""Baker Park Reserve, Three Rivers Park District area, MN"". Needs a better street address.",,,
2026-08-17,warning,events,STEP4.6_geocode,unresolved_geocode,Three Rivers Park District - My Preschooler & Me,"Nominatim returned no MN-bbox match for address: ""Lowry Nature Center, Three Rivers Parks area, MN"". Needs a better street address.",,,
2026-08-17,warning,events,STEP4.6_geocode,unresolved_geocode,Three Rivers Park District - Saturday Morning on the Farm,"Nominatim returned no MN-bbox match for address: ""Gale Woods Farm, Three Rivers Parks area, MN"". Needs a better street address.",,,
2026-08-17,warning,events,STEP4.6_geocode,unresolved_geocode,Three Rivers Park District - Preschool Farm Programs,"Nominatim returned no MN-bbox match for address: ""Gale Woods Farm, Three Rivers Parks area, MN"". Needs a better street address.",,,
2026-08-17,warning,events,STEP4.6_geocode,unresolved_geocode,Three Rivers Park District - Park Pals Fall Series,"Nominatim returned no MN-bbox match for address: ""Mississippi Gateway Regional Park, Three Rivers Parks area, MN"". Needs a better street address.",,,
2026-08-17,warning,events,STEP4.6_geocode,unresolved_geocode,Three Rivers Park District - Preschool Drop-off Series,"Nominatim returned no MN-bbox match for address: ""Silverwood Park, Three Rivers Parks area, MN"". Needs a better street address.",,,
2026-08-17,warning,events,STEP4.6_geocode,unresolved_geocode,Houston County Fair,"Nominatim returned no MN-bbox match for address: ""Caledonia, MN Fairgrounds, Caledonia, MN"". Needs a better street address.",,,
2026-08-17,warning,events,STEP4.6_geocode,unresolved_geocode,Corn and Pork Chop Jubilee,"Nominatim returned no MN-bbox match for address: ""Alexandria Fire Department, Alexandria, MN"". Needs a better street address.",,,
2026-08-17,warning,events,STEP4.6_geocode,unresolved_geocode,Austin Artworks Festival,"Nominatim returned no MN-bbox match for address: ""Downtown Austin, Austin, MN"". Needs a better street address.",,,
2026-08-17,warning,events,STEP4.6_geocode,unresolved_geocode,Stiftungsfest,"Nominatim returned no MN-bbox match for address: ""Willkommen Park, Norwood Young America, MN"". Needs a better street address.",,,
2026-08-17,warning,events,STEP4.6_geocode,unresolved_geocode,NHRA Nationals,"Nominatim returned no MN-bbox match for address: ""Brainerd International Raceway, Brainerd, MN"". Needs a better street address.",,,
2026-08-17,warning,events,STEP4.6_geocode,unresolved_geocode,Hot Summer Nights Cruise In,"Nominatim returned no MN-bbox match for address: ""Downtown Waterville, Waterville, MN"". Needs a better street address.",,,
2026-08-17,warning,events,STEP4.6_geocode,unresolved_geocode,Lakeside Concert Series,"Nominatim returned no MN-bbox match for address: ""Birch Lake Park Pavilion, Hackensack, MN"". Needs a better street address.",,,
2026-08-17,warning,events,STEP4.6_geocode,unresolved_geocode,Mankato State Mavericks vs Bemidji State (Football),"Nominatim returned no MN-bbox match for address: ""234 Westgate Drive, Mankato, MN 56001"". Needs a better street address.",,,
2026-08-17,warning,events,STEP4.6_geocode,unresolved_geocode,Mankato State Mavericks vs Northern State (Football),"Nominatim returned no MN-bbox match for address: ""234 Westgate Drive, Mankato, MN 56001"". Needs a better street address.",,,
2026-08-17,warning,events,STEP4.6_geocode,unresolved_geocode,Minnesota Lynx vs Indiana Fever (WNBA),"Nominatim returned no MN-bbox match for address: ""600 First Avenue North, Minneapolis, MN 55403"". Needs a better street address.",,,
2026-08-17,warning,events,STEP4.6_geocode,unresolved_geocode,Minneapolis/St Paul Parks Fall Swim Lessons Registration,"Nominatim returned no MN-bbox match for address: ""Various locations, Minneapolis and St Paul, MN"". Needs a better street address.",,,
2026-08-17,warning,events,STEP4.6_geocode,unresolved_geocode,Bouldering Project: After-School Climbing Classes (Minneapolis),"Nominatim returned no MN-bbox match for address: ""Multiple Minneapolis locations"". Needs a better street address.",,,
2026-08-17,warning,events,STEP4.6_geocode,unresolved_geocode,Minneapolis ECFE Fall 2026 Registration,"Nominatim returned no MN-bbox match for address: ""Various Minneapolis Public School locations"". Needs a better street address.",,,
2026-08-17,warning,events,STEP4.6_geocode,unresolved_geocode,District 196 ECFE Fall 2026 Classes,"Nominatim returned no MN-bbox match for address: ""Various District 196 locations, Apple Valley area, MN"". Needs a better street address.",,,
2026-08-17,warning,events,STEP4.6_geocode,unresolved_geocode,River Bend Nature Center: Lunch & Learn - Minnesota's Mussels,"Nominatim returned no MN-bbox match for address: ""1521 Quarry Hill Road, Faribault, MN 55021"". Needs a better street address.",,,
2026-08-17,warning,events,STEP4.6_geocode,unresolved_geocode,Three Rivers Park District: Monarch Tagging Program,"Nominatim returned no MN-bbox match for address: ""Multiple Three Rivers locations (Lowry Nature Center, Richardson Nature Center)"". Needs a better street address.",,,
2026-08-17,warning,events,STEP4.6_geocode,unresolved_geocode,Sticky Fingers Cooking: After-School Classes,"Nominatim returned no MN-bbox match for address: ""Various Twin Cities school locations"". Needs a better street address.",,,
2026-08-17,warning,events,STEP4.6_geocode,unresolved_geocode,Saint Paul Flag Football Fall League,"Nominatim returned no MN-bbox match for address: ""Various Saint Paul locations"". Needs a better street address.",,,
2026-08-17,warning,events,STEP4.6_geocode,unresolved_geocode,SEA LIFE Minnesota Aquarium Birthday Parties,"Nominatim returned no MN-bbox match for address: ""7600 MALL OF AMERICA DRIVE, Bloomington, MN 55425"". Needs a better street address.",,,
2026-08-17,warning,events,STEP4.6_geocode,unresolved_geocode,Urban Air Adventure Park - Trampoline Parks,"Nominatim returned no MN-bbox match for address: ""Multiple Minnesota locations"". Needs a better street address.",,,
2026-08-17,warning,events,STEP4.6_geocode,unresolved_geocode,Zero Gravity Adventure Park - Trampoline Park & Ninja Course,"Nominatim returned no MN-bbox match for address: ""Minnesota (multiple locations)"". Needs a better street address.",,,
2026-08-17,warning,events,STEP4.6_geocode,unresolved_geocode,Twin Cities Music Schools - Music Together Classes,"Nominatim returned no MN-bbox match for address: ""Multiple Twin Cities locations"". Needs a better street address.",,,
2026-08-17,warning,events,STEP4.6_geocode,unresolved_geocode,Kindermusik Twin Cities - Early Childhood Music Classes,"Nominatim returned no MN-bbox match for address: ""Multiple Twin Cities locations"". Needs a better street address.",,,
2026-08-17,warning,events,STEP4.6_geocode,unresolved_geocode,Brighter Minds Music - Kids Music Classes & Lessons,"Nominatim returned no MN-bbox match for address: ""Multiple Twin Cities locations"". Needs a better street address.",,,
2026-08-17,warning,events,STEP4.6_geocode,unresolved_geocode,Big Blue Blocks Drop-In,"Nominatim returned no MN-bbox match for address: ""Wildwood Zephyr Conference Room 115, Wildwood Library"". Needs a better street address.",,,
2026-08-17,warning,events,STEP4.6_geocode,unresolved_geocode,Spotlight Storytime: Savagepalooza,"Nominatim returned no MN-bbox match for address: ""Savage Large Meeting Room, Savage Library"". Needs a better street address.",,,
2026-08-17,warning,events,STEP4.6_geocode,unresolved_geocode,Waggin' Tale Reading Time,"Nominatim returned no MN-bbox match for address: ""Prior Lake Small Meeting Room, Prior Lake Library"". Needs a better street address.",,,
2026-08-17,warning,events,STEP4.6_geocode,unresolved_geocode,Snake Discovery,"Nominatim returned no MN-bbox match for address: ""Chanhassen, Watertown, Chaska, Waconia, Norwood Young America"". Needs a better street address.",,,
2026-08-17,warning,parks,STEP4.6_geocode,unresolved_geocode,Woodhaven Park (Destination All-Play),"Nominatim returned no MN-bbox match for address: ""1950 Gold Trail, 55122, Eagan, MN"". Needs a better street address.",,,
2026-08-17,warning,meal_deals,STEP4.6_geocode,unresolved_geocode,Crave Restaurant,"Nominatim returned no MN-bbox match for address: ""Multiple locations (Roseville, Eden Prairie, Minneapolis, Rochester)"". Needs a better street address.",,,
2026-08-17,warning,meal_deals,STEP4.6_geocode,unresolved_geocode,Green Mill Restaurant & Bar,"Nominatim returned no MN-bbox match for address: ""Multiple Twin Cities and outstate locations"". Needs a better street address.",,,
2026-08-17,info,events,STEP4.5_website_backfill,missing_website,St. Louis Park Outdoor Movie - A Minecraft Movie,"No website on file; address=""St. Louis Park, MN"". Candidate for website lookup.",,,
2026-08-17,info,events,STEP4.5_website_backfill,missing_website,Lac qui Parle County Fair,"No website on file; address=""Lac qui Parle County Fairgrounds, MN"". Candidate for website lookup.",,,
2026-08-17,info,events,STEP4.5_website_backfill,missing_website,Honored 2 Help Back 2 School BBQ,"No website on file; address=""Park Center High School, Brooklyn Center, MN"". Candidate for website lookup.",,,
2026-08-17,info,events,STEP4.5_website_backfill,missing_website,Movie Night on the Barn,"No website on file; address=""Historic Eidem Farm, Coon Rapids, MN"". Candidate for website lookup.",,,
2026-08-17,info,events,STEP4.5_website_backfill,missing_website,St. Tim's Carnival,"No website on file; address=""707 89th Ave NE, Blaine, MN"". Candidate for website lookup.",,,
2026-08-17,info,events,STEP4.5_website_backfill,missing_website,Toddler Tuesday - ECFE,"No website on file; address=""10 Coon Rapids Boulevard, Coon Rapids, MN"". Candidate for website lookup.",,,
2026-08-17,info,events,STEP4.5_website_backfill,missing_website,James J Hill Days - Wayzata,"No website on file; address=""Lake Street, Wayzata, MN"". Candidate for website lookup.",,,
2026-08-17,info,events,STEP4.5_website_backfill,missing_website,Excelsior Apple Days,"No website on file; address=""Downtown Excelsior, MN"". Candidate for website lookup.",,,
2026-08-17,info,events,STEP4.5_website_backfill,missing_website,Anoka NW Food Truck Fest After Dark - Asian Pacific Islands Edition,"No website on file; address=""Downtown Anoka, MN"". Candidate for website lookup.",,,
2026-08-17,info,events,STEP4.5_website_backfill,missing_website,New Prague Dozinky Days,"No website on file; address=""Main Street, New Prague, MN"". Candidate for website lookup.",,,
2026-08-17,info,events,STEP4.5_website_backfill,missing_website,New Ulm Car & Bike Roll-Ins,"No website on file; address=""New Ulm, MN"". Candidate for website lookup.",,,
2026-08-17,info,events,STEP4.5_website_backfill,missing_website,Mahkato Wacipi Pow Wow,"No website on file; address=""Mankato, MN"". Candidate for website lookup.",,,
2026-08-17,info,events,STEP4.5_website_backfill,missing_website,Slick City Indoor Playground - Woodbury (Opening 2026),"No website on file; address=""Woodbury, MN"". Candidate for website lookup.",,,
2026-08-17,info,events,STEP4.5_website_backfill,missing_website,Bounce Town - Mankato Indoor Play,"No website on file; address=""Mankato, MN"". Candidate for website lookup.",,,
2026-08-17,info,events,STEP4.5_website_backfill,missing_website,St. Louis Park Art Fair,"No website on file; address=""Recreation Outdoor Center, St. Louis Park, MN"". Candidate for website lookup.",,,
2026-08-17,info,events,STEP4.5_website_backfill,missing_website,FIELD TRIP Arts and Nature Festival,"No website on file; address=""Silverwood Park, Saint Paul, MN"". Candidate for website lookup.",,,
2026-08-17,info,events,STEP4.5_website_backfill,missing_website,Sounds of Summer Outdoor Concerts - Maple Grove,"No website on file; address=""Town Green, Maple Grove, MN"". Candidate for website lookup.",,,
2026-08-17,info,events,STEP4.5_website_backfill,missing_website,Pop Up Splash Pad - Maple Grove,"No website on file; address=""Thoresen Park, Maple Grove, MN"". Candidate for website lookup.",,,
2026-08-17,info,events,STEP4.5_website_backfill,missing_website,Grooves & Foods Outdoor Concert - Maple Grove,"No website on file; address=""Town Green, Maple Grove, MN"". Candidate for website lookup.",,,
2026-08-17,info,events,STEP4.5_website_backfill,missing_website,Sounds of Summer Kids Concert - Maple Grove,"No website on file; address=""Town Green, Maple Grove, MN"". Candidate for website lookup.",,,
2026-08-17,info,events,STEP4.5_website_backfill,missing_website,Outdoor Movies in the Park - Maple Grove,"No website on file; address=""Town Green, Maple Grove, MN"". Candidate for website lookup.",,,
2026-08-17,info,events,STEP4.5_website_backfill,missing_website,Live at the Rog: Riffin' Griffin - Roseville,"No website on file; address=""Central Park - Frank Rog Amphitheatre, Roseville, MN 55113"". Candidate for website lookup.",,,
2026-08-17,info,events,STEP4.5_website_backfill,missing_website,Paul Hintz Jazz & Ragtime Performance - Woodbury,"No website on file; address=""Central Park, 8595 Central Park Place, Woodbury, MN"". Candidate for website lookup.",,,
2026-08-17,info,events,STEP4.5_website_backfill,missing_website,Live at the Rog: Alligations - Roseville,"No website on file; address=""Central Park - Frank Rog Amphitheatre, Roseville, MN 55113"". Candidate for website lookup.",,,
2026-08-17,info,events,STEP4.5_website_backfill,missing_website,Zumba Summer Outdoor Session - Oakdale,"No website on file; address=""Oakdale Discovery Center, Oakdale, MN"". Candidate for website lookup.",,,
2026-08-17,info,events,STEP4.5_website_backfill,missing_website,Wellness in the Park - Roseville,"No website on file; address=""2525 Dale Street North, Roseville, MN 55113"". Candidate for website lookup.",,,
2026-08-17,info,events,STEP4.5_website_backfill,missing_website,Movie in the Park: Lilo & Stitch - Hastings,"No website on file; address=""Levee Park, Hastings, MN"". Candidate for website lookup.",,,
2026-08-17,info,events,STEP4.5_website_backfill,missing_website,Carpenter Fall Raptor Release - Hastings,"No website on file; address=""Vermillion Falls Park, Hastings, MN"". Candidate for website lookup.",,,
2026-08-17,info,events,STEP4.5_website_backfill,missing_website,Fall Food Truck Festival - Apple Valley,"No website on file; address=""Apple Valley, MN"". Candidate for website lookup.",,,
2026-08-17,info,events,STEP4.5_website_backfill,missing_website,Beastly Bash - Minnesota Zoo,"No website on file; address=""Minnesota Zoo, Apple Valley, MN"". Candidate for website lookup.",,,
2026-08-17,info,events,STEP4.5_website_backfill,missing_website,Library Story Time - Oakdale,"No website on file; address=""Oakdale Discovery Center, Oakdale, MN"". Candidate for website lookup.",,,
2026-08-17,info,events,STEP4.5_website_backfill,missing_website,Fall Farmers Market - Apple Valley,"No website on file; address=""Apple Valley, MN"". Candidate for website lookup.",,,
2026-08-17,info,events,STEP4.5_website_backfill,missing_website,Sounds of Summer Concert - Maple Grove,"No website on file; address=""Town Green, Maple Grove, MN"". Candidate for website lookup.",,,
2026-08-17,info,events,STEP4.5_website_backfill,missing_website,Kids Building Minnesota - Mall of America,"No website on file; address=""Mall of America East Lot, Bloomington, MN"". Candidate for website lookup.",,,
2026-08-17,info,events,STEP4.5_website_backfill,missing_website,Three Rivers Park District - Try-It Camping,"No website on file; address=""Baker Park Reserve, Three Rivers Park District area, MN"". Candidate for website lookup.",,,
2026-08-17,info,events,STEP4.5_website_backfill,missing_website,Three Rivers Park District - My Preschooler & Me,"No website on file; address=""Lowry Nature Center, Three Rivers Parks area, MN"". Candidate for website lookup.",,,
2026-08-17,info,events,STEP4.5_website_backfill,missing_website,Three Rivers Park District - Saturday Morning on the Farm,"No website on file; address=""Gale Woods Farm, Three Rivers Parks area, MN"". Candidate for website lookup.",,,
2026-08-17,info,events,STEP4.5_website_backfill,missing_website,Three Rivers Park District - Preschool Farm Programs,"No website on file; address=""Gale Woods Farm, Three Rivers Parks area, MN"". Candidate for website lookup.",,,
2026-08-17,info,events,STEP4.5_website_backfill,missing_website,Three Rivers Park District - Park Pals Fall Series,"No website on file; address=""Mississippi Gateway Regional Park, Three Rivers Parks area, MN"". Candidate for website lookup.",,,
2026-08-17,info,events,STEP4.5_website_backfill,missing_website,Three Rivers Park District - Preschool Drop-off Series,"No website on file; address=""Silverwood Park, Three Rivers Parks area, MN"". Candidate for website lookup.",,,
2026-08-17,info,events,STEP4.5_website_backfill,missing_website,Anoka County Fall Migration Bird Walks,"No website on file; address=""Coon Rapids Dam Regional Park, Anoka County, MN"". Candidate for website lookup.",,,
2026-08-17,info,events,STEP4.5_website_backfill,missing_website,Anoka County Fat Tire Biking,"No website on file; address=""Coon Rapids Dam Regional Park, Coon Rapids, MN"". Candidate for website lookup.",,,
2026-08-17,info,events,STEP4.5_website_backfill,missing_website,Houston County Fair,"No website on file; address=""Caledonia, MN Fairgrounds, Caledonia, MN"". Candidate for website lookup.",,,
2026-08-17,info,events,STEP4.5_website_backfill,missing_website,Harvest Moon Festival,"No website on file; address=""Whiteside Park, Ely, MN"". Candidate for website lookup.",,,
2026-08-17,info,events,STEP4.5_website_backfill,missing_website,Corn and Pork Chop Jubilee,"No website on file; address=""Alexandria Fire Department, Alexandria, MN"". Candidate for website lookup.",,,
2026-08-17,info,events,STEP4.5_website_backfill,missing_website,Duluth Fall Festival,"No website on file; address=""Downtown Duluth, Duluth, MN"". Candidate for website lookup.",,,
2026-08-17,info,events,STEP4.5_website_backfill,missing_website,Riverfront Fine Arts Festival,"No website on file; address=""Riverside, Northfield, MN"". Candidate for website lookup.",,,
2026-08-17,info,events,STEP4.5_website_backfill,missing_website,Bridge Chamber Music Festival,"No website on file; address=""Northfield, MN"". Candidate for website lookup.",,,
2026-08-17,info,events,STEP4.5_website_backfill,missing_website,Austin Artworks Festival,"No website on file; address=""Downtown Austin, Austin, MN"". Candidate for website lookup.",,,
2026-08-17,info,events,STEP4.5_website_backfill,missing_website,Stiftungsfest,"No website on file; address=""Willkommen Park, Norwood Young America, MN"". Candidate for website lookup.",,,
2026-08-17,info,events,STEP4.5_website_backfill,missing_website,Art Walk,"No website on file; address=""Downtown Rochester, Rochester, MN"". Candidate for website lookup.",,,
2026-08-17,info,events,STEP4.5_website_backfill,missing_website,Latino Fest,"No website on file; address=""Downtown Rochester, Rochester, MN"". Candidate for website lookup.",,,
2026-08-17,info,events,STEP4.5_website_backfill,missing_website,Dogs Downtown,"No website on file; address=""Downtown Rochester, Rochester, MN"". Candidate for website lookup.",,,
2026-08-17,info,events,STEP4.5_website_backfill,missing_website,NHRA Nationals,"No website on file; address=""Brainerd International Raceway, Brainerd, MN"". Candidate for website lookup.",,,
2026-08-17,info,events,STEP4.5_website_backfill,missing_website,Hot Summer Nights Cruise In,"No website on file; address=""Downtown Waterville, Waterville, MN"". Candidate for website lookup.",,,
2026-08-17,info,events,STEP4.5_website_backfill,missing_website,Lakeside Concert Series,"No website on file; address=""Birch Lake Park Pavilion, Hackensack, MN"". Candidate for website lookup.",,,
2026-08-17,info,parks,STEP4.5_website_backfill,missing_website,Lake Harriet Southeast Beach,"No website on file; address=""Minneapolis, MN"". Candidate for website lookup.",,,
2026-08-17,info,parks,STEP4.5_website_backfill,missing_website,Bryant Lake Regional Park Beach,"No website on file; address=""Eden Prairie, MN"". Candidate for website lookup.",,,
2026-08-17,info,parks,STEP4.5_website_backfill,missing_website,Lake Elmo Park Reserve Swim Pond,"No website on file; address=""Lake Elmo, MN"". Candidate for website lookup.",,,
2026-08-17,info,parks,STEP4.5_website_backfill,missing_website,Fish Lake Regional Park Beach,"No website on file; address=""Maple Grove, MN"". Candidate for website lookup.",,,
2026-08-17,info,events,STEP4.8_image,generic_image,Highland Park Aquatic Center,"Image is a generic curated_category fallback, not a photo of this place. Candidate for upgrade to a real og_image/openverse_named image.",,,
2026-08-17,info,events,STEP4.8_image,generic_image,Como Park Zoo & Conservatory,"Image is a generic curated_category fallback, not a photo of this place. Candidate for upgrade to a real og_image/openverse_named image.",,,
2026-08-17,info,events,STEP4.8_image,generic_image,North Commons Waterpark,"Image is a generic curated_category fallback, not a photo of this place. Candidate for upgrade to a real og_image/openverse_named image.",,,
2026-08-17,info,events,STEP4.8_image,generic_image,The Bakken Museum,"Image is a generic curated_category fallback, not a photo of this place. Candidate for upgrade to a real og_image/openverse_named image.",,,
2026-08-17,info,events,STEP4.8_image,generic_image,Minnesota History Center,"Image is a generic curated_category fallback, not a photo of this place. Candidate for upgrade to a real og_image/openverse_named image.",,,
2026-08-17,info,events,STEP4.8_image,generic_image,Mill City Museum,"Image is a generic curated_category fallback, not a photo of this place. Candidate for upgrade to a real og_image/openverse_named image.",,,
2026-08-17,info,events,STEP4.8_image,generic_image,Historic Fort Snelling,"Image is a generic curated_category fallback, not a photo of this place. Candidate for upgrade to a real og_image/openverse_named image.",,,
2026-08-17,info,events,STEP4.8_image,generic_image,Oliver H. Kelley Farm,"Image is a generic curated_category fallback, not a photo of this place. Candidate for upgrade to a real og_image/openverse_named image.",,,
2026-08-17,info,events,STEP4.8_image,generic_image,SEA LIFE Minnesota Aquarium,"Image is a generic curated_category fallback, not a photo of this place. Candidate for upgrade to a real og_image/openverse_named image.",,,
2026-08-17,info,events,STEP4.8_image,generic_image,Chaska Community Center,"Image is a generic curated_category fallback, not a photo of this place. Candidate for upgrade to a real og_image/openverse_named image.",,,
2026-08-17,info,events,STEP4.8_image,generic_image,Andover YMCA Community Center,"Image is a generic curated_category fallback, not a photo of this place. Candidate for upgrade to a real og_image/openverse_named image.",,,
2026-08-17,info,events,STEP4.8_image,generic_image,Eagan Community Center — The Blast,"Image is a generic curated_category fallback, not a photo of this place. Candidate for upgrade to a real og_image/openverse_named image.",,,
2026-08-17,info,events,STEP4.8_image,generic_image,Plymouth Community Center — K.U.B.E. Indoor Playground,"Image is a generic curated_category fallback, not a photo of this place. Candidate for upgrade to a real og_image/openverse_named image.",,,
2026-08-17,info,events,STEP4.8_image,generic_image,Phillips Aquatics Center,"Image is a generic curated_category fallback, not a photo of this place. Candidate for upgrade to a real og_image/openverse_named image.",,,
2026-08-17,info,events,STEP4.8_image,generic_image,Maplewood YMCA Community Center,"Image is a generic curated_category fallback, not a photo of this place. Candidate for upgrade to a real og_image/openverse_named image.",,,
2026-08-17,info,events,STEP4.8_image,generic_image,Rochester Recreation Center,"Image is a generic curated_category fallback, not a photo of this place. Candidate for upgrade to a real og_image/openverse_named image.",,,
2026-08-17,info,events,STEP4.8_image,generic_image,Lookout Ridge Indoor Playground,"Image is a generic curated_category fallback, not a photo of this place. Candidate for upgrade to a real og_image/openverse_named image.",,,
2026-08-17,info,events,STEP4.8_image,generic_image,Eagle's Nest Indoor Playground,"Image is a generic curated_category fallback, not a photo of this place. Candidate for upgrade to a real og_image/openverse_named image.",,,
2026-08-17,info,events,STEP4.8_image,generic_image,Backyard Indoor Playground at Brookview,"Image is a generic curated_category fallback, not a photo of this place. Candidate for upgrade to a real og_image/openverse_named image.",,,
2026-08-17,info,events,STEP4.8_image,generic_image,Maple Maze,"Image is a generic curated_category fallback, not a photo of this place. Candidate for upgrade to a real og_image/openverse_named image.",,,
2026-08-17,info,events,STEP4.8_image,generic_image,Adventure Peak at Edinborough Park,"Image is a generic curated_category fallback, not a photo of this place. Candidate for upgrade to a real og_image/openverse_named image.",,,
2026-08-17,info,events,STEP4.8_image,generic_image,The Treehouse at Williston Fitness Center,"Image is a generic curated_category fallback, not a photo of this place. Candidate for upgrade to a real og_image/openverse_named image.",,,
2026-08-17,info,events,STEP4.8_image,generic_image,American Girl - Mall of America,"Image is a generic curated_category fallback, not a photo of this place. Candidate for upgrade to a real og_image/openverse_named image.",,,
2026-08-17,info,events,STEP4.8_image,generic_image,The LEGO Store - Mall of America,"Image is a generic curated_category fallback, not a photo of this place. Candidate for upgrade to a real og_image/openverse_named image.",,,
2026-08-17,info,events,STEP4.8_image,generic_image,Wonderment,"Image is a generic curated_category fallback, not a photo of this place. Candidate for upgrade to a real og_image/openverse_named image.",,,
2026-08-17,info,events,STEP4.8_image,generic_image,CAMP Minneapolis,"Image is a generic curated_category fallback, not a photo of this place. Candidate for upgrade to a real og_image/openverse_named image.",,,
2026-08-17,info,events,STEP4.8_image,generic_image,The Works Museum,"Image is a generic curated_category fallback, not a photo of this place. Candidate for upgrade to a real og_image/openverse_named image.",,,
2026-08-17,info,events,STEP4.8_image,generic_image,Nickelodeon Universe,"Image is a generic curated_category fallback, not a photo of this place. Candidate for upgrade to a real og_image/openverse_named image.",,,
2026-08-17,info,events,STEP4.8_image,generic_image,Sever's Fall Festival & Corn Maze,"Image is a generic curated_category fallback, not a photo of this place. Candidate for upgrade to a real og_image/openverse_named image.",,,
2026-08-17,info,events,STEP4.8_image,generic_image,Emma Krumbee's,"Image is a generic curated_category fallback, not a photo of this place. Candidate for upgrade to a real og_image/openverse_named image.",,,
2026-08-17,info,events,STEP4.8_image,generic_image,Shoreview Community Center - Tropics Waterpark,"Image is a generic curated_category fallback, not a photo of this place. Candidate for upgrade to a real og_image/openverse_named image.",,,
2026-08-17,info,events,STEP4.8_image,generic_image,Great River Water Park,"Image is a generic curated_category fallback, not a photo of this place. Candidate for upgrade to a real og_image/openverse_named image.",,,
2026-08-17,info,events,STEP4.8_image,generic_image,Children's Theatre Company: Pinocchio,"Image is a generic curated_category fallback, not a photo of this place. Candidate for upgrade to a real og_image/openverse_named image.",,,
2026-08-17,info,events,STEP4.8_image,generic_image,Adventure Zone - Duluth,"Image is a generic curated_category fallback, not a photo of this place. Candidate for upgrade to a real og_image/openverse_named image.",,,
2026-08-17,info,events,STEP4.8_image,generic_image,Minnesota Twins Youth Baseball Clinics,"Image is a generic curated_category fallback, not a photo of this place. Candidate for upgrade to a real og_image/openverse_named image.",,,
2026-08-17,info,events,STEP4.8_image,generic_image,The Play Group,"Image is a generic curated_category fallback, not a photo of this place. Candidate for upgrade to a real og_image/openverse_named image.",,,
2026-08-17,info,events,STEP4.8_image,generic_image,PlayPark at Edinborough Park,"Image is a generic curated_category fallback, not a photo of this place. Candidate for upgrade to a real og_image/openverse_named image.",,,
2026-08-17,info,events,STEP4.8_image,generic_image,Monkey Junction,"Image is a generic curated_category fallback, not a photo of this place. Candidate for upgrade to a real og_image/openverse_named image.",,,
2026-08-17,info,events,STEP4.8_image,generic_image,Little Playdate,"Image is a generic curated_category fallback, not a photo of this place. Candidate for upgrade to a real og_image/openverse_named image.",,,
2026-08-17,info,events,STEP4.8_image,generic_image,Prairie Play Zone - Eden Prairie Community Center,"Image is a generic curated_category fallback, not a photo of this place. Candidate for upgrade to a real og_image/openverse_named image.",,,
2026-08-17,info,events,STEP4.8_image,generic_image,Nurture to Play - Sartell,"Image is a generic curated_category fallback, not a photo of this place. Candidate for upgrade to a real og_image/openverse_named image.",,,
2026-08-17,info,events,STEP4.8_image,generic_image,The Little Gym - Eagan,"Image is a generic curated_category fallback, not a photo of this place. Candidate for upgrade to a real og_image/openverse_named image.",,,
2026-08-17,info,events,STEP4.8_image,generic_image,The Little Gym - St. Louis Park,"Image is a generic curated_category fallback, not a photo of this place. Candidate for upgrade to a real og_image/openverse_named image.",,,
2026-08-17,info,events,STEP4.8_image,generic_image,Linden Hills Baby Storytime,"Image is a generic curated_category fallback, not a photo of this place. Candidate for upgrade to a real og_image/openverse_named image.",,,
2026-08-17,info,events,STEP4.8_image,generic_image,ECFE (Early Childhood Family Education) - Minneapolis Public Schools,"Image is a generic curated_category fallback, not a photo of this place. Candidate for upgrade to a real og_image/openverse_named image.",,,
2026-08-17,info,events,STEP4.8_image,generic_image,ECFE - Robbinsdale Area Schools,"Image is a generic curated_category fallback, not a photo of this place. Candidate for upgrade to a real og_image/openverse_named image.",,,
2026-08-17,info,events,STEP4.8_image,generic_image,Kindermusik - Twin Cities,"Image is a generic curated_category fallback, not a photo of this place. Candidate for upgrade to a real og_image/openverse_named image.",,,
2026-08-17,info,events,STEP4.8_image,generic_image,Music Together - Twin Cities,"Image is a generic curated_category fallback, not a photo of this place. Candidate for upgrade to a real og_image/openverse_named image.",,,
2026-08-17,info,events,STEP4.8_image,generic_image,Ladybug Music Classes,"Image is a generic curated_category fallback, not a photo of this place. Candidate for upgrade to a real og_image/openverse_named image.",,,
2026-08-17,info,events,STEP4.8_image,generic_image,Mounds View Community Center - Toddler Open Gym,"Image is a generic curated_category fallback, not a photo of this place. Candidate for upgrade to a real og_image/openverse_named image.",,,
2026-08-17,info,events,STEP4.8_image,generic_image,HealthPartners Fieldhouse - Open Play,"Image is a generic curated_category fallback, not a photo of this place. Candidate for upgrade to a real og_image/openverse_named image.",,,
2026-08-17,info,events,STEP4.8_image,generic_image,Teen Programs - Minneapolis Parks & Recreation,"Image is a generic curated_category fallback, not a photo of this place. Candidate for upgrade to a real og_image/openverse_named image.",,,
2026-08-17,info,events,STEP4.8_image,generic_image,Creekside Montessori - Toddler Community,"Image is a generic curated_category fallback, not a photo of this place. Candidate for upgrade to a real og_image/openverse_named image.",,,
2026-08-17,info,events,STEP4.8_image,generic_image,Blooma - New Mama Group,"Image is a generic curated_category fallback, not a photo of this place. Candidate for upgrade to a real og_image/openverse_named image.",,,
2026-08-17,info,events,STEP4.8_image,generic_image,Brainerd NHRA Nationals,"Image is a generic curated_category fallback, not a photo of this place. Candidate for upgrade to a real og_image/openverse_named image.",,,
2026-08-17,info,events,STEP4.8_image,generic_image,Saint Paul Movie in the Park - Encanto,"Image is a generic curated_category fallback, not a photo of this place. Candidate for upgrade to a real og_image/openverse_named image.",,,
2026-08-17,info,events,STEP4.8_image,generic_image,Saint Paul Movie in the Park - Wicked,"Image is a generic curated_category fallback, not a photo of this place. Candidate for upgrade to a real og_image/openverse_named image.",,,
2026-08-17,info,events,STEP4.8_image,generic_image,Southwest St. Louis County Fair,"Image is a generic curated_category fallback, not a photo of this place. Candidate for upgrade to a real og_image/openverse_named image.",,,
2026-08-17,info,events,STEP4.8_image,generic_image,FORWARD Park Concert,"Image is a generic curated_category fallback, not a photo of this place. Candidate for upgrade to a real og_image/openverse_named image.",,,
2026-08-17,info,events,STEP4.8_image,generic_image,Downtown Art Walk,"Image is a generic curated_category fallback, not a photo of this place. Candidate for upgrade to a real og_image/openverse_named image.",,,
2026-08-17,warning,volunteer_opportunities,STEP3_compile,missing_address,Buckthorn Removal Volunteer Stewardship Project,Row has no address; cannot geocode or map.,,,
2026-08-17,info,pipeline,STEP4,apify_disabled,Apify Facebook Events scraper,RUN_APIFY=False (retired 2026-08-01). STEP 4 skipped entirely by design.,,,
2026-08-17,info,pipeline,STEP4.3,seed_reassert,must-include seeds,"Loose seed matcher falsely matched 8 seeds onto parent rows; token-subset audit caught them and force-injected 8 real seed rows (5 restaurants, 2 events, 1 park).",,,
2026-08-17,info,pipeline,STEP4.3,dedup_title_city,same-title clusters,39 same-title/same-city clusters collapsed after the standard dedup passes (address-string variants defeat the address-keyed dedup). Multi-day runs merged to earliest in-window date with a run note.,,,
2026-08-17,warning,pipeline,STEP2,missing_source_file,event-source-calendars.md,The annotated primary-source calendar list referenced by the task file is not present in the working folder; named calendars were fetched from the inline list instead.,,,
2026-08-17,info,pipeline,STEP7_error_log,backlog_capped,unresolved_geocode,46 additional unresolved_geocode rows found this run but not logged — per-run cap of 80 applied to keep the fixer queue workable. Full set is derivable from the feed.,,,
2026-08-17,info,pipeline,STEP7_error_log,backlog_capped,missing_website,682 additional missing_website rows found this run but not logged — per-run cap of 60 applied to keep the fixer queue workable. Full set is derivable from the feed.,,,
2026-08-17,info,pipeline,STEP7_error_log,backlog_capped,generic_image,1662 additional generic_image rows found this run but not logged — per-run cap of 60 applied to keep the fixer queue workable. Full set is derivable from the feed.,,,
2026-08-17,info,events,STEP2_ical_pull,ical_feed_pull,Dodge Nature Center,"Dodge Nature Center iCal: 2 in-window events folded into events (status=ok, latest_dtstart=2026-08-30).",,,
2026-08-17,info,events,STEP2_ical_pull,ical_feed_pull,Washington County Library,"Washington County Library iCal: 1 in-window events folded into events (status=ok, latest_dtstart=2026-10-02).",,,
2026-08-17,info,events,STEP2_ical_pull,ical_feed_pull,Dakota County Library,"Dakota County Library iCal: 2 in-window events folded into events (status=ok, latest_dtstart=2026-09-29).",,,
2026-08-17,info,events,STEP2_ical_pull,ical_feed_pull,Anoka County Library,"Anoka County Library iCal: 1 in-window events folded into events (status=truncated, latest_dtstart=2026-09-30).",,,
2026-08-17,info,events,STEP2_ical_pull,ical_feed_pull,Scott County Library,"Scott County Library iCal: 5 in-window events folded into events (status=ok, latest_dtstart=2026-09-30).",,,
2026-08-17,info,events,STEP2_ical_pull,ical_feed_pull,Carver County Library,"Carver County Library iCal: 2 in-window events folded into events (status=ok, latest_dtstart=2026-09-29).",,,
2026-08-17,info,events,STEP2_ical_pull,ical_feed_pull,Great River Regional Library,"Great River Regional Library iCal: 0 in-window events folded into events (status=empty, latest_dtstart=2027-01-19).",,,
