title,description,category,price_type,price,age_range,address,latitude,longitude,image_url,image_source,date,time,phone,website,has_deal,deal_description,deal_expiry,tags
Minneapolis River Rats Water Ski Show - Tuesday Show,Elite Minnesota water ski show team performing on Tuesday nights in August.,events,free,,all-ages,"1758 West River Road N (Boom Island), Minneapolis, MN 55411",44.9875,-93.2599,https://images.squarespace-cdn.com/content/v1/65c25adb56e609053eb5b217/2d66846d-aef3-4fa0-ae36-ccd56f01d7b2/363367999_769494875181319_1306454163493925773_n.jpg,curated,2026-08-04,"6:20 PM pre-show, 6:40 PM main show",,https://www.tcriverrats.com/,false,,,"twin cities,free,water sports,show,summer entertainment"
Minnesota Zoo - Wanderlight Trail,"Outdoor nighttime experience featuring music, colorful lighting, and immersive effects. Open Wednesday-Sunday.",events,paid,Included with zoo admission or separate ticket,all-ages,"Minnesota Zoo, Mankato, MN",44.2945,-93.9856,https://www.exploreminnesota.com/sites/default/files/styles/full_width_image/public/2021-05/mn-zoo-tiger.jpg.webp?itok=cprkRiDL,curated,2026-08-02,Evening hours,,https://mnzoo.org/wanderlight-2026/,false,,,"zoo,night event,experience,summer,family-friendly"
Bloomington Arts in the Parks - August 6,Free outdoor performances in Bloomington parks with live entertainment.,events,free,,all-ages,"Bloomington Parks, Bloomington, MN",44.803334,-93.362126,https://images.pexels.com/photos/31874024/pexels-photo-31874024.jpeg,curated_category,2026-08-06,6:30 PM - 9:30 PM,,https://www.bloomingtonmn.gov/pr/arts-parks,false,,,"twin cities,free,arts,outdoor performance,bloomington"
Bloomington Midweek Music & Market - August,"Weekly outdoor market with live music, farmers market, beer garden, lawn games, and food trucks.",events,free,,all-ages,"Bloomington Civic Plaza east lot, Bloomington, MN",44.8500,-93.2809,https://images.pexels.com/photos/31874024/pexels-photo-31874024.jpeg,curated_category,2026-08-05,"5:00 PM - 8:00 PM (market/food), 5:30 PM (music)",,https://www.bloomingtonmn.gov/cob/upcoming-events,false,,,"twin cities,free,market,concert,bloomington,food trucks"
Maple Grove Sounds of Summer - Concert Series August,Free Monday & Wednesday evening all-ages concerts at Town Green during Sounds of Summer series.,events,free,,all-ages,"Town Green, 7991 Main Street N, Maple Grove, MN 55369",45.1106,-93.4500,https://images.pexels.com/photos/31874024/pexels-photo-31874024.jpeg,curated_category,2026-08-03,7:00 PM,,https://experiencemaplegrove.com/event/movies-in-the-park/,false,,,"twin cities,free,concert,maple grove,weekly,sounds of summer"
Crow Wing County Fair,"Brainerd's family-friendly fair featuring full midway with carnival rides, nightly grandstand events, free concerts, opportunities to win cash prizes, Opening Ceremonies with military recognition on Tuesday, and Baja Rally Races on Friday & Saturday evenings.",events,varies,,All ages,"2000 SE 13th St, Brainerd, MN",46.332912,-94.188281,https://images.pexels.com/photos/1384254/pexels-photo-1384254.jpeg,curated_category,2026-08-04,,(218) 829-6680,https://crowwingcountyfair.com/,false,,,"brainerd,county fair,outstate/day-trip,carnival,festival"
Spirit Valley Days,"45th annual West Duluth summer festival featuring signature parade (6:00-7:30pm), neighborhood pageant, car show, night-time entertainment, street full of local vendors, crafters, and food trucks supporting local and small businesses.",events,free,,All ages,"Grand Ave between 59th Ave W and Central Ave, Duluth, MN 55807",46.7838287,-92.1052679,https://images.pexels.com/photos/1384254/pexels-photo-1384254.jpeg,curated_category,2026-08-06,6:00 PM,,https://www.spiritvalleydays.com/,false,,,"duluth,festival,free,parade,car-show,outstate/day-trip"
Rochester Thursdays Downtown Street Festival - August 6,"Continuation of Southern Minnesota's largest art, food and music street festival. Weekly event featuring 50+ food/beverage vendors, 50+ artisan vendors, live music performances on two stages (6 performances per week at 11:30am, 5pm, 7pm).",events,free,,All ages,"1st Ave SW (W Center St to Historic 3rd St SW) & Peace Plaza, Rochester, MN",44.0234387,-92.4630182,https://images.pexels.com/photos/1384254/pexels-photo-1384254.jpeg,curated_category,2026-08-06,11:00 AM,,https://www.downtownrochestermn.com/thursdays-downtown,false,,,"rochester,festival,free,music,outstate/day-trip"
Moorhead RiverArts Music in the Park,Outdoor music events in Moorhead parks featuring live musical performances. Events scheduled throughout summer months including August.,events,free,,All ages,"Northeast Park, Moorhead, MN",46.87391,-96.75387,https://images.pexels.com/photos/1384254/pexels-photo-1384254.jpeg,curated_category,2026-08-05,,,https://www.moorheadmn.gov/parks-rec/events/,false,,,"moorhead,festival,free,music,outstate/day-trip"
Winona Municipal Band Concert Series,Weekly summer concert series featuring the Winona Municipal Band performing at the historic Winona Lake Park Bandshell. Concerts begin June 10 and continue weekly (weather permitting). Family-friendly outdoor music entertainment.,events,free,,All ages,"Winona Lake Park Bandshell, Winona, MN",44.05001,-91.63923,https://images.pexels.com/photos/31874024/pexels-photo-31874024.jpeg,curated_category,2026-08-05,8:00 PM,,https://visitwinona.com/events/,false,,,"winona,free,music,concert,outstate/day-trip"
Duluth Concerts on the Pier - Lazerbeak,Live concert series on the pier at Canal Park featuring hip-hop artist Lazerbeak performance.,events,free,,All ages,"Canal Park Pier, Duluth, MN",46.7838287,-92.1052679,https://images.pexels.com/photos/31874024/pexels-photo-31874024.jpeg,curated_category,2026-08-05,,,https://canalpark.com/events/,false,,,"duluth,concert,free,music,outstate/day-trip"
Olmsted County Fair - Demolition Derby,Classic demolition derby grandstand event at the Olmsted County Fair featuring cars crashing and competing for spectator entertainment.,events,varies,,All ages,"Olmsted County Fairgrounds, Rochester, MN",44.002505,-92.46158,https://live.staticflickr.com/6012/6205997306_c2609f848d_b.jpg,curated_category,2026-08-02,1:00 PM,,https://www.olmstedcountyfair.com/,false,,,"rochester,county fair,sports,outstate/day-trip"
Brainerd Crow Wing County Fair - Opening Ceremonies,"Fair opening day with official opening ceremonies featuring military recognition, Parade of Colors, and start of five days of carnival fun and entertainment.",events,free,,All ages,"2000 SE 13th St, Brainerd, MN",46.332912,-94.188281,https://images.pexels.com/photos/11664841/pexels-photo-11664841.jpeg,curated_category,2026-08-04,5:00 PM,(218) 829-6680,https://crowwingcountyfair.com/,false,,,"brainerd,county fair,free,parade,outstate/day-trip"
Minnesota Lynx vs. Indiana Fever,WNBA regular season game at Target Center,events,paid,varies,all ages,"Target Center, 600 1st Avenue N, Minneapolis, MN",44.9795,-93.2763,https://live.staticflickr.com/6012/6205997306_c2609f848d_b.jpg,curated_category,2026-08-02,12:00 PM CT,,https://lynx.wnba.com/schedule,false,,,"sports,pro-sports,game,ticketed,paid,basketball,minneapolis"
MK5K Run & Family Fun Walk,"17th annual 5K run and 2-mile family fun walk at Nobles County Fairgrounds. Supports Southwest Crisis Center and Mary Kay Foundation. Registration begins 6:00 PM, race/walk starts 6:30 PM.",events,paid,$30-$40,all ages,"Nobles County Fairgrounds, 1600 Stower Drive, Worthington, MN",43.62051,-95.59564,https://live.staticflickr.com/6012/6205997306_c2609f848d_b.jpg,curated_category,2026-08-05,6:30 PM,,https://findarace.com/us/events/2026-mk5k-run-family-fun-walk,false,,,"sports,active-recreation,5k,fun-run,paid,family,worthington"
Minnesota United FC vs. FC Juarez,MLS regular season match at Allianz Field,events,paid,varies,all ages,"Allianz Field, 400 Washington Street, Saint Paul, MN",44.9497487,-93.0931028,https://live.staticflickr.com/6012/6205997306_c2609f848d_b.jpg,curated_category,2026-08-04,7:30 PM,,https://www.mnufc.com/tickets/,false,,,"sports,pro-sports,game,ticketed,paid,soccer,saint paul"
Science Museum Sensory Friendly Sunday,"First Sunday of month with lights-down, sounds-down Omnitheater show, early gallery hours, quiet space, and lighter crowds.",events,paid,Admission required,"kids,tweens,family","Minnesota Children's Museum, St. Paul Science Museum, MN",44.9458,-93.3008,https://images.pexels.com/photos/31874024/pexels-photo-31874024.jpeg,curated_category,2026-08-02,10:00 AM,,https://www.smm.org,false,,,"sensory-friendly,family,kids,tweens,recurring"
Minnesota Twins Youth Baseball Clinics,"Free hands-on instruction led by Minnesota Twins Youth Clinicians. Two hours covering throwing, hitting, fielding, and base running. Open to kids ages 6-12 across Minnesota",events,free,,6-12,Multiple locations across Minnesota,,,https://live.staticflickr.com/6012/6205997306_c2609f848d_b.jpg,curated_category,,,,https://www.mlb.com/twins/community/fund/youth-clinics,false,,,"sports,youth-sports,baseball,class,clinic,free,recurring,summer"
Minnesota Children's Museum General Admission,"Play-based learning museum with 11 unique play spaces. Open Tue-Thu 9am-5pm, Fri 9am-8pm, Sat 9am-6pm, Sun 9am-5pm. Closed Mondays",events,ticketed,$16-$20,all ages,"10 West Seventh Street, Saint Paul, MN 55102",44.9463,-93.2940,https://mcm.org/wp-content/uploads/2023/02/our-world-blog-1-illo.png,curated,,9:00 AM,(651) 225-6000,https://mcm.org/tickets/,false,,,"ticketed,family,paid,museum,st. paul"
Science Museum of Minnesota - General Admission,Science museum in St. Paul with interactive exhibits and Omnitheater. Open 10am-5pm daily. Admission includes one Omnitheater show,events,ticketed,$20-$25,all ages,"120 West Kellogg Boulevard, Saint Paul, MN 55102",44.9438,-93.0954,https://www.minneapolis.org/imager/cmsimages/meta-images/5945023/science-museum-52-social_91852798b59be8b28fc00edfe4aec23a.jpg,curated,,10:00 AM,(651) 221-9444,https://smm.org/tickets,false,,,"ticketed,family,paid,museum,steam,st. paul"
Bell Museum of Natural History,Natural history museum at University of Minnesota with exhibits on Minnesota wildlife and geology,events,ticketed,$9-$12,all ages,"2088 Larpenteur Avenue W, Saint Paul, MN 55113",44.9889,-93.2300,https://www.bellmuseum.umn.edu/wp-content/uploads/2025/06/Goldy-Mammoth_Hero.png,curated,,10:00 AM,(612) 626-9660,https://www.bellmuseum.umn.edu/admissions/,false,,,"ticketed,family,paid,museum,education"
Great Lakes Aquarium - Duluth,Great Lakes aquarium with exhibits featuring species from the Great Lakes region. Open daily 10am-6pm,events,ticketed,$18-$24,all ages,"353 Harbor Drive, Duluth, MN 55802",46.6776,-92.1058,https://images.pexels.com/photos/33682082/pexels-photo-33682082.jpeg,curated_category,,10:00 AM,(218) 740-3474,https://glaquarium.org/visit/hours-and-prices/,false,,,"ticketed,family,paid,aquarium,duluth,outstate"
Valleyfair Amusement Park with Superior Shores Waterpark,"90-acre amusement park with 8 roller coasters and 75+ rides including Planet Snoopy. Admission includes Superior Shores Waterpark. Hours 9:30am-5pm, waterpark 11am-4pm",events,ticketed,$40-$70,all ages,"One Valleyfair Drive, Shakopee, MN 55379",44.7961,-93.5269,https://www.exploreminnesota.com/sites/default/files/styles/share_image/public/listing_images/84fd7aa01e1f417bef04d663f0588927b3e67c52_34.jpg.webp?h=004581e8&itok=nKmvNWXU,curated,,9:30 AM,,https://valleyfair.enchantedparks.com/,false,,,"ticketed,family,paid,amusement park,waterpark,shakopee"
Great Wolf Lodge Minnesota Waterpark,"75,000 sq ft indoor waterpark at 84 degrees year-round. Day passes from $30. Hours typically 10am-8pm. Hotel rooms also available",events,ticketed,$30-$60,all ages,"1700 American Boulevard E, Bloomington, MN 55425",44.8591,-93.2508,https://upload.wikimedia.org/wikipedia/commons/d/d2/Great_Wolf_Lodge_indoor_water_park_Cincinnati.jpg,curated,,10:00 AM,(844) 561-9653,https://www.greatwolf.com/minnesota/daypass,false,,,"ticketed,family,paid,waterpark,bloomington"
Minnesota Farmfest,3-day agricultural trade show bringing together agribusiness from Minnesota and around the country for farming operations and education.,events,paid,,all-ages,"Redwood County, Redwood Falls, MN",44.4386,-95.0902,https://images.pexels.com/photos/1384254/pexels-photo-1384254.jpeg,curated_category,2026-08-04,,,https://www.farmfest.com/,false,,,festival
The Play Group,"Minnesota's first Montessori-inspired play room for ages 0-4. Features Play Lab enrichment classes (ages 0-18mo and 18mo-4yr), Music classes (Wee Bop, Wiggle & Play), sensory play, and open play. Membership not required.",events,pay-per-class,varies,0-4,"5630 West 36th Street, St. Louis Park, MN 55416",44.9569,-93.3450,https://live.staticflickr.com/65535/49375647497_b5de3cc792_b.jpg,curated_category,,"Mon-Fri 8am-7pm, Sat-Sun 8am-4pm",(612) 327-1481,https://www.theplaygroupmn.com/,false,,,"indoor-playground,open-play,music-class,enrichment,babies,toddlers,preschool,saint paul"
PlayPark at Edinborough Park,"Adventure Peak climbing structure (44x44x37 ft high) with toddler areas. Gated area for kids 4 and under with slides, climbing equipment, fun lights and music features. Cafe on-site.",events,per-child,$10,1-17,"7700 York Ave S, Edina, MN 55435",44.8650,-93.3350,https://images.pexels.com/photos/31874024/pexels-photo-31874024.jpeg,curated_category,,"Mon-Thu 9am-8pm, Fri-Sat 9am-7pm, Sun 10am-5pm",,https://www.edinamn.gov/690/PlayPark,false,,,"indoor-playground,open-play,toddlers,preschool,climbing,edina"
Monkey Junction,"Jungle-themed indoor play space for ages 0-6 with climbing-and-slide structure, soft play pieces, room to run, and ride-on toys. Parents stay with children. Open mid-Fall through Winter.",events,per-child,$2,0-6,"4500 60th Ave NW, Rochester, MN 55901",44.0333,-92.4833,https://images.pexels.com/photos/31874024/pexels-photo-31874024.jpeg,curated_category,,Tue-Thu 8:30am-1pm (seasonal),(507) 254-9205,https://www.rlrochester.org/monkey-junction/,false,,,"indoor-playground,open-play,toddlers,babies,rochester"
Little Playdate,Self-operated indoor play facility tailored for ages 0-6 with safe play structures. Open 365 days/year for open play.,events,per-child,$14,0-6,"1250 126th Ave NE Ste 400, Blaine, MN",45.1600,-93.2100,https://images.pexels.com/photos/31874024/pexels-photo-31874024.jpeg,curated_category,,varies,,https://littleplaydate.com/,false,,,"indoor-playground,open-play,toddlers,babies,blaine"
Good Times Park - Eagan,"Minnesota's largest family-owned entirely indoor playground. Features Itty Bitty Play Space (sensory crawling for under 3yr), basketball court, jumping pillow, ninja course, soccer field. Open play daily.",events,per-child,$13,0-17,"3265 Northwood Circle, Suite 100, Eagan, MN 55121",44.8183,-93.1767,https://images.pexels.com/photos/31874024/pexels-photo-31874024.jpeg,curated_category,,7am-9pm daily,(651) 454-5736,https://www.goodtimespark.com/,false,,,"indoor-playground,open-play,toddlers,preschool,babies,eagan"
Lava Island - Eden Prairie,"40,000+ sq ft indoor play oasis with trampolines, jungle gyms, foam pits, and dedicated toddler area. Toddler Tuesdays with exclusive discounts. Free entertainment on 2nd Tuesday monthly.",events,per-child,$22,0+,"12400 Castlemoor Dr, Eden Prairie, MN 55344",44.8250,-93.4667,https://lavaisland.com/images/gallery/parks/aurora/TwistySlide.jpg,curated,,"Mon-Thu 9am-9pm, Fri-Sat 9am-10pm, Sun 9am-9pm",,https://lavaisland.com/eden-prairie/,false,,,"indoor-playground,open-play,toddlers,preschool,trampolines,eden prairie"
Prairie Play Zone - Eden Prairie Community Center,Multiple slides with areas for infants and toddlers. Mini rock climbing wall. Half-price discounts Mon-Fri after 1pm and Sat-Sun after 4pm.,events,per-child,$7,0+,"16700 Valley View Road, Eden Prairie, MN 55346",44.8367,-93.4833,https://images.pexels.com/photos/7207762/pexels-photo-7207762.jpeg,curated_category,,8am-8pm daily,(952) 949-8470,https://www.edenprairie.org/amenities/community-center/activities/prairie-play-zone,false,,,"indoor-playground,open-play,toddlers,babies,community-center,eden prairie"
Grand Slam Sports Play Zone - Burnsville,"Three-story climbing obstacle course with air cannons, slides, obstacles. Separate toddler area. Punch card option (10 plays for $45). Hours vary by day.",events,per-child,$6.95,0+,"12425 River Ridge Blvd, Burnsville, MN 55337",44.7750,-93.2917,https://grandslammn.com/wp-content/uploads/2021/12/playZoneSlide_comp-1.jpg,curated,,"Mon-Thu 12pm-8pm, Fri 12pm-9pm, Sat 10am-9pm, Sun 11am-7pm",(952) 224-0414,https://grandslammn.com/,false,,,"indoor-playground,open-play,toddlers,preschool,climbing,burnsville"
Urban Air Adventure Park - Coon Rapids,"Trampolines, laser tag, mini golf, ropes course, zip line, ninja obstacles, go-karts, climbing wall. Jumperoo tot time for ages 5 and under with parents. Tubes playground for younger children.",events,per-child,$11,0-5,"10 Coon Rapids Boulevard NW, Coon Rapids, MN 55448",45.1733,-93.2750,https://images.pexels.com/photos/5435600/pexels-photo-5435600.jpeg,curated_category,,"Closed Mon, Tue-Fri 11am-9pm, Sat 10am-6pm, Sun 11am-9pm",(763) 244-1701,https://www.urbanair.com/minnesota-coon-rapids,false,,,"indoor-playground,open-play,tot-time,toddlers,preschool,trampolines,coon rapids"
Pump It Up - Eden Prairie,"Open jump times with massive inflatables for all ages. Toddlers 34"" and taller can jump during open jumps. Pre-register or drop-in pricing available.",events,per-child,$10-13,0+,"7674 Washington Ave South, Eden Prairie, MN 55344",44.8533,-93.4850,https://images.pexels.com/photos/31874024/pexels-photo-31874024.jpeg,curated_category,,varies,,https://www.pumpitupparty.com/eden-prairie-mn/,false,,,"indoor-playground,open-play,toddlers,inflatables,eden prairie"
Adventure Zone - Duluth,"50,000+ sq ft indoor family entertainment with laser tag, batting cages, mini golf, VR, arcade, inflatable kid's playground with 18' slide, pizza cafe. Kids Cove for age-appropriate safe play.",events,varies,varies,0+,"329 Lake Ave S, Duluth, MN 55802",46.7779,-92.1067,https://images.pexels.com/photos/31874024/pexels-photo-31874024.jpeg,curated_category,,"Mon-Thu 12pm-8pm, Fri-Sat 12pm-10pm, Sun 12pm-8pm",,https://www.adventurezoneduluth.com/,false,,,"indoor-playground,open-play,entertainment,duluth"
Minnesota Children's Museum - St. Paul,"10 permanent exhibits including 4-story climber with spiral slide, laser maze, car wash, ball launchers, pretend town, shipwreck. Gallery for toddlers. Thomas & Friends exhibit through May 10, 2026.",events,per-person,$18-20,1+,"10 W 7th St, St. Paul, MN 55102",44.9447,-93.0942,https://mcm.org/wp-content/uploads/2023/02/our-world-blog-1-illo.png,curated,,"Tue-Thu 9am-4pm, Fri 9am-8pm, Sat 9am-6pm, Sun 9am-5pm, closed Mon",,https://www.minnesotachildrensmuseum.org/,false,,,"children's-museum,open-play,toddlers,preschool,climbing,saint paul"
Nurture to Play - Sartell,"Indoor play space in Sartell for families with young children. Fosters connection, play, and learning with variety of events and activities. Birthday parties available.",events,varies,varies,0-5,"Sartell, MN",45.6000,-94.2000,https://images.pexels.com/photos/31874024/pexels-photo-31874024.jpeg,curated_category,,varies,,https://www.nurturetoplay.com/,false,,,"indoor-playground,open-play,toddlers,babies,outstate"
Rockin' Jump - Eagan,Trampoline park with tots area for kids 6 and under. Early morning hours for junior jumpers with discounts for toddlers and parents.,events,per-child,varies,0-6,"2015 Silver Bell Road, Suite 195, Eagan, MN 55122",44.8233,-93.2183,https://images.pexels.com/photos/5435600/pexels-photo-5435600.jpeg,curated_category,,varies,,https://www.yelp.com/biz/rockin-jump-eagan-eagan-2,false,,,"trampoline-park,tot-time,toddlers,eagan"
Big Air Trampoline Park - Burnsville,Trampoline park with dedicated Toddler Time where younger children can enjoy the space without larger crowds. Toddler area for safe jumping at own pace.,events,varies,varies,0-6,"Burnsville, MN",44.7850,-93.2900,https://images.pexels.com/photos/8142258/pexels-photo-8142258.jpeg,curated,,varies,,https://www.bigairusa.com/burnsville,false,,,"trampoline-park,tot-time,toddlers,burnsville"
The Little Gym - Eagan,Parent-child gymnastics classes for babies and toddlers. Progressive program starts at 4 months with Parent/Child classes. Classes for toddlers 2.5-3 focus on transition to independence.,events,varies,varies,4mo-5yr,"Eagan, MN",44.8300,-93.2000,https://images.pexels.com/photos/31874024/pexels-photo-31874024.jpeg,curated_category,,varies,,https://www.thelittlegym.com/minnesota-eagan/,false,,,"kids-gym,gymnastics,parent-child,babies,toddlers,preschool,eagan"
The Little Gym - St. Louis Park,Parent-child gymnastics classes for babies and toddlers. Progressive program for all skill levels starting at 4 months. Birthday parties available.,events,varies,varies,4mo-5yr,"St. Louis Park, MN",44.9500,-93.3600,https://images.pexels.com/photos/31874024/pexels-photo-31874024.jpeg,curated_category,,varies,,https://www.thelittlegym.com/minnesota-stlouispark/,false,,,"kids-gym,gymnastics,parent-child,babies,toddlers,preschool,saint paul"
Linden Hills Baby Storytime,Free baby storytime at Linden Hills Library. Monday mornings 10am-10:30am and 11am-11:30am sessions for babies and caregivers.,events,free,,0-24mo,"Linden Hills Library, Minneapolis, MN",44.9167,-93.3167,https://images.pexels.com/photos/1741230/pexels-photo-1741230.jpeg,curated_category,,"Mon 10am-10:30am, 11am-11:30am",,https://www.hclib.org/,false,,,"story-time,babies,recurring,library,free,minneapolis"
Washington County Library Storytime,"Inclusive storytimes using stories, songs, movement for toddlers and preschoolers. Baby storytime recommended for ages 0-24 months. Multiple locations throughout Washington County.",events,free,,0-5,Various Washington County Library locations,,,https://images.pexels.com/photos/1741230/pexels-photo-1741230.jpeg,curated_category,,varies by location,,https://www.washcolib.org/369/Storytime,false,,,"story-time,toddlers,babies,recurring,library,free,outstate"
Northland Public Library - Mother Goose Tummy Time,Mother Goose Tummy Time for babies 3-12 months and a caregiver. 20-minute storytime series Tuesdays 11am-11:30am. Includes Ivy Rehab physical therapist Q&A.,events,free,,3-12mo,"Northland Public Library, Minnesota",44.98634,-93.17945,https://images.pexels.com/photos/1741230/pexels-photo-1741230.jpeg,curated_category,,Tue 11am-11:30am,,https://www.northlandlibrary.org/children-teen/programs-for-babies-toddlers/,false,,,"story-time,babies,recurring,library,free"
ECFE (Early Childhood Family Education) - Minneapolis Public Schools,"State-funded programs for all families with children birth-kindergarten. Classes vary: age-specific learning, language/culture/identity-specific, weekly classes, and drop-in family play. Sliding scale fees, no family turned away.",events,sliding-scale,varies,0-5,"Minneapolis, MN",44.9778,-93.2650,https://images.pexels.com/photos/31874024/pexels-photo-31874024.jpeg,curated_category,,varies,,https://www.mpschools.org/academics/ece/ecfe,false,,,"ecfe,open-play,classes,recurring,babies,toddlers,preschool,minneapolis"
ECFE - Robbinsdale Area Schools,"Early Childhood Family Education for families with children birth-kindergarten. Registration opens May 1, 2026. Fall classes run Sept 14, 2026-Jan 22, 2027. Sliding scale fees.",events,sliding-scale,varies,0-5,"Robbinsdale, MN",45.0450,-93.3350,https://images.pexels.com/photos/31874024/pexels-photo-31874024.jpeg,curated_category,,varies,,https://earlychildhood.rdale.org/ecfe,false,,,"ecfe,open-play,classes,recurring,babies,toddlers,preschool,outstate"
Kindermusik - Twin Cities,"National early-childhood music program for babies through preschoolers. Research-based curriculum with parent participation. Multiple local franchises in Burnsville, Chanhassen, Minnetonka, Excelsior, Spring Park. Zoom classes available.",events,varies,varies,0-5,Multiple Twin Cities locations,,,https://live.staticflickr.com/65535/49375647497_b5de3cc792_b.jpg,curated_category,,varies,,https://www.kindermusik.com/,false,,,"music-class,parent-child,babies,toddlers,preschool,recurring"
Music Together - Twin Cities,International music program with research-based curriculum for early childhood. Play-centered classes with parent participation. Multiple local franchises and online classes available.,events,varies,varies,0-5,Multiple Twin Cities locations,,,https://live.staticflickr.com/65535/49375647497_b5de3cc792_b.jpg,curated_category,,varies,,https://www.musictogether.com/,false,,,"music-class,parent-child,babies,toddlers,preschool,recurring"
Ladybug Music Classes,"Musical classes for families with infants to 4-year-olds. 40-minute classes enhance fine/gross motor skills, body-brain connection, language, reasoning, and social-emotional skills. 10-week sessions.",events,varies,varies,0-4,Minnesota locations,,,https://live.staticflickr.com/65535/49375647497_b5de3cc792_b.jpg,curated_category,,varies,,https://ladybugmusicmn.com/,false,,,"music-class,parent-child,babies,toddlers,preschool,recurring"
Mounds View Community Center - Toddler Open Gym,"Weekly Toddler Open Gym for kids under 5. Wednesdays 8am-11am with free play - balls, scooters, hoops, music. Drop-in or free with community center membership.",events,per-visit,$5,0-5,"Mounds View, MN",45.0667,-93.2500,https://images.pexels.com/photos/5435600/pexels-photo-5435600.jpeg,curated_category,,Wed 8am-11am,,https://www.moundsviewmn.gov/residents/mounds_view_community_center/index.php,false,,,"open-play,tot-time,toddlers,community-center,recurring,outstate"
Maple Grove Community Center - Tot Time,Year-round Tot Time in gym for Pre-K children and caregivers. Mondays and Fridays 9am-11am. Variety of age-appropriate toys under parent supervision.,events,per-child,$4,1-5,"Maple Grove Community Center, Maple Grove, MN",45.0650,-93.4100,https://images.pexels.com/photos/5435600/pexels-photo-5435600.jpeg,curated_category,,Mon-Fri 9am-11am,,https://www.maplegrovemn.gov/,false,,,"open-play,tot-time,toddlers,community-center,recurring,maple grove"
HealthPartners Fieldhouse - Open Play,Open play in fieldhouse for ages 2-5. Monday & Wednesday mornings 9am-11am. Fieldhouse playground and indoor playground. Resident vs non-resident pricing.,events,per-child,$5-7,2-5,"Rogers, MN",45.1850,-93.5000,https://images.pexels.com/photos/5435600/pexels-photo-5435600.jpeg,curated_category,,Mon-Wed 9am-11am,,https://www.rogersmn.gov/fieldhouse,false,,,"open-play,tot-time,toddlers,community-center,recurring,rogers"
Teen Programs - Minneapolis Parks & Recreation,"Extended nighttime teen programming at various recreation centers (Nite Owlz). Activities include open gym, cooking, computer labs, creative studios (Spark'd Studios). YETI employment training for ages 14-24.",events,varies,varies,13-24,Multiple Minneapolis locations,44.9778,-93.265,https://images.pexels.com/photos/31874024/pexels-photo-31874024.jpeg,curated_category,,evening hours,,https://www.minneapolisparks.org/activities-events/youth-programs/teen_programs/,false,,,"teen-night,teens,youth,open-gym,creative,recurring,minneapolis"
Creekside Montessori - Toddler Community,"Montessori toddler programs for ages 16-33 months. Encourages independence, communication, and hands-on learning. Multiple Children's Houses for ages 33mo-kindergarten.",events,varies,varies,16mo-5yr,"Minneapolis, MN",44.9778,-93.2650,https://images.pexels.com/photos/31874024/pexels-photo-31874024.jpeg,curated_category,,varies,,https://creeksidemontessorimpls.com/,false,,,"montessori,toddlers,open-play,learning,minneapolis"
Blooma - New Mama Group,"FREE drop-in New Mama Group for mothers and babies birth to 12 months. No preregistration required. Bonding through movement, touch, sight, and sound.",events,free,,0-12mo,Minnesota location,45.29254,-93.77194,https://images.pexels.com/photos/31874024/pexels-photo-31874024.jpeg,curated_category,,varies,,https://bloomayoga.com/,false,,,"mommy-and-me,babies,yoga,free,recurring"
Minnesota Zoo Wanderlight Trail - Moonlight Wander,"An illuminated trail of artistic lantern displays transporting visitors to glowing oceans, deserts, jungles, lakes, prairies and more that can be wandered at own pace. Moonlight Wander starts at 9:30 PM when lanterns are at brightest.",events,ticketed,$25-32 adults; $21-28 children,all-ages,"Minnesota Zoo, Askov, MN",46.3631,-93.4433,https://www.exploreminnesota.com/sites/default/files/styles/full_width_image/public/2021-05/mn-zoo-tiger.jpg.webp?itok=cprkRiDL,curated,2026-08-02,9:30 PM - 12:00 AM (gate closes 11 PM),,https://mnzoo.org/wanderlight-2026/,false,,,"twin cities,family,kids,all-ages,outdoor,entertainment,paid,art"
Mill City Farmers Market - August 8,"Weekly farmers market with local produce, vendors, and community connection at the Mill City Museum.",events,free,,all-ages,"Mill City Museum, 704 S 2nd St, Minneapolis, MN 55401",44.9786,-93.2685,https://images.pexels.com/photos/31874024/pexels-photo-31874024.jpeg,curated_category,2026-08-08,8:00 AM - 1:00 PM,,https://www.millcityfarmersmarket.org/,false,,,"twin cities,farmers-market,free,family,all-ages,outdoor,community"
St. Paul Saints Home Series vs Louisville Bats,"Triple-A minor league baseball games at CHS Field featuring the St. Paul Saints. Affordable, family-focused baseball fun with quirky in-game entertainment.",events,ticketed,Varies,all-ages,"CHS Field, 360 N Broadway, Saint Paul, MN 55101",44.9555,-93.2761,https://saint-paul-2022.s3.amazonaws.com/imager/files_idss_com/C17/6f86d743-2ecf-40c2-90a9-21cb39d7e639_2a23813dca470163f0b2610639f888f1.jpg,curated,2026-08-04,Various (typically evening games),,https://www.milb.com/st-paul/,false,,,"twin cities,baseball,sports,family,kids,all-ages,ticketed,outdoor"
Minnesota Fringe Festival,"Largest performing arts festival in the Midwest with nearly 50,000 seats filled annually. Features over 1,000 artists performing in hundreds of performances at over a dozen venues spanning almost 20 genres. Shows are less than 60 minutes.",events,ticketed,Varies by show; 5- and 10-show passes available,all-ages,"Multiple venues throughout Minneapolis, MN",44.9862,-93.2841,https://images.pexels.com/photos/4697232/pexels-photo-4697232.jpeg,curated_category,2026-08-06,Multiple daily showtimes,,https://minnesotafringe.org/,false,,,"twin cities,performing-arts,theater,family,all-ages,ticketed,community-fest"
Eden Prairie Outdoor Movie,Outdoor movie screening at amphitheater.,events,free,,family,"Staring Lake Amphitheater, Eden Prairie, MN",44.7739,-93.4361,https://images.pexels.com/photos/31874024/pexels-photo-31874024.jpeg,curated_category,2026-08-07,7:30 PM,,https://www.edenprairiemn.gov/Home/Components/FacilityDirectory/FacilityDirectory/148/3293,false,,,"twin cities,outdoor-movie,free,family,kids,all-ages"
Lake Harriet Bandshell Concerts,"Outdoor concerts performed at the iconic Lake Harriet Bandshell, running from Memorial Day weekend through August.",events,free,,all-ages,"Lake Harriet Park, Minneapolis, MN",44.8961,-93.3142,https://www.minneapolisparks.org/wp-content/uploads/2018/11/lake_harriet_music1-1.jpg,curated,2026-08-02,Various,,https://mplspops.org/,false,,,"twin cities,concert,music,free,family,all-ages,outdoor"
Music on the Cortile - St. Paul (August 6),Free concerts in downtown St. Paul.,events,free,,all-ages,"The Cortile, Saint Paul, MN",44.9516,-93.0975,https://images.pexels.com/photos/31874024/pexels-photo-31874024.jpeg,curated_category,2026-08-06,12:00 PM - 1:00 PM,,https://www.landmarkcenter.org/music-on-the-cortile/,false,,,"twin cities,concert,music,free,family,all-ages,outdoor"
Inver Grove Heights Food Truck Festival - August,Food truck festival featuring a wide variety of food vendors and dining options.,events,free,,all-ages,"Rich Valley Athletic Complex, Inver Grove Heights, MN",44.8086,-93.0831,https://images.pexels.com/photos/37472499/pexels-photo-37472499.jpeg,curated_category,2026-08-14,5:00 PM - 8:00 PM,,https://www.ighmn.gov/881/Food-Truck-Festival,false,,,"twin cities,food-truck,free,family,all-ages,outdoor"
Oakdale Touch-a-Truck,"Family event featuring dozens of big vehicles including emergency and public safety vehicles, snow plows, garbage trucks, street cleaners, and semi-trucks that kids can touch and explore.",events,free,,kids,"Walton Park, Oakdale, MN",44.9211,-93.0978,https://images.pexels.com/photos/31874024/pexels-photo-31874024.jpeg,curated_category,2026-08-20,5:00 PM - 7:00 PM,,https://www.oakdalemn.gov/537/Touch-a-Truck,false,,,"minnesota,touch-a-truck,free,family,kids,community"
Days of Yesteryear Celebration - History Center,Two-day celebration at the History Center of Olmsted County featuring historical activities and exhibitions.,events,paid,varies,all ages,"History Center of Olmsted County, 3333 W Circle Dr, Rochester, MN",43.9600,-92.5200,https://images.pexels.com/photos/31874024/pexels-photo-31874024.jpeg,curated_category,2026-08-08,09:00,,https://www.olmstedhistory.com/,false,,,"rochester,history,family-friendly"
Summertime by George! Concert Series,Free outdoor concerts at Lake George park featuring local and regional musicians.,events,free,0,all ages,"Lake George, St. Cloud, MN",45.5500,-94.1900,https://images.pexels.com/photos/31874024/pexels-photo-31874024.jpeg,curated_category,2026-08-12,17:30,,https://visitstcloud.com/events/,false,,,"st-cloud,free,music,family-friendly"
Minnesota Bluegrass August Festival,"Four days and nights of bluegrass music on six stages. Features top national touring acts and Upper Midwest bands, plus workshops and showcases. FREE admission; parking/camping available.",events,free,0,all ages,"St. Cloud area, St. Cloud, MN",45.5500,-94.1900,https://images.pexels.com/photos/1384254/pexels-photo-1384254.jpeg,curated_category,2026-08-06,18:00,,https://minnesotabluegrass.org/mn-bluegrass-festival/,false,,,"st-cloud,free,music,family-friendly,festival"
Movies in the Park - Mankato,Outdoor movie screening for families in the park.,events,free,0,all ages,"Mankato parks, Mankato, MN",43.9850,-93.9850,https://images.pexels.com/photos/31874024/pexels-photo-31874024.jpeg,curated_category,2026-08-07,20:00,,https://greatermankato.com/events/,false,,,"mankato,free,movie,family-friendly,outdoor"
Brainerd NHRA Nationals,44th Annual Lucas Oil NHRA Nationals drag racing event at Brainerd International Raceway. Kids 12 and under get in FREE with paid adult ticket. Pit pass includes access to see crews and meet drivers. Family camping areas available.,events,ticketed,varies,all ages,"Brainerd International Raceway, 5500 Birchmont Rd, Brainerd, MN",46.3886,-94.1840,https://live.staticflickr.com/6012/6205997306_c2609f848d_b.jpg,curated_category,2026-08-20,09:00,,https://www.birmn.com/nhra-nationals,false,,,"brainerd,sports,ticketed,family-friendly,racing,youth"
Ben & Adith Miller Golf Tournament,Annual golf tournament fundraiser event.,events,paid,varies,adults,"Cedar Valley Golf Course, 25019 County Road 9, Winona, MN",43.8800,-91.6500,https://images.pexels.com/photos/31874024/pexels-photo-31874024.jpeg,curated_category,2026-08-10,11:30,,https://www.winonahealth.org/about/foundation/foundation-events/ben-adith-miller-classic/,false,,,"winona,paid,golf,adults"
Uptown Art Fair,"One of the nation's most celebrated art festivals featuring approximately 300 gallery-quality artists, live music, and food options",events,free,,all ages,"Lake of the Isles and The Mall area, Minneapolis, MN",44.9535,-93.3156,https://images.pexels.com/photos/1384254/pexels-photo-1384254.jpeg,curated_category,2026-08-07,"Friday 1:00 PM - 7:00 PM, Saturday 10:00 AM - 6:00 PM, Sunday 10:00 AM - 4:00 PM",,https://www.uptownminneapolis.com/uptown-art-fair-2026/,false,,,"family,art,free,festival,outdoor,entertainment"
Minnesota Irish Fest,"45-year celebration of Irish culture featuring international, national, and local music, traditional Irish dance, storytelling, sports, children's activities, cultural exhibits, marketplace, and food",events,paid,"$25 adults, $15 teens 13-17, free kids 12 and under",all ages,"Harriet Island Regional Park, St Paul, MN",44.9396,-93.2296,https://images.pexels.com/photos/1384254/pexels-photo-1384254.jpeg,curated_category,2026-08-07,"Friday 3:00 PM - 11:00 PM, Saturday 10:00 AM - 11:00 PM, Sunday 10:00 AM - 7:00 PM",,https://www.twincitiesirishfest.com/,false,,,"family,festival,paid,kids free,cultural,entertainment,music,dance"
Dakota County Fair,"County fair with exhibits, carnival rides, entertainment, and family activities",events,free,,all ages,"Dakota County Fairgrounds, Farmington, MN",44.64024,-93.14355,https://images.pexels.com/photos/31874024/pexels-photo-31874024.jpeg,curated_category,2026-08-10,Various times,,https://www.dakotacountyfair.org/,false,,,"family,free,fair,carnival,kids,entertainment"
Carver County Fair,"County fair with exhibits, rides, entertainment, and activities for the whole family",events,varies,,all ages,"Waconia, MN",44.7878,-93.7689,https://images.pexels.com/photos/31874024/pexels-photo-31874024.jpeg,curated_category,2026-08-12,Various times,,https://carvercountyfair.com/,false,,,"family,fair,carnival,kids,entertainment"
Saint Paul Movie in the Park - Mamma Mia,Free outdoor screening of Mamma Mia PG at Hampden Park with food trucks available,events,free,,all ages,"Hampden Park, St Paul, MN",44.969993,-93.199067,https://images.pexels.com/photos/31874024/pexels-photo-31874024.jpeg,curated_category,2026-08-14,Dusk,,https://www.stpaul.gov/departments/parks-and-recreation/activities-events/summer-activities-events,false,,,"family,free,movie,outdoor,kids"
Saint Paul Movie in the Park - Encanto,Free outdoor screening of Encanto PG at El Rio Vista Recreation Center with food trucks available,events,free,,all ages,"El Rio Vista Recreation Center, St Paul, MN",44.93113,-93.076953,https://images.pexels.com/photos/31874024/pexels-photo-31874024.jpeg,curated_category,2026-08-21,Dusk,,https://www.stpaul.gov/departments/parks-and-recreation/activities-events/summer-activities-events,false,,,"family,free,movie,outdoor,kids"
Saint Paul Movie in the Park - Wicked,Free outdoor screening of Wicked PG at Phalen Beach House with food trucks available,events,free,,all ages,"Phalen Beach House, St Paul, MN",44.94975,-93.0931,https://images.pexels.com/photos/31874024/pexels-photo-31874024.jpeg,curated_category,2026-08-28,Dusk,,https://www.stpaul.gov/departments/parks-and-recreation/activities-events/summer-activities-events,false,,,"family,free,movie,outdoor,kids"
Saint Paul Family Fishing at Lake Phalen,Family fishing event at Lake Phalen with organized activities,events,free,,all ages,"Lake Phalen, St Paul, MN",44.987641,-93.053739,https://images.pexels.com/photos/31874024/pexels-photo-31874024.jpeg,curated_category,2026-08-25,5:30 PM - 8:00 PM,,https://www.stpaul.gov/departments/parks-and-recreation/activities-events/summer-activities-events,false,,,"family,free,fishing,outdoor,kids"
Safe Summer Nights - Northwest Como Rec Center,"Free community event with food, beverages, activities for children, first responder vehicles, and chance to meet police officers",events,free,,all ages,"Northwest Como Rec Center, 1550 Hamline Ave N, St Paul, MN",44.94975,-93.0931,https://images.pexels.com/photos/31874024/pexels-photo-31874024.jpeg,curated_category,2026-08-06,5:00 PM - 7:00 PM,,https://www.stpaul.gov/departments/parks-and-recreation/activities-events/summer-activities-events,false,,,"family,free,community,kids,activities"
Safe Summer Nights - Dayton's Bluff Rec Center,"Free community event with food, beverages, activities for children, first responder vehicles, and chance to meet police officers",events,free,,all ages,"Dayton's Bluff Rec Center, 800 Conway St, St Paul, MN",44.94975,-93.0931,https://images.pexels.com/photos/31874024/pexels-photo-31874024.jpeg,curated_category,2026-08-13,5:00 PM - 7:00 PM,,https://www.stpaul.gov/departments/parks-and-recreation/activities-events/summer-activities-events,false,,,"family,free,community,kids,activities"
Teen Book Club at Ramsey County Library,Teen Book Club for grades 6-12 discussing Keeper of the Lost Cities series and making related crafts,events,free,,teens,Ramsey County Library locations,45.01657,-93.09495,https://images.pexels.com/photos/31874024/pexels-photo-31874024.jpeg,curated_category,2026-08-10,,,https://rclreads.bibliocommons.com/,false,,,"teens,free,library,book club,crafts"
Gaming Wednesdays for Teens at Ramsey County Library,Virtual gaming event for grades 6-12 on Zoom,events,free,,teens,"Online via Zoom, Ramsey County Library",45.00749,-93.15579,https://images.pexels.com/photos/31874024/pexels-photo-31874024.jpeg,curated_category,2026-08-12,4:00 PM - 6:00 PM,,https://rclreads.bibliocommons.com/,false,,,"teens,free,library,gaming,online"
Eden Prairie Movie - The Lego Movie,Free outdoor screening of The Lego Movie at Staring Lake Amphitheater,events,free,,kids,"Staring Lake Amphitheater, Eden Prairie, MN",44.85469,-93.47079,https://images.pexels.com/photos/31874024/pexels-photo-31874024.jpeg,curated_category,2026-08-07,7:30 PM,,https://www.edenprairiemn.gov/home/components/facilitydirectory/facilitydirectory/146/1343,false,,,"family,free,movie,outdoor,kids"
SpongeBob Day at Target Field,Twins game with exclusive co-branded Patrick Star Twins jersey giveaway,events,paid,,all ages,"Target Field, 1 Twins Way, Minneapolis, MN 55403",44.9815,-93.2789,https://images.pexels.com/photos/28772776/pexels-photo-28772776.jpeg,curated,2026-08-29,,,https://www.mlb.com/twins/,false,,,"family,baseball,paid,kids,entertainment"
Peanuts Night at Target Field,Twins game with exclusive co-branded Twins/Peanuts Charlie Brown jersey giveaway,events,paid,,all ages,"Target Field, 1 Twins Way, Minneapolis, MN 55403",44.9815,-93.2789,https://images.pexels.com/photos/28772776/pexels-photo-28772776.jpeg,curated,2026-08-30,,,https://www.mlb.com/twins/,false,,,"family,baseball,paid,kids,entertainment"
Minnesota State Fair,"The Great Minnesota Get-Together featuring grandstand shows, free live music, rides, attractions, 4-H and FFA competitions, livestock experiences, and specialty foods",events,varies,,family,"1265 N Snelling Ave, Saint Paul, MN 55108",44.9413,-93.1980,https://www.exploreminnesota.com/sites/default/files/styles/listing_slideshow_1400px_wide/public/listing_images/b3a78877113e5fd204820f028e460bc2002913c3_4.jpg.webp?h=10d202d3&itok=HZY06OKK,curated,2026-08-27,varies,,https://www.mnstatefair.org/,false,,,"state fair,family,duluth,rochester,st-cloud,mankato,moorhead,brainerd,bemidji,winona,alexandria"
Bayfront Blues Festival,"37th annual outdoor blues festival featuring 30+ acts on two stages, children 12 and under free admission",events,paid,,family,"350 Harbor Dr, Duluth, MN 55802",46.7854,-92.0898,https://images.pexels.com/photos/1384254/pexels-photo-1384254.jpeg,curated_category,2026-08-14,11:00 AM,(715) 817-6933,https://www.bayfrontblues.com/,false,,,"all-ages,blues,duluth,family,festival,music"
City on the Hill Music Fest,Christian worship and music festival bringing together thousands for three days,events,varies,,family,"350 Harbor Dr, Duluth, MN 55802",46.7854,-92.0898,https://images.pexels.com/photos/1384254/pexels-photo-1384254.jpeg,curated_category,2026-08-07,varies,(800) 854-1320,https://visitduluth.com/events/annual-events/,false,,,"all-ages,duluth,festival,music,religious"
Operation K9,Law enforcement K9 demonstrations and family-friendly activities with 17+ K9 teams from regional agencies,events,free,0,family,"2701 Catlin Ave, Superior, WI 54880",46.7209,-92.1055,https://images.pexels.com/photos/31874024/pexels-photo-31874024.jpeg,curated_category,2026-08-13,4:30 PM,,https://b105country.com/duluth-minnesota-police-community-events/,false,,,"community,police,family,duluth"
St. Louis County Fair,"County fair with livestock, exhibits, carnival, and entertainment",events,varies,,family,"Chisholm, MN",47.4983,-92.8833,https://images.pexels.com/photos/31874024/pexels-photo-31874024.jpeg,curated_category,2026-08-05,varies,,https://stlofair.org/,false,,,"county fair,family,duluth"
Southwest St. Louis County Fair,"County fair featuring carnival, exhibits, and family activities in Floodwood",events,varies,,family,"Floodwood, MN 55796",46.8983,-92.3167,https://images.pexels.com/photos/31874024/pexels-photo-31874024.jpeg,curated_category,2026-08-21,varies,,http://swstlouiscountyfair.com/,false,,,"county fair,family,duluth"
FORWARD Park Concert,"Free concert featuring The Reach Outs, a high-energy punk band from Winona",events,free,0,family,"Rochester, MN",43.9897,-92.5149,https://images.pexels.com/photos/31874024/pexels-photo-31874024.jpeg,curated_category,2026-08-27,5:30 PM,,https://www.downtownrochestermn.com/,false,,,"music,concert,family,rochester"
Downtown Art Walk,"Self-guided tour of retail shops, restaurants, galleries, and art venues throughout downtown Rochester",events,free,0,family,"Downtown Rochester, MN",43.9897,-92.5149,https://images.pexels.com/photos/31874024/pexels-photo-31874024.jpeg,curated_category,2026-08-20,5:00 PM,,https://www.downtownrochestermn.com/do/downtown-art-walk,false,,,"art,walking tour,family,rochester"
Common Roots Festival,Celebration of original music from nearly 40 local and regional artists spanning multiple downtown venues,events,varies,,family,"Downtown St. Cloud, MN",45.5608,-94.1653,https://images.pexels.com/photos/31874024/pexels-photo-31874024.jpeg,curated_category,2026-08-19,varies,,https://commonrootsfest.com/,false,,,"music festival,family,st-cloud"
Music in the Gardens - Cimarron,Free outdoor concert at Munsinger Clemens Gardens with root beer floats available for purchase,events,free,0,family,"Munsinger Clemens Gardens, St. Cloud, MN",45.5500,-94.1917,https://images.pexels.com/photos/31874024/pexels-photo-31874024.jpeg,curated_category,2026-08-09,3:00 PM,,https://www.munsingerclemens.com/events/music-in-the-gardens/,false,,,"music,concert,family,st-cloud"
Music in the Gardens - Monday Night Jazz,Free outdoor jazz concert at Munsinger Clemens Gardens with root beer floats available for purchase,events,free,0,family,"Munsinger Clemens Gardens, St. Cloud, MN",45.5500,-94.1917,https://images.pexels.com/photos/31874024/pexels-photo-31874024.jpeg,curated_category,2026-08-23,3:00 PM,,https://www.munsingerclemens.com/events/music-in-the-gardens/,false,,,"music,jazz,family,st-cloud"
Music on Madison,"All-day new music event featuring food, beer, and games",events,varies,,family,"Madison East Center, Mankato, MN",44.1636,-93.9828,https://images.pexels.com/photos/31874024/pexels-photo-31874024.jpeg,curated_category,2026-08-30,11:00 AM,,https://www.eventbrite.com/e/music-on-madison-august-30th-2026-11am-9pm-mankato-mn-tickets-1988598988105,false,,,"music festival,family,mankato"
Mankato MoonDogs - Final Home Games,Northwoods League baseball games at ISG Field,events,paid,,family,"ISG Field, 1400 East Main Street, Mankato, MN 56001",44.1728,-93.9856,https://live.staticflickr.com/6012/6205997306_c2609f848d_b.jpg,curated_category,2026-08-07,varies,(507) 625-7047,https://northwoodsleague.com/mankato-moondogs/,false,,,"baseball,sports,family,mankato"
Beltrami County Fair,"120th anniversary county fair featuring carnival rides, live music, exhibits, DMC Motocross races, and Wojo's Rodeo",events,varies,,family,"7223 Fairgrounds Rd NW, Bemidji, MN 56601",47.4783,-94.8900,https://images.pexels.com/photos/31874024/pexels-photo-31874024.jpeg,curated_category,2026-08-12,varies,(218) 444-8169,https://beltramicountyfair.org/,false,,,"county fair,family,bemidji"
Ashley for the Arts,"Three-day music, art, and family-friendly festival with 20+ performers, art vendors, kid's kingdom playground, hot air balloon launch, and food vendors",events,paid,45,family,"Memorial Park, Arcadia, WI 54612",43.6300,-91.5367,https://images.pexels.com/photos/1384254/pexels-photo-1384254.jpeg,curated_category,2026-08-06,varies,,https://ashleyforthearts.com/,false,,,"festival,music,art,family,winona"
Winona Peach Festival,"End-of-summer festival featuring crafts, commercial exhibits, rides, games, food, and free entertainment on main stage",events,free,0,family,"Winona Park, 1328 Barton Street East, Winona, MN 55987",43.9642,-91.6372,https://images.pexels.com/photos/1384254/pexels-photo-1384254.jpeg,curated_category,2026-08-28,5:00 PM,,https://winonapeach.com/,false,,,"festival,family,winona"
Winona Municipal Band Concerts,Free evening concerts with the Winona Municipal Band at Lake Park Bandshell,events,free,0,family,"Lake Park Bandshell, Winona, MN",43.9747,-91.6422,https://images.pexels.com/photos/31874024/pexels-photo-31874024.jpeg,curated_category,2026-08-05,varies,,https://visitwinona.com/events/category/family-friendly-events/,false,,,"music,concert,family,winona"
Douglas County Fair,"County fair featuring exhibits, entertainment, carnival, and family activities",events,varies,,family,"Douglas County Fairgrounds, Alexandria, MN",45.2854,-95.3744,https://images.pexels.com/photos/31874024/pexels-photo-31874024.jpeg,curated_category,2026-08-19,8:00 AM,,https://www.dcmnfair.com/,false,,,"county fair,family,alexandria"
Brainerd International Raceway - NHRA Nationals,National drag racing event featuring professional and amateur racing competitions,events,paid,,family,"5520 Birchwood Lane, Brainerd, MN 56401",46.3794,-94.0961,https://live.staticflickr.com/6012/6205997306_c2609f848d_b.jpg,curated_category,2026-08-20,1:00 PM,,https://www.brainerdraceway.com/,false,,,"racing,sports,family,brainerd"
Brainerd Ski Loons Water Ski Shows,Free water ski shows featuring professional performances at Lum Park,events,free,0,family,"Lum Park, Brainerd, MN",46.3711,-94.1994,https://images.pexels.com/photos/31874024/pexels-photo-31874024.jpeg,curated_category,2026-08-11,5:00 PM,,https://www.skiloons.com/,false,,,"water sports,entertainment,family,brainerd"
Brainerd Ski Loons Water Ski Shows - August 14,Free water ski shows featuring professional performances at Lum Park,events,free,0,family,"Lum Park, Brainerd, MN",46.3711,-94.1994,https://images.pexels.com/photos/31874024/pexels-photo-31874024.jpeg,curated_category,2026-08-14,6:30 PM,,https://www.skiloons.com/,false,,,"water sports,entertainment,family,brainerd"
Summer Splash Family Camp,Family camping event in Alexandria,events,varies,,family,"Mount Carmel Ministries, Alexandria, MN",45.2854,-95.3744,https://images.pexels.com/photos/31874024/pexels-photo-31874024.jpeg,curated_category,2026-08-05,6:00 PM,,https://www.mountcarmelministries.com/summer-programming/family-camp-2026/,false,,,"family,outdoor,alexandria"
Rochester Honkers - Final Regular Season Game,Northwoods League baseball Fan Appreciation Night featuring the Rochester Honkers vs Wisconsin Rapids Rafters,events,paid,,family,"Rochester, MN",43.9897,-92.5149,https://live.staticflickr.com/6012/6205997306_c2609f848d_b.jpg,curated_category,2026-08-05,varies,,https://northwoodsleague.com/rochester-honkers/,false,,,"baseball,sports,family,rochester"
Summer Outdoor Festival - Brainerd,"Outdoor festival featuring craft and merchandise booths, kid's activities, live music and entertainment, food and beverage options, silent auction and raffle",events,free,0,family,"Brainerd, MN",46.3711,-94.1994,https://images.pexels.com/photos/1384254/pexels-photo-1384254.jpeg,curated_category,2026-08-07,varies,,,false,,,"festival,family,brainerd"
Lakes Bluegrass Festival,Multi-day bluegrass music festival in the Brainerd area,events,varies,,family,"Lakes Music and Events Park, Backus, MN",46.8128,-94.5178,https://images.pexels.com/photos/31874024/pexels-photo-31874024.jpeg,curated_category,2026-08-26,varies,,https://www.lakesbluegrassfestival.com/,false,,,"music festival,bluegrass,family,brainerd"
Rochester Free Movies at Chateau Theater,Free children's movies shown Saturday nights and weekday morning matinees,events,free,0,family,"Chateau Theatre, Rochester, MN",43.9897,-92.5149,https://images.pexels.com/photos/31874024/pexels-photo-31874024.jpeg,curated_category,2026-08-05,9:00 PM,,https://www.yourchateau.org/events,false,,,"movies,family,rochester"
Winona Classic Movie Monday,Classic movie screening at the Library's Bell Art Room,events,free,0,family,"Winona Public Library, Winona, MN",43.9642,-91.6372,https://images.pexels.com/photos/31874024/pexels-photo-31874024.jpeg,curated_category,2026-08-17,2:00 PM,,https://visitwinona.com/events/category/family-friendly-events/,false,,,"movies,family,winona"
Brainerd Fire Department Golf Scramble,Charity golf event benefiting the Brainerd Fire Department,events,paid,,adults,"The Legacy at Cragun's, Brainerd, MN",46.4500,-94.2000,https://live.staticflickr.com/6012/6205997306_c2609f848d_b.jpg,curated_category,2026-08-15,varies,,https://craguns.com/golf/,false,,,"golf,sports,brainerd"
St. Paul Saints vs Louisville Bats,Minor League Baseball game at CHS Field. Broadcast on CW Twin Cities.,events,paid,,,"360 Broadway Street, Saint Paul, MN",44.949974,-93.085053,https://saint-paul-2022.s3.amazonaws.com/imager/files_idss_com/C17/6f86d743-2ecf-40c2-90a9-21cb39d7e639_2a23813dca470163f0b2610639f888f1.jpg,curated,2026-08-05,13:00,,https://www.milb.com/st-paul/schedule,false,,,"sports,minor-league-baseball,ticketed"
Minnesota Lynx vs Las Vegas Aces,WNBA regular season game at Target Center.,events,paid,,,"600 First Avenue North, Minneapolis, MN",44.9772995,-93.2654692,https://live.staticflickr.com/6012/6205997306_c2609f848d_b.jpg,curated_category,2026-08-08,,,https://lynx.wnba.com/schedule,false,,,"sports,pro-sports,wnba,ticketed"
Minnesota Lynx vs Portland Fire,WNBA regular season game at Target Center.,events,paid,,,"600 First Avenue North, Minneapolis, MN",44.9772995,-93.2654692,https://live.staticflickr.com/6012/6205997306_c2609f848d_b.jpg,curated_category,2026-08-09,,,https://lynx.wnba.com/schedule,false,,,"sports,pro-sports,wnba,ticketed"
MK5K Run & Family Fun Walk - Nobles County Fair,"17th Annual 5K run and 2-mile family walk. Supports Southwest Crisis Center and Mary Kay Foundation. Registration 6:00 PM, race/walk at 6:30 PM.",events,paid,30,family,"Worthington, Minnesota",43.620506,-95.595643,https://live.staticflickr.com/6012/6205997306_c2609f848d_b.jpg,curated_category,2026-08-05,18:30,,https://findarace.com/us/events/2026-mk5k-run-family-fun-walk,false,,,"youth-sports,fun-run,5k,family,ticketed"
Parkers Prairie Fall Fest 5K and Kids Fun Run,Family-friendly 5K race with kids fun run option.,events,paid,,family,"Parkers Prairie, Minnesota",46.153018,-95.328924,https://live.staticflickr.com/6012/6205997306_c2609f848d_b.jpg,curated_category,2026-08-08,,,https://www.runningintheusa.com/classic/list/mn/upcoming/5k/kids-run,false,,,"youth-sports,fun-run,5k,family,ticketed"
LuceLine Orchard U-Pick Apple,"Nearly 10,000 apple trees with 7 locally grown apple varieties. Located in Watertown, MN on the Minnesota State Luce Line trail. Apple picking mid-August through early November.",events,paid,,family,"Watertown, MN",44.963657,-93.846992,https://images.pexels.com/photos/31874024/pexels-photo-31874024.jpeg,curated_category,2026-08-15,,,https://www.lucelineorchard.com/,false,,,"paid,orchard,u-pick,family,seasonal"
Spirit Valley Days - Parade & Car Show,"45th annual West Duluth summer festival featuring parade, pageant, car show, night entertainment, and craft/vendor/food truck fair on August 8.",events,free,0,all ages,"Grand Ave between 59th Ave W and Central Ave, Duluth, MN",46.7838287,-92.1052679,https://images.pexels.com/photos/11664841/pexels-photo-11664841.jpeg,curated,2026-08-06,6:00 PM,,https://www.spiritvalleydays.com/,false,,,"parade,car-show,community-fest,duluth"
Moorhead Cruise Night,"Weekly cruise night featuring classic cars, project vehicles, live bands, and food vendors.",events,free,0,all ages,"Minnesota State Community and Technical College Moorhead campus, 1900 28th Ave S, Moorhead, MN",46.87391,-96.75387,https://live.staticflickr.com/228/472117411_94e0ada8b4_b.jpg,curated_category,2026-08-06,5:30 PM,,https://www.moorheadcruisenight.com/,false,,,"cruise-night,moorhead"
Moorhead RiverArts,"Community arts series along Red River featuring live music, cultural performances, artist demonstrations, inflatables, yard games, and food vendors.",events,free,0,all ages,"Viking Ship Park (Red River), Moorhead, MN",46.87391,-96.75387,https://images.pexels.com/photos/4697232/pexels-photo-4697232.jpeg,curated_category,2026-08-05,5:30 PM,,https://www.moorheadmn.gov/parks-rec/events/riverarts/,false,,,"community-fest,moorhead"
Touch-A-Truck Oakdale,"Free family event to explore and climb inside big vehicles including emergency vehicles, snow plows, garbage trucks, and more. Free frozen treats and sensory-friendly area.",events,free,0,all ages,"Walton Park west parking lot off 15th Street, Oakdale, MN 55128",44.98562,-92.96458,https://images.pexels.com/photos/31874024/pexels-photo-31874024.jpeg,curated_category,2026-08-20,5:00 PM,,https://www.oakdalemn.gov/537/Touch-a-Truck,false,,,"touch-a-truck,twin cities"
Inver Grove Heights Food Truck Festival,"Summer food truck festival with local food vendors, picnic seating, and family-friendly atmosphere.",events,free,0,all ages,"Rich Valley Athletic Complex, 1841 105th St E, Inver Grove Heights, MN 55077",44.8479039,-93.0428119,https://images.pexels.com/photos/37472499/pexels-photo-37472499.jpeg,curated_category,2026-08-14,5:00 PM,651-450-2595,https://www.ighmn.gov/881/Food-Truck-Festival,false,,,"food-truck,twin cities"
Wings Over Alexandria Airshow,"Air show featuring USSOCOM Para-Commandos, Redline Airshows, and vintage WWII aircraft displays from Fagen Fighters Museum.",events,paid,17.76,all ages,"Alexandria Regional Airport, 2604 Aga Drive, Alexandria, MN",45.8821,-95.3917,https://live.staticflickr.com/3477/3763409056_8f99ee0bb9_b.jpg,curated_category,2026-08-15,11:30 AM,,https://wingsoveralexandria.org/,false,,,"air-show,airshow,alexandria,all-ages"
Cars and Caves - British Vehicles,"Monthly car show featuring British vehicles (MG, Mini, Aston, Jaguar, McLaren) with indoor/outdoor displays, free admission, parking, and food from local vendors.",events,free,0,all ages,"Chanhassen AutoPlex, 8150 Audubon Rd, Chanhassen, MN",44.86184,-93.53072,https://live.staticflickr.com/228/472117411_94e0ada8b4_b.jpg,curated_category,2026-08-29,9:00 AM,,https://chanhassenautoplex.com/cars-and-caves/,false,,,"car-show,twin cities"
Como Park Japanese Obon Festival,"Family-friendly Japanese cultural celebration featuring live music, martial arts demonstrations, taiko drumming, traditional dance, singing, Japanese cuisine, vendor booths, games, and cultural exhibits. Festival concludes with lantern lighting ceremony.",events,paid,$5-8,all-ages,"Marjorie McNeely Conservatory, 1225 Estabrook Drive, St. Paul, MN 55103",44.9578,-93.1673,https://comozooconservatory.org/wp-content/uploads/2023/08/Collage.jpg,og_image,2026-08-16,3:00 PM - 9:00 PM,,https://comozooconservatory.org/obon2026/,false,,,"festival,family,all-ages,cultural,kids"
Art in the Gardens,"Annual outdoor art and craft showcase at Minnesota Landscape Arboretum featuring 70+ local vendors offering culinary treats, crafts, fine arts and more. Guests can meet artists, listen to live music, and shop.",events,paid,,all-ages,"University of Minnesota Landscape Arboretum, Chaska, MN",44.8575,-93.6297,https://images.pexels.com/photos/1384254/pexels-photo-1384254.jpeg,curated_category,2026-08-14,,,https://arb.umn.edu/art,false,,,"all-ages,art fair,art-fair,craft-fair,family,festival,outdoor-event"
Benton County Free Fair,"113th annual fair featuring 4-H shows and exhibits, 4-H demonstrations, open class crafts, miniature horse show, livestock shows and auction, demolition derby, motocross, live music, midway entertainment, bingo, kids rides and games, tractor pull, and K9 dog demonstrations.",events,free,,all-ages,"Benton County Fairgrounds, 1410 3rd Avenue S., Sauk Rapids, MN 56379",45.5479,-94.1427,https://images.pexels.com/photos/31874024/pexels-photo-31874024.jpeg,curated_category,2026-08-04,8:00 AM - 12:00 AM,+1 320-253-5649,https://www.bentonfairmn.com/,false,,,"county fair,family,free,all-ages,kids,livestock"
Hennepin County Library - Baby Storytime,"For children from birth to 24 months and their caregivers. Talk, sing, read, write and play together sharing books, stories, rhymes, music and movement designed for babies.",events,free,,toddlers,Multiple Hennepin County Library locations,,,https://images.pexels.com/photos/31874024/pexels-photo-31874024.jpeg,curated_category,2026-08-03,10:00 AM - 10:45 AM,,https://hclib.bibliocommons.com/v2/events,false,,,"free,family,toddlers,story time"
Hennepin County Library - Craft and Create,Unstructured arts and crafts time for toddlers through entering grade 6. Library supplies all materials and every child leaves with an original piece of art.,events,free,,"toddlers, preschool, kids",Multiple Hennepool County Library locations,,,https://images.pexels.com/photos/31874024/pexels-photo-31874024.jpeg,curated_category,2026-08-05,10:00 AM - 12:00 PM,,https://hclib.bibliocommons.com/v2/events,false,,,"free,family,arts,kids,toddlers,preschool"
Eden Prairie Movie Night - Staring Lake Amphitheater,Free outdoor movie screening in Eden Prairie.,events,free,,all-ages,"Staring Lake Amphitheater, Eden Prairie, MN",44.8294,-93.4706,https://images.pexels.com/photos/31874024/pexels-photo-31874024.jpeg,curated_category,2026-08-07,7:30 PM,,https://www.ci.eden-prairie.mn.us/,false,,,"free,family,all-ages,outdoor movie"
Lake Harriet Sunday Concerts,Minneapolis Pops Orchestra offers free outdoor performances every weekend. Matinee concerts at 2pm. Features various local artists and bands in a beautiful lakeside setting.,events,free,,all-ages,"Lake Harriet Bandshell, 4901 East Lake Harriet Parkway, Minneapolis, MN",44.9359,-93.3202,https://www.minneapolisparks.org/wp-content/uploads/2018/11/lake_harriet_sailboats.jpg,curated,2026-08-02,2:00 PM,,https://mplspops.org/,false,,,"concert,free,family,all-ages,outdoor music"
Hennepool County Library - Makoce Collection Celebration,"Day of storytelling, music, and community at Franklin Library celebrating the Makoce Collection.",events,free,,all-ages,"Franklin Library, Minneapolis, MN",44.962975,-93.255882,https://images.pexels.com/photos/31874024/pexels-photo-31874024.jpeg,curated_category,2026-08-09,,,https://hclib.org/,false,,,"free,family,all-ages,cultural,community"
City on the Hill Music Festival,"Two-day Christian worship and music festival with live performances, food vendors, and kids' area with activities and bounce houses",events,ticketed,,all ages,"Bayfront Festival Park, 700 Railroad Street, Duluth, MN 55802",46.7711,-92.1005,https://images.pexels.com/photos/1384254/pexels-photo-1384254.jpeg,curated_category,2026-08-07,2:00 PM - 10:00 PM,(800) 854-1320,https://www.cityonthehillmusicfest.com/,false,,,"duluth,festival,music,kids,family"
Movies in the Park - Wicked,Free outdoor movie screening at sunset with concessions available,events,free,,all ages,"Leif Erikson Park, Duluth, MN 55802",46.7878,-92.0931,https://images.pexels.com/photos/31874024/pexels-photo-31874024.jpeg,curated_category,2026-08-07,Sunset,,https://visitduluth.com/event/movies-in-the-park/,false,,,"duluth,free,movies,family,kids"
Movies in the Park - Superman,Free outdoor movie screening at sunset with concessions available,events,free,,all ages,"Leif Erikson Park, Duluth, MN 55802",46.7878,-92.0931,https://images.pexels.com/photos/31874024/pexels-photo-31874024.jpeg,curated_category,2026-08-14,Sunset,,https://visitduluth.com/event/movies-in-the-park/,false,,,"duluth,free,movies,family,kids"
Movies in the Park - Mighty Ducks,Free outdoor movie screening at sunset with concessions available,events,free,,all ages,"Leif Erikson Park, Duluth, MN 55802",46.7878,-92.0931,https://images.pexels.com/photos/31874024/pexels-photo-31874024.jpeg,curated_category,2026-08-21,Sunset,,https://visitduluth.com/event/movies-in-the-park/,false,,,"duluth,free,movies,family,kids"
Movies in the Park - How to Train Your Dragon,Free outdoor movie screening at sunset with concessions available,events,free,,all ages,"Leif Erikson Park, Duluth, MN 55802",46.7878,-92.0931,https://images.pexels.com/photos/31874024/pexels-photo-31874024.jpeg,curated_category,2026-08-28,Sunset,,https://visitduluth.com/event/movies-in-the-park/,false,,,"duluth,free,movies,family,kids"
Brainerd Ski Loons Water Ski Show,"Free family-friendly water ski show featuring human pyramids, ski jumping, barefooting, and stilt skiing",events,free,,all ages,"Lum Park, Brainerd, MN 56401",46.3556,-94.2042,https://images.pexels.com/photos/31874024/pexels-photo-31874024.jpeg,curated_category,2026-08-09,5:00 PM,,https://www.skiloons.com/,false,,,"brainerd,free,family,kids"
Days of Yesteryear,"Family-friendly celebration at the History Center featuring live demonstrations, Oliver/Cockshutt/White tractors, steam tractors, traditional oat threshing, and parade of power",events,paid,,all ages,"Ralph Stoppel Farmstead, History Center of Olmsted County, Rochester, MN 55904",43.9954,-92.4754,https://images.pexels.com/photos/1384254/pexels-photo-1384254.jpeg,curated_category,2026-08-08,9:00 AM - 5:00 PM,,https://www.olmstedhistory.com/events,false,,,"rochester,festival,family,kids"
FORWARD Park Concert - Jeremy Messersmith,"Free all-ages outdoor concert with food and drink vendors, games and activities",events,free,,all ages,"John Withers Sports Complex, Rochester, MN 55901",43.8297,-92.5005,https://images.pexels.com/photos/31874024/pexels-photo-31874024.jpeg,curated_category,2026-08-12,5:30 PM - 7:45 PM,,https://www.rochestermn.gov/departments/rochester-public-music/forward-park-concerts,false,,,"rochester,free,music,family,kids"
FORWARD Park Concert - Raynes,"Free all-ages outdoor concert with food and drink vendors, games and activities",events,free,,all ages,"White Oaks Park, Rochester, MN 55901",43.8297,-92.5005,https://images.pexels.com/photos/31874024/pexels-photo-31874024.jpeg,curated_category,2026-08-19,5:30 PM - 7:45 PM,,https://www.rochestermn.gov/departments/rochester-public-music/forward-park-concerts,false,,,"rochester,free,music,family,kids"
FORWARD Park Concert - Me Like Bees,"Free all-ages outdoor concert with food and drink vendors, games and activities",events,free,,all ages,"Cook Park, Rochester, MN 55901",43.8297,-92.5005,https://images.pexels.com/photos/31874024/pexels-photo-31874024.jpeg,curated_category,2026-08-26,5:30 PM - 7:45 PM,,https://www.rochestermn.gov/departments/rochester-public-music/forward-park-concerts,false,,,"rochester,free,music,family,kids"
Hickory Street RibFest,"Festival featuring award-winning BBQ ribbing competition, live music headliners, and food vendors",events,paid,,all ages,"Mayo Clinic Health System Event Center, Mankato, MN 56001",44.1657,-93.9806,https://images.pexels.com/photos/1384254/pexels-photo-1384254.jpeg,curated_category,2026-08-07,12:00 PM onwards,,https://greatermankato.com/event_details/hickory-street-ribfest/,false,,,"all-ages,family,festival,food,kids,mankato"
Nicollet County Fair,"Historic county fair (155+ years) with carnival rides, grandstand events, livestock shows, live music, and exhibits",events,paid,,all ages,"400 W Union St, Saint Peter, MN 56082",44.3139,-93.9689,https://images.pexels.com/photos/31874024/pexels-photo-31874024.jpeg,curated_category,2026-08-12,Various times,,http://nicolletcountyfair.com/,false,,,"mankato,county fair,family,kids"
Fargo-Moorhead PRIDE Festival,"25th anniversary PRIDE celebration featuring all-ages drag show, pride trivia, 5K fun run, outdoor film screening, and skate night",events,free,Some events have fees,all ages (all-ages events available),"Multiple locations including MSUM Campus, Fargo-Moorhead, ND/MN",46.8796,-96.7898,https://images.pexels.com/photos/1384254/pexels-photo-1384254.jpeg,curated_category,2026-08-06,Various times,,https://fmpride.org/,false,,,"moorhead,festival,family,kids"
Winona Municipal Band Concert,Free outdoor concert by oldest continually performing city band west of Mississippi River,events,free,,all ages,"Lake Park Bandshell, Winona, MN 55987",44.0486,-91.6337,https://images.pexels.com/photos/31874024/pexels-photo-31874024.jpeg,curated_category,2026-08-05,8:00 PM - 9:00 PM,(507) 457-8220,https://winonamunicipalband.org/,false,,,"winona,free,music,family,kids"
Douglas County Fair ATV Big Air Tour,Professional ATV stunt show featuring Derek Guetter's team performing 80ft jumps and tricks with meet-and-greet opportunities,events,ticketed,Varies,all ages,"Douglas County Fairgrounds, Alexandria, MN 56308",45.8753,-95.3721,https://images.pexels.com/photos/1384254/pexels-photo-1384254.jpeg,curated_category,2026-08-20,6:30 PM,,https://www.dcmnfair.com/,false,,,"alexandria,festival,family,kids"
Raptor Center Wildlife Summer Camp,Wildlife education camps at University of Minnesota featuring bird and nature programs.,events,paid,,ages 9-15,"Raptor Center, University of Minnesota, St. Paul, MN",44.9747,-93.1853,https://images.pexels.com/photos/31874024/pexels-photo-31874024.jpeg,curated_category,2026-08-03,09:30,,https://raptor.umn.edu/summer-camps,false,,,"camp,paid,class,nature,st-paul"
Nike Basketball Camp at Minneapolis Sports Center,Basketball camp for ages 8-17 with multiple sessions available.,events,paid,$300,ages 8-17,"Minneapolis Sports Center, Minneapolis, MN",44.9749,-93.2783,https://live.staticflickr.com/6012/6205997306_c2609f848d_b.jpg,curated_category,2026-08-03,,,https://www.ussportscamps.com/basketball/nike/nike-basketball-camp-minneapolis,false,,,"camp,paid,youth-sports,basketball,minneapolis"
Twin Cities Irish Fest,"International, national, and local music, dance, storytelling, sports, children's activities, cultural exhibits, and marketplace.",events,ticketed,varies,all ages,"Harriet Island Regional Park, St. Paul, MN",44.94,-93.235,https://images.pexels.com/photos/4697232/pexels-photo-4697232.jpeg,curated_category,2026-08-07,,,https://www.twincitiesirishfest.com/,false,,,"community-fest,cultural-festival,entertainment,family,festival,kids,music,saint-paul"
"St. Paul Summer Arts, Crafts & Vendor Market","Curated mix of talented vendors offering handcrafted goods, art, fashion, home décor, beauty products, and specialty items.",events,free,,all ages,"St. Paul, MN",44.9537,-93.1126,https://images.pexels.com/photos/31874024/pexels-photo-31874024.jpeg,curated_category,2026-08-07,10:00 AM - 6:00 PM,,https://www.eventbrite.com/e/2026-st-paul-summer-arts-crafts-vendor-market-mn-tickets-1991893580319,false,,,"St. Paul,craft-fair,family,saint-paul"
Asian Street Food Night Market,"Street food vendors, desserts and drinks, local shopping, entertainment, and community activities.",events,free,,all ages,"The Pan Asian Center, St. Paul, MN",44.94,-93.1,https://images.pexels.com/photos/4697232/pexels-photo-4697232.jpeg,curated_category,2026-08-08,,,https://asianstreetfood.org/,false,,,"community-fest,saint-paul"
Uptown Food Truck Festival,"More than 50 mobile eateries, local craft breweries, and Twin Cities' favorite bands.",events,free,,all ages,"Lake Street and Hennepin Avenue, Minneapolis, MN",44.9646,-93.2865,https://images.pexels.com/photos/37472499/pexels-photo-37472499.jpeg,curated_category,2026-08-06,5:00 PM,,http://www.uptownminneapolis.com/events/uptown-food-truck-festival/,false,,,"food-truck,minneapolis"
IndiaFest,"Free outdoor celebration with over 100 booths for food, bazaar vendors, and cultural performances.",events,free,,all ages,"Minnesota State Capitol, St. Paul, MN",44.9515,-93.1012,https://images.pexels.com/photos/4697232/pexels-photo-4697232.jpeg,curated_category,2026-08-15,11:00 AM - 9:00 PM,,https://iamn.org/event/indiafest-2026/,false,,,"community-fest,saint-paul"
Japanese Obon Festival,"Traditional festival featuring food, singing, dancing, games, calligraphy, martial arts and lantern lighting.",events,free,,all ages,"Marjorie McNeely Conservatory at Como Park Zoo & Conservatory, St. Paul, MN",44.9775,-93.1456,https://images.pexels.com/photos/4697232/pexels-photo-4697232.jpeg,curated_category,2026-08-16,3:00 PM - 9:00 PM,,https://comozooconservatory.org/obon2026/,false,,,"community-fest,saint-paul"
Fridley Touch-A-Truck,"Kids can touch and climb in trucks, diggers, fire engines, police cars, tow trucks, school buses, and lawn vehicles. Free popsicles, crafts, lawn games, bounce inflatables. Sensory-friendly hour 4-5 PM. Free summer concert 7-8 PM.",events,free,,all ages,"Fridley Civic Campus, Fridley, MN",45.0567,-93.2856,https://images.pexels.com/photos/31874024/pexels-photo-31874024.jpeg,curated_category,2026-08-18,4:00 PM - 7:00 PM,,https://www.fridleymn.gov/Community-Recreation/Events,false,,,"touch-a-truck,fridley"
Minneapolis Uptown Art Market,Local artists and vendors showcasing handmade goods and art.,events,free,,all ages,"Uptown Minneapolis, MN",44.9646,-93.2865,https://images.pexels.com/photos/31874024/pexels-photo-31874024.jpeg,curated_category,2026-08-21,,,https://www.uptownminneapolis.com/uptown-art-fair/,false,,,"craft-fair,minneapolis"
Vietnamese Community of Minnesota Summer Festival,"Sports tournaments, live music, traditional foods, and cultural celebrations.",events,free,,all ages,"Dred Scott Park, Bloomington, MN",44.82,-93.25,https://images.pexels.com/photos/4697232/pexels-photo-4697232.jpeg,curated_category,2026-08-22,,,https://vietnam-minnesota.org/events.html,false,,,"community-fest,bloomington"
Steele County Free Fair,"County fair featuring rides, entertainment, food, and agricultural exhibitions.",events,free,,all ages,"Steele County Fairgrounds, Owatonna, MN",44.0754,-93.2289,https://images.pexels.com/photos/31874024/pexels-photo-31874024.jpeg,curated_category,2026-08-18,,,https://www.scff.org/,false,,,"county-fair,owatonna"
Lakeville Pan-O-Prog Cruise Night,Over 500 classic cars cruise through downtown Lakeville in a summer festival celebration.,events,free,,all ages,"Downtown Lakeville, MN",44.682,-93.2673,https://live.staticflickr.com/228/472117411_94e0ada8b4_b.jpg,curated_category,2026-08-07,6:30 PM,,https://visitlakeville.org/,false,,,"cruise-night,lakeville"
Uptown Art Fair (Art on the Isles),"200 juried artists from across USA, live music throughout weekend, local food vendors, family-friendly activities, and free admission. Returns to Uptown.",events,free,,all-ages,"Lake of the Isles & The Mall, Minneapolis, MN",44.9772995,-93.2654692,https://images.pexels.com/photos/30669729/pexels-photo-30669729.jpeg,curated_category,2026-08-07,"Aug 7 1pm-7pm, Aug 8 10am-6pm, Aug 9 10am-4pm",,https://www.uptownminneapolis.com/uptown-art-fair-2026/,false,,,"art-fair,festival,family,kids,free,live-music"
Cars & Coffee - InterMarque (St. Paul),Free car enthusiast gathering in historic St. Paul warehouse district. Request cash or non-perishable food donation.,events,free,,all-ages,"1371 7th St W, St. Paul, MN 55102",44.920883,-93.137359,https://live.staticflickr.com/228/472117411_94e0ada8b4_b.jpg,curated_category,2026-08-09,8am-11am,,https://intermarque.org/index.php/cars-and-coffee-st-paul/,false,,,"car-show,community,free"
Cars & Coffee - AutoMotorPlex (Medina),Free cars and coffee gathering for car enthusiasts.,events,free,,all-ages,"AutoMotorPlex, Medina, MN",45.01514,-93.57438,https://live.staticflickr.com/228/472117411_94e0ada8b4_b.jpg,curated_category,2026-08-08,9am-12pm,,https://chanhassenautoplex.com/,false,,,"car-show,community,free"
Chanhassen Community Day,"Free community event with Touch-A-Truck, bounce house, sports stations, fitness samples, music, and free trial classes.",events,free,,all-ages,"Chanhassen Recreation Center, 2310 Coulter Boulevard, Chanhassen, MN 55317",44.86184,-93.53072,https://images.pexels.com/photos/4697232/pexels-photo-4697232.jpeg,curated_category,2026-08-15,9am-12pm,,https://www.chanhassenmn.gov/departments/park-recreation/recreation-center/community-day,false,,,"touch-a-truck,community-fest,family,kids,free"
Touch-A-Truck - Chaska High School,"Free event where visitors sit in fire truck, police squad car, snowplow; play carnival games; ice cream and popcorn available.",events,free,,"kids, families","Chaska High School, Chaska, MN",44.823362,-93.588072,https://images.pexels.com/photos/31874024/pexels-photo-31874024.jpeg,curated_category,2026-08-20,5pm-7pm,,https://thriftyminnesota.com/minnesota-touch-a-truck-events/,false,,,"touch-a-truck,family,kids,free,community"
Outdoor Movie Nights - Hause Park,Free outdoor movie under the stars in August.,events,free,,all-ages,Hause Park,45.009846,-92.989603,https://images.pexels.com/photos/31874024/pexels-photo-31874024.jpeg,curated_category,2026-08-14,8pm-10pm,,https://www.familyfuntwincities.com/free-cheap-summer-movies/,false,,,"movie,outdoor-movie,free,family,kids"
Hickory Street RibFest - Mankato,"Retro-themed two-day BBQ festival featuring award-winning ribs from across the US, live music headliners (Gear Daddies, Viva Knievel), BBQ competitions, food vendors, and artisans. Shorter and more nostalgic format for 2026.",events,free,0,all-ages,"Hickory Street (Intergovernmental Center), Downtown Mankato, MN",44.1723,-93.9825,https://images.pexels.com/photos/1384254/pexels-photo-1384254.jpeg,curated_category,2026-08-07,12:00 PM,,https://www.ribfestmankato.com/,false,,,"mankato,all-ages,family,festival,concert,outstate/day-trip"
Crow Wing County Fair - Brainerd,"County fair in Brainerd featuring exhibits, entertainment, livestock shows, carnival rides, food vendors, and grandstand events.",events,free,0,all-ages,"Brainerd, MN",46.3621,-94.2170,https://images.pexels.com/photos/31874024/pexels-photo-31874024.jpeg,curated_category,2026-08-04,,(218) 829-6680,https://countyfairguide.com/fairs/minnesota,false,,,"Brainerd,all-ages,brainerd,county fair,county-fair,family,kids,outstate/day-trip"
Alexandria Festival of the Lakes,Classical chamber music festival (August 6-22) featuring five concerts by the Lakes Chamber Music Society at First Lutheran Church. Five evening concerts showcasing professional musicians.,events,ticketed,"$20 adults, free for students",all-ages,"First Lutheran Church, 1655 18th Avenue East, Alexandria, MN",45.8840,-95.2844,https://images.pexels.com/photos/1384254/pexels-photo-1384254.jpeg,curated_category,2026-08-06,7:00 PM,,https://alexfestival.org/,false,,,"alexandria,all-ages,family,concert,festival,outstate/day-trip"
WE Fest Country Music Festival,"Largest country music and camping festival in the US (August 5-8) at Soo Pass Ranch in Detroit Lakes. Multiple days of country music performances, camping, and entertainment.",events,ticketed,,all-ages,"Soo Pass Ranch, Detroit Lakes, MN",46.7631,-95.5650,https://images.pexels.com/photos/1384254/pexels-photo-1384254.jpeg,curated_category,2026-08-05,,,https://wefest.com/,false,,,"moorhead,all-ages,family,concert,festival,outstate/day-trip"
St. Louis County Fair - Chisholm,"County fair in Chisholm area (August 5-9) featuring exhibits, entertainment, livestock shows, carnival rides, food vendors, and grandstand events.",events,free,0,all-ages,"Chisholm, MN",47.4968,-92.8771,https://images.pexels.com/photos/31874024/pexels-photo-31874024.jpeg,curated_category,2026-08-05,,,https://countyfairguide.com/fairs/minnesota,false,,,"duluth,all-ages,kids,family,county fair,outstate/day-trip"
"Minnesota Twins Tiny Twins Camp - August 3-5, 2026",Youth baseball camp at Minnetonka High School for young Twins fans.,events,paid,varies,young youth,"Minnetonka High School, MN",44.9252,-93.4833,https://live.staticflickr.com/6012/6205997306_c2609f848d_b.jpg,curated_category,2026-08-03,varies,,https://www.mlb.com/twins/community/fund/training,false,,,"sports,youth-sports,camp,baseball,paid,registration,minnetonka"
"Renaissance Festival Minnesota - August 22-October 4, 2026","Medieval-themed festival in Shakopee with themed weekends. Open 9 AM-7 PM Saturdays & Sundays plus Labor Day (Sept 7) and Festival Friday (Oct 2). Seven themed weekends: Once Upon a Time, Highland Fling, Woofstock, and more.",events,paid,$13-$28.95,all ages,"Shakopee, MN",44.8056,-93.5556,https://images.pexels.com/photos/1384254/pexels-photo-1384254.jpeg,curated_category,2026-08-22,9:00 AM,,https://renaissancefest.com/,true,"Early buy advance tickets: Adults $20, Seniors $18, Kids 5-12 $13. Gate prices higher: Adults $28.95, Seniors $26.95, Kids $19.95. Kids 4 and under free.",2026-01-20,"paid,registration,shakopee,festival,attraction"
"Deer Lake Orchard Apple Picking - August 22, 2026","Apple picking opens August 22, 2026 at 10 AM. U-pick experience for families. Peak apple season typically late August through early October.",events,paid,varies,all ages,"Deer Lake Orchard, Minnesota",44.98634,-93.17945,https://images.pexels.com/photos/5529004/pexels-photo-5529004.jpeg,curated,2026-08-22,10:00 AM,,https://www.deerlakeorchard.com/,false,,,"paid,registration,orchard,seasonal,agritourism"
Pine Tree Apple Orchard U-Pick - Mid-August through February,U-pick apple orchard in White Bear Lake. Season runs mid-August through February with various apple varieties available.,events,paid,varies,all ages,"White Bear Lake, MN",45.0667,-93.0167,https://images.pexels.com/photos/5529004/pexels-photo-5529004.jpeg,curated,2026-08-15,varies,,https://www.pinetreeappleorchard.com/,false,,,"paid,registration,orchard,seasonal,agritourism"
Panda Fest Twin Cities (Sunday),"Final day of Asian cultural festival with food vendors, cultural performances, marketplace, interactive games, and panda-themed attractions.",events,paid,$14,all ages,"MOA North Lot, 2100 Lindau Lane, Bloomington, MN",44.8562,-93.2393,https://images.pexels.com/photos/1384254/pexels-photo-1384254.jpeg,curated_category,2026-08-02,All Day,,https://www.pandafests.com/events-1/project-one-ephnc-fphyr-ark8l-wfdxg-g558l-tjkap-ap5a4-y5jrj-as6h6,false,,,"paid,family,kids,festival,food,cultural"
WWE SummerSlam - Night 2,WWE SummerSlam wrestling event at U.S. Bank Stadium with family-friendly activities and entertainment.,events,ticketed,varies,all ages,"U.S. Bank Stadium, 401 Chicago Avenue, Minneapolis, MN",44.9748,-93.2592,https://live.staticflickr.com/6012/6205997306_c2609f848d_b.jpg,curated_category,2026-08-02,4:30 PM,,https://www.wwe.com/shows/summerslam/,false,,,"ticketed,family,entertainment,sports"
Canadian Days - Little Canada (Sunday),"Final day of 50th annual Canadian Days festival with carnival rides, food vendors, cultural performances, and family activities.",events,free,$3 button optional,all ages,"Spooner Park, 350 Eli Road, Little Canada, MN",45.0325,-93.1862,https://images.pexels.com/photos/4697232/pexels-photo-4697232.jpeg,curated_category,2026-08-02,9:00 AM - 5:00 PM,,https://www.canadiandays.org/,false,,,"free,family,kids,community-fest,carnival"
Freeborn County Fair - Albert Lea,"6-day county fair featuring agricultural events, competitions, 100+ food and commercial vendors, live entertainment including Dillon Carmichael and Lorrie Morgan, and family activities.",events,paid,varies,all ages,"Freeborn County Fairgrounds, 1105 Bridge Ave, Albert Lea, MN",43.6524,-93.3718,https://images.pexels.com/photos/31874024/pexels-photo-31874024.jpeg,curated_category,2026-08-04,All Day,+1 507-373-6965,https://www.co.freeborn.mn.us/490/Freeborn-County-Fair,false,,,"ticketed,family,county fair,kids,albert-lea"
Summer Splash Family Camp - Alexandria,"Free family-friendly outdoor recreation event focused on teaching youth about outdoor skills including trap shooting, archery, hunting, angling, and 40+ hands-on activities.",events,free,,youth and families,"Mount Carmel Ministries, Alexandria, MN",45.8842,-95.2736,https://images.pexels.com/photos/31874024/pexels-photo-31874024.jpeg,curated_category,2026-08-05,6:00 PM,,https://www.mountcarmelministries.com/summer-programming/family-camp-2026/,false,,,"free,family,kids,outdoor,alexandria"
Duluth County Fair,"County fair in Duluth featuring agricultural events, carnival rides, vendor booths, and family entertainment.",events,paid,varies,all ages,"Duluth Fairgrounds, Duluth, MN",46.7819,-92.1214,https://images.pexels.com/photos/31874024/pexels-photo-31874024.jpeg,curated_category,2026-08-05,All Day,,https://visitduluth.com/events/annual-events/,false,,,"all-ages,county fair,duluth,fair,family,kids,ticketed"
Eden Prairie Outdoor Movie - Staring Lake Amphitheater,Free outdoor movie screening at dusk with family-friendly entertainment.,events,free,,all ages,"Staring Lake Amphitheater, Eden Prairie, MN",44.8172,-93.3667,https://images.pexels.com/photos/31874024/pexels-photo-31874024.jpeg,curated_category,2026-08-07,7:30 PM,,https://www.edenprairie.org/,false,,,"free,family,kids,outdoor movie"
Rochester Fireworks,Community fireworks display in Rochester.,events,free,,all ages,"Veterans Memorial Park, Rochester, MN",44.015,-92.4832,https://live.staticflickr.com/47/219895152_074f56e6c1_b.jpg,curated_category,2026-08-08,9:30 PM,,https://www.experiencerochestermn.com/,false,,,"free,family,kids,fireworks,rochester"
Benton County Fair,"County fair featuring agricultural exhibitions, carnival rides, food vendors, and family entertainment.",events,paid,varies,all ages,"Benton County Fairgrounds, Sauk Rapids, MN",45.5733,-94.1928,https://images.pexels.com/photos/31874024/pexels-photo-31874024.jpeg,curated_category,2026-08-04,All Day,,https://bentonfairmn.com/,false,,,"ticketed,family,county fair,kids"
Foley County Fair,"County fair with traditional agricultural events, competitions, carnival rides, and family activities.",events,paid,varies,all ages,"Foley County Fairgrounds, Foley, MN",45.5711,-93.8661,https://images.pexels.com/photos/31874024/pexels-photo-31874024.jpeg,curated_category,2026-08-04,All Day,,https://ci.foley.mn.us/quick-facts-2/fun-days/,false,,,"ticketed,family,county fair,kids,foley"
Minnesota Twins vs Baltimore Orioles,MLB regular season home game at Target Field,events,ticketed,varies,all ages,"Target Field, Minneapolis, MN 55403",44.9817,-93.2779,https://images.pexels.com/photos/31874024/pexels-photo-31874024.jpeg,curated_category,2026-08-10,6:40 PM,(612) 659-3400,https://www.mlb.com/twins,false,,,"pro-sports,baseball,ticketed,game,minneapolis"
Minnesota United FC vs Tigres UANL,MLS home game at Allianz Field,events,ticketed,varies,all ages,"Allianz Field, 400 East 101st Street, Minneapolis, MN 55420",44.9417,-93.1718,https://images.pexels.com/photos/31874024/pexels-photo-31874024.jpeg,curated_category,2026-08-07,8:00 PM,,https://www.mnufc.com,false,,,"pro-sports,soccer,ticketed,game,minneapolis"
Nike Basketball Camp,"Basketball camp for ages 8-17. Session August 3-7, 2026 at Minneapolis Sports Center. $300 per session.",events,paid,$300,8-17,"Minneapolis Sports Center, Minneapolis, MN",44.8721,-93.2632,https://live.staticflickr.com/6012/6205997306_c2609f848d_b.jpg,curated_category,2026-08-03,varies,,https://www.ussportscamps.com,false,,,"camp,youth-sports,paid,basketball"
Minnesota Children's Museum - Acting Adventure: Enchanted Explorers,Theater camp with Stages Theatre Company (M-Th) 1-4 p.m. August 3-6. $345 non-members / $310.50 members.,events,paid,$345,youth,"Minnesota Children's Museum, 2400 Pilot Knob Rd, St. Paul, MN 55118",44.8916,-93.1633,https://mcm.org/wp-content/uploads/2023/02/our-world-blog-1-illo.png,curated,2026-08-03,1:00 PM - 4:00 PM,(651) 225-6000,https://mcm.org/camps/,false,,,"camp,paid,class,theater,st-paul"
Mankato Unique Classic Car Roll-In,Classic car roll-in event featuring vintage and collector automobiles,events,free,free,all ages,"2015 Bassett Drive Suite 200, Mankato, MN 56001",44.1635,-93.9975,https://live.staticflickr.com/228/472117411_94e0ada8b4_b.jpg,curated_category,2026-08-08,10:00 AM,,https://www.uniqueclassiccars.com/our-events,false,,,"car-show,free,mankato"
Powderhorn Art Fair,"35th anniversary celebration with 150+ artists, immersive art installations, Family Zone, and 12+ food vendors",events,Free,,family,"Powderhorn Park, Minneapolis, MN",44.9476,-93.2564,https://images.pexels.com/photos/30669729/pexels-photo-30669729.jpeg,curated_category,2026-08-02,10:00 AM - 5:00 PM,,https://www.powderhornartfair.com/,false,,,"family,art-fair,outdoor-event,kids"
Wanderlight Trail - Minnesota Zoo,"Magical evening experience with larger-than-life illuminated animal lanterns inspired by animals from around the world. Wander at own pace through glowing oceans, deserts, jungles, lakes, and prairies.",events,Paid,$26-$30,"family, kids","Minnesota Zoo, New Prague, MN",44.7547,-93.3503,https://www.exploreminnesota.com/sites/default/files/styles/full_width_image/public/2021-05/mn-zoo-tiger.jpg.webp?itok=cprkRiDL,curated,2026-08-02,7:30 PM - 12:00 AM,,https://mnzoo.org/wanderlight-2026/,false,,,"family,kids,outdoor-event,animals,interactive"
Disney's Newsies,Disney's Newsies theatrical performance for families and kids,events,Paid,,"kids, family","Children's Performing Arts, White Bear Lake, MN",45.1129,-93.0153,https://images.pexels.com/photos/31874024/pexels-photo-31874024.jpeg,curated_category,2026-08-07,,,https://www.familyfuntwincities.com/events/childrens-performing-arts-august/,false,,,"kids,family,theater,musical,performance"
Eden Prairie Movies In the Park - The Lego Movie,Free outdoor movie screening with live performance by MarimbaMatt at 7:30pm followed by The Lego Movie at 9pm at Staring Lake Amphitheatre,events,Free,,"kids, family","Staring Lake Amphitheatre, Eden Prairie, MN",44.8839,-93.4633,https://images.pexels.com/photos/31874024/pexels-photo-31874024.jpeg,curated_category,2026-08-15,7:30 PM - 9:00 PM,,https://www.edenprairie.org/Home/Components/Calendar/Event/20008/,false,,,"family,kids,outdoor-movie,movie,entertainment"
Twin Cities Music and Movement Festival,"Free day featuring music, dancing, food, guest DJs, steppin, salsa, line dancing, kids activities, and health and wellness programming",events,Free,,"family, kids","Western Sculpture Garden Park, Saint Paul, MN",44.9404,-93.1609,https://images.pexels.com/photos/1384254/pexels-photo-1384254.jpeg,curated_category,2026-08-22,11:00 AM - 6:00 PM,,https://spokesman-recorder.com/2026/06/18/twin-cities-music-movement-festival-august-2026/,false,,,"family,kids,festival,music,dance,entertainment,wellness"
Movies in the Park - Minneapolis,"Free outdoor movie screenings at parks throughout Minneapolis. Part of series running June 3-Sept 5 with 47 total screenings. Wide variety including sports movies, cult favorites, new releases, singalongs. Screenings start 15 minutes after sunset.",events,Free,,"family, kids",Various Minneapolis Parks,44.9726,-93.2348,https://images.pexels.com/photos/31874024/pexels-photo-31874024.jpeg,curated_category,2026-08-03,15 minutes after sunset,,https://twincitiesfamily.com/series/movies-in-the-park-minneapolis-parks-recreation/,false,,,"family,kids,outdoor-movie,movie,free-entertainment,recurring-series"
Movies in the Park - St. Paul,Free outdoor movie screenings at St. Paul parks throughout the summer. Part of ongoing series with multiple showings all season.,events,Free,,"family, kids",Various St. Paul Parks,44.9537,-93.0900,https://images.pexels.com/photos/31874024/pexels-photo-31874024.jpeg,curated_category,2026-08-03,Dusk,,https://stpaul.gov/departments/parks-recreation/activities-events/summer-activities-events/movies-parks,false,,,"family,kids,outdoor-movie,movie,free-entertainment,recurring-series"
Music in the Parks - Minneapolis,"Free outdoor music series brought by Minneapolis Parks and Recreation featuring various artists at parks across the city, running Memorial Day through Labor Day",events,Free,,family,Various Minneapolis Parks,44.9726,-93.2348,https://images.pexels.com/photos/31874024/pexels-photo-31874024.jpeg,curated_category,2026-08-03,,,https://www.minneapolisparks.org/activities-events/music-movies/,false,,,"family,music,free-concert,outdoor-event,recurring-series"
Music in the Parks - St. Paul,Free outdoor music series at St. Paul parks throughout summer season,events,Free,,family,Various St. Paul Parks,44.9537,-93.0900,https://images.pexels.com/photos/31874024/pexels-photo-31874024.jpeg,curated_category,2026-08-03,,,https://www.stpaul.gov/departments/parks-and-recreation/activities-events/summer-activities-events/music-parks,false,,,"family,music,free-concert,outdoor-event,recurring-series"
Twin Cities River Rats - Water Ski Shows,Free water ski shows performed on the Mississippi River. Summer-long series of performances.,events,Free,,"family, kids","1758 West River Rd N, Minneapolis, MN",44.9912,-93.2773,https://images.squarespace-cdn.com/content/v1/65c25adb56e609053eb5b217/2d66846d-aef3-4fa0-ae36-ccd56f01d7b2/363367999_769494875181319_1306454163493925773_n.jpg,curated,2026-08-03,,,https://www.tcriverrats.com/,false,,,"family,kids,water-sports,performance,free-entertainment"
Eagan Marketfest - Kids POP Club,"Wednesday farmers market with Kids POP Club featuring weekly activities for kids ages 4-12 and their adult, plus weekly concerts",events,Free,,"kids, family","Eagan Central Park Festival Grounds, Eagan, MN",44.8173,-93.1726,https://images.pexels.com/photos/31874024/pexels-photo-31874024.jpeg,curated_category,2026-08-05,4:00 PM - 8:00 PM,,https://cityofeagan.com/calendar/eagan-market-fest-34,false,,,"kids,family,farmers-market,activities,concerts,recurring-series"
Free Carousel Rides at Como Zoo,Free carousel rides at Como Zoo on the last Tuesday of each month,events,Free,,"kids, toddlers, family","Como Zoo, St. Paul, MN",44.9748,-93.1631,https://live.staticflickr.com/1226/820440525_b9262bff06_b.jpg,curated,2026-08-25,11:00 AM - 4:00 PM,,https://comozooconservatory.org/event/cafesjians-carousel/,false,,,"kids,toddlers,family,free-attraction,carousel"
Maple Grove Movies in the Park,Free outdoor movie screenings at Town Green Park as part of Maple Grove's Sounds of Summer series on select Fridays,events,Free,,"family, kids","Town Green Park, Maple Grove, MN",45.0517,-93.4368,https://images.pexels.com/photos/31874024/pexels-photo-31874024.jpeg,curated_category,2026-08-07,Dusk,,https://www.maplegrovemn.gov/Calendar.aspx?EID=1219,false,,,"family,kids,outdoor-movie,movie,free-entertainment,recurring-series"
Columbia Heights Movies in the Park,August outdoor movies at Huset Park. Bring swimsuits for splash pad if heat is still turned up outdoors.,events,Free,,"family, kids","Huset Park, Columbia Heights, MN",45.0259,-93.2229,https://images.pexels.com/photos/31874024/pexels-photo-31874024.jpeg,curated_category,2026-08-08,Dusk,,https://www.columbiaheightsmn.gov/community/movie_in_the_park.php,false,,,"family,kids,outdoor-movie,movie,free-entertainment"
Starlight Cinema Ojibway Park,"Outdoor movies on 40' inflatable screen with free entertainment and activities beginning at 7pm, movie at dusk",events,Free,,"family, kids","Ojibway Park, St. Paul, MN",44.9230,-93.1856,https://images.pexels.com/photos/31874024/pexels-photo-31874024.jpeg,curated_category,2026-08-10,7:00 PM,,https://starlightmn.com/,false,,,"family,kids,outdoor-movie,movie,entertainment,free-event"
Highland Park Library - Preschool Storytime,"Early literacy storytime for preschool children ages 3-5, free program at Highland Park Library",events,Free,,"preschool, toddlers","Highland Park Library, St. Paul, MN",44.8902,-93.2117,https://images.pexels.com/photos/31874024/pexels-photo-31874024.jpeg,curated_category,2026-08-04,,,https://www.familyfuntwincities.com/events/tuesday-preschool-storytime-highland-park/,false,,,"preschool,toddlers,family,storytime,library,free-program,recurring-series"
Red Balloon Bookshop - Toddler Storytime,Storytime for toddlers and preschoolers on Thursdays at 10:30am,events,Free,,"toddlers, preschool","3230 Galleria, Edina, MN",44.8854,-93.3476,https://images.pexels.com/photos/31874024/pexels-photo-31874024.jpeg,curated_category,2026-08-06,10:30 AM,,https://redballoonbookshop.com/Storytimes,false,,,"toddlers,preschool,family,storytime,bookshop,free-program,recurring-series"
Carpenter St. Croix Valley Nature Center - Preschool Story Times,"Monthly preschool story times including a story, craft, and nature & animal education. Registration required. Program for ages 3+.",events,Free,,"preschool, kids","Carpenter St. Croix Valley Nature Center, Hastings, MN",44.7623,-92.8752,https://images.pexels.com/photos/31874024/pexels-photo-31874024.jpeg,curated_category,2026-08-07,10:00 AM - 11:00 AM,,https://carpenternaturecenter.org/event/preschool-story-time/,false,,,"preschool,kids,storytime,nature-education,craft,free-program,monthly-series"
Twin Cities Maker Fest,"Annual celebration of all forms of making, art, and craft in the Twin Cities",events,Free,,"family, kids","31st Ave, Seward, Minneapolis, MN",44.9567,-93.2195,https://images.pexels.com/photos/31874024/pexels-photo-31874024.jpeg,curated_category,2026-08-28,,,https://tcmaker.org/twin-cities-makerfest-2025/,false,,,"family,kids,maker-fest,art,craft,creative-festival"
American Pottery Festival,"Festival bringing together nationally recognized ceramic artists, collectors, students, and clay enthusiasts for exhibitions, pottery sales, artist talks, studio demonstrations, and hands-on workshops",events,Varies,,family,"2424 Franklin Ave E (Northern Clay Center), Minneapolis, MN 55406",44.9625,-93.2358,https://images.pexels.com/photos/31874024/pexels-photo-31874024.jpeg,curated_category,2026-08-27,,,https://northernclaycenter.org/american-pottery-festival/,false,,,"family,art-festival,pottery,craft,educational-workshop"
RLA Summer Block Party,"Community event featuring live music, local food, vendors, family-friendly activities, and community resources",events,Free,,"family, kids","1675 Rice St, St. Paul, MN",44.9748,-93.1848,https://images.pexels.com/photos/1384254/pexels-photo-1384254.jpeg,curated_category,2026-08-15,10:30 AM - 3:30 PM,,,false,,,"family,kids,festival,community-event,music"
7th Street Live,All-ages community festival with live music and entertainment,events,Free,,"family, kids, teens","Corner of Fort Rd and Hope St, St. Paul, MN",44.9351,-93.1683,https://images.pexels.com/photos/1384254/pexels-photo-1384254.jpeg,curated_category,2026-08-08,12:00 PM - 4:00 PM,,https://www.power1047.fm/7thstreetlive,false,,,"family,kids,teens,festival,music,entertainment,all-ages"
Zootopia 2 - Movies in the Park,Free outdoor movie at Leif Erikson Park. Bring your own lawn chair or blanket. Movie begins at sunset (approximately 8:30-9:00 PM).,events,free,0,all-ages,"Leif Erikson Park, 1301 London Road, Duluth, MN",46.8236,-92.1056,https://images.pexels.com/photos/31874024/pexels-photo-31874024.jpeg,curated_category,2026-08-09,20:30,,https://visitduluth.com/event/movies-in-the-park/,false,,,"duluth,all-ages,movies,free"
Wicked: For Good - Movies in the Park,"Free outdoor movie at Leif Erikson Park. Rated PG, 2 hours 17 minutes. Bring your own lawn chair or blanket. Movie begins at sunset (approximately 8:30-9:00 PM).",events,free,0,all-ages,"Leif Erikson Park, 1301 London Road, Duluth, MN",46.8236,-92.1056,https://images.pexels.com/photos/31874024/pexels-photo-31874024.jpeg,curated_category,2026-08-07,20:30,,https://visitduluth.com/event/movies-in-the-park/,false,,,"duluth,all-ages,movies,free"
Kandiyohi County Fair,"County fair featuring agricultural, domestic and industrial exhibits including livestock, baking, flowers, antique tractors, carnival rides, and entertainment.",events,paid,5,all-ages,"Kandiyohi County Fairgrounds, Willmar, MN",45.0859,-94.7361,https://images.pexels.com/photos/31874024/pexels-photo-31874024.jpeg,curated_category,2026-08-05,,,https://www.kandifair.com/,false,,,"mankato,all-ages,fair"
Pipestone County Fair,"County fair with children's barn with baby animals, 4-H/FFA/open class exhibits, midway rides and games, food vendors, and professional truck and tractor pullers on Friday.",events,free,0,all-ages,"Pipestone County Fairgrounds, Pipestone, MN",43.9957,-96.3183,https://images.pexels.com/photos/31874024/pexels-photo-31874024.jpeg,curated_category,2026-08-05,,,https://www.pipestonecountyfair.com/,false,,,"mankato,all-ages,fair,free"
Brainerd Ski Loons Water Ski Show,"Free outdoor water ski show featuring human ski pyramids, ski jumping, barefooting, and stilt skiing. Bring blankets or lawn chairs. Concessions available with free will donations appreciated.",events,free,0,all-ages,"Lum Park, Brainerd, MN",46.3903,-94.1846,https://images.pexels.com/photos/31874024/pexels-photo-31874024.jpeg,curated_category,2026-08-12,18:30,,https://www.skiloons.com/,false,,,"brainerd,all-ages,water-sports,free"
Superman - Movies in the Park,"Free outdoor movie at Leif Erikson Park. Rated PG-13, 2 hours 10 minutes. Bring your own lawn chair or blanket. Movie begins at sunset (approximately 8:30-9:00 PM).",events,free,0,ages-10-plus,"Leif Erikson Park, 1301 London Road, Duluth, MN",46.8236,-92.1056,https://images.pexels.com/photos/31874024/pexels-photo-31874024.jpeg,curated_category,2026-08-14,20:30,,https://visitduluth.com/event/movies-in-the-park/,false,,,"duluth,ages-10-plus,movies,free"
Lake County Fair (Two Harbors),"County fair featuring livestock competitions, carnival rides, live music, junior livestock auction, nightly fireworks, and multiple daily lumberjack shows with audience giveaways.",events,paid,5,all-ages,"Lake County Fairgrounds, 1381 Fairgrounds Road, Two Harbors, MN",47.3043,-91.6646,https://images.pexels.com/photos/31874024/pexels-photo-31874024.jpeg,curated_category,2026-08-06,,(218) 269-4159,http://www.thelakecountyfair.com/,false,,,"duluth,all-ages,fair"
Splash Pad Bubble Bash,"Free splash pad event with foamy bubble zones, kids' games, dancing, water fun, and local food trucks available.",events,free,0,kids,"10/10 Park, 1114 9th Ave SE, St. Cloud, MN",45.5447,-94.2095,https://images.pexels.com/photos/31874024/pexels-photo-31874024.jpeg,curated_category,2026-08-21,17:30,,https://www.ci.stcloud.mn.us/177/Special-Events,false,,,"st-cloud,kids,water,free"
Dino Dig,Become a paleontologist with St. Cloud State University professors to learn about dinosaurs and participate in a mini dino dig. For ages 4-6. Pre-registration required; maximum 25 participants per session.,events,paid,5,ages-4-6,"Wilson Park, 625 Riverside Dr NE, St. Cloud, MN",45.5633,-94.1898,https://images.pexels.com/photos/31874024/pexels-photo-31874024.jpeg,curated_category,2026-08-22,09:00,,https://www.ci.stcloud.mn.us/177/Special-Events,false,,,"st-cloud,ages-4-6,educational"
Fossil Explorers,Hands-on paleontology program with SCSU's College of Science and Engineering for ages 7-10. Explore fossils and learn from professors. Bring water and wear clothes suitable for getting dirty. Pre-registration required; maximum 25 participants.,events,paid,5,ages-7-10,"Wilson Park, 625 Riverside Dr NE, St. Cloud, MN",45.5633,-94.1898,https://images.pexels.com/photos/31874024/pexels-photo-31874024.jpeg,curated_category,2026-08-22,11:00,,https://www.ci.stcloud.mn.us/177/Special-Events,false,,,"st-cloud,ages-7-10,educational"
Mighty Ducks - Movies in the Park,"Free outdoor movie at Leif Erikson Park. Rated PG, 1 hour 43 minutes. Bring your own lawn chair or blanket. Movie begins at sunset (approximately 8:30-9:00 PM).",events,free,0,all-ages,"Leif Erikson Park, 1301 London Road, Duluth, MN",46.8236,-92.1056,https://images.pexels.com/photos/31874024/pexels-photo-31874024.jpeg,curated_category,2026-08-21,20:30,,https://visitduluth.com/event/movies-in-the-park/,false,,,"duluth,all-ages,movies,free"
How to Train Your Dragon - Movies in the Park,"Free outdoor movie at Leif Erikson Park. Rated PG-13, 2 hours 5 minutes. Bring your own lawn chair or blanket. Movie begins at sunset (approximately 8:30-9:00 PM).",events,free,0,ages-5-plus,"Leif Erikson Park, 1301 London Road, Duluth, MN",46.8236,-92.1056,https://images.pexels.com/photos/31874024/pexels-photo-31874024.jpeg,curated_category,2026-08-28,20:30,,https://visitduluth.com/event/movies-in-the-park/,false,,,"duluth,ages-5-plus,movies,free"
Brainerd & Baxter Area County Fair,"County fair featuring agricultural exhibits, livestock competitions, carnival rides, food vendors, and entertainment.",events,paid,,all-ages,"Brainerd Fairgrounds, Brainerd, MN",46.3903,-94.1846,https://images.pexels.com/photos/31874024/pexels-photo-31874024.jpeg,curated_category,2026-08-04,,,https://visitbrainerdbaxter.com/crow-wing-county-fair/,false,,,"brainerd,all-ages,fair"
Albert Lea County Fair,"County fair featuring livestock, agricultural exhibits, carnival rides, food vendors, and entertainment.",events,paid,,all-ages,"Freeborn County Fairgrounds, Albert Lea, MN",43.6471,-93.3715,https://images.pexels.com/photos/31874024/pexels-photo-31874024.jpeg,curated_category,2026-08-04,,,https://www.co.freeborn.mn.us/490/Freeborn-County-Fair,false,,,"rochester,all-ages,fair"
Foley-Ripley Area County Fair,"County fair featuring agricultural and livestock exhibits, carnival rides, food vendors, and entertainment.",events,paid,,all-ages,"Foley Fair Grounds, Foley, MN",45.6733,-94.8100,https://images.pexels.com/photos/31874024/pexels-photo-31874024.jpeg,curated_category,2026-08-04,,,https://ci.foley.mn.us/quick-facts-2/fun-days/,false,,,"st-cloud,all-ages,fair"
Mille Lacs County Fair,"County fair with livestock competitions, agricultural exhibits, carnival rides, food vendors, and entertainment.",events,paid,,all-ages,"Mille Lacs County Fairgrounds, Milaca, MN",45.8200,-93.7183,https://images.pexels.com/photos/31874024/pexels-photo-31874024.jpeg,curated_category,2026-08-05,,,https://www.millelacscountyfair.com/,false,,,"brainerd,all-ages,fair"
Worthington Nobles County Fair,"County fair featuring livestock, agricultural exhibits, carnival rides, food vendors, and entertainment.",events,paid,,all-ages,"Nobles County Fairgrounds, Worthington, MN",43.6151,-95.6017,https://images.pexels.com/photos/31874024/pexels-photo-31874024.jpeg,curated_category,2026-08-05,,,https://forwardworthington.com/directory/nobles-county-fair-worthington-speedway/,false,,,"mankato,all-ages,fair"
Bagley Clearwater County Fair,"County fair with livestock competitions, agricultural exhibits, carnival rides, food vendors, and entertainment.",events,paid,,all-ages,"Clearwater County Fairgrounds, Bagley, MN",47.3143,-94.6911,https://images.pexels.com/photos/31874024/pexels-photo-31874024.jpeg,curated_category,2026-08-05,,,https://clearwatercountyfair.net/home,false,,,"bemidji,all-ages,fair"
Windom Cottonwood County Fair,"County fair featuring livestock, agricultural exhibits, carnival rides, food vendors, and entertainment.",events,paid,,all-ages,"Cottonwood County Fairgrounds, Windom, MN",43.9667,-95.1136,https://images.pexels.com/photos/31874024/pexels-photo-31874024.jpeg,curated_category,2026-08-05,,,https://cottonwoodcountyfair.org/,false,,,"mankato,all-ages,fair"
Fargo-Moorhead All-Ages Drag Show,Family-friendly drag extravaganza featuring fabulous costumes and captivating storytelling suitable for all ages at CMU Ballroom in Kise Commons at MSUM.,events,paid,,all-ages,"CMU Ballroom in Kise Commons, MSUM, Moorhead, MN",46.8582,-96.7425,https://images.pexels.com/photos/31874024/pexels-photo-31874024.jpeg,curated_category,2026-08-07,19:00,,https://www.fargomoorhead.org/event/pride/1245/,false,,,"moorhead,all-ages,entertainment"
Fargo-Moorhead Pride Trivia,Pride trivia night with no cover charge at Rhombus Guys.,events,free,0,adults,"Rhombus Guys, Fargo, ND area",46.8797,-96.8289,https://images.pexels.com/photos/31874024/pexels-photo-31874024.jpeg,curated_category,2026-08-06,18:00,,https://fmpride.org/,false,,,"moorhead,adults,free"
International Falls County Fair,"County fair featuring livestock, agricultural exhibits, carnival rides, food vendors, and entertainment.",events,paid,,all-ages,"International Falls Fairgrounds, International Falls, MN",48.6057,-93.4350,https://images.pexels.com/photos/31874024/pexels-photo-31874024.jpeg,curated_category,2026-08-10,,,,false,,,"bemidji,all-ages,fair"
Hastings Dakota County Fair,"County fair with livestock competitions, agricultural exhibits, carnival rides, food vendors, and entertainment.",events,paid,,all-ages,"Dakota County Fairgrounds, Hastings, MN",44.7485,-92.8484,https://images.pexels.com/photos/31874024/pexels-photo-31874024.jpeg,curated_category,2026-08-11,,,https://www.dakotacountyfair.org/,false,,,"rochester,all-ages,fair"
ATV Big Air Tour at Douglas County Fair,High-flying ATV stunt show at the Douglas County Fair with big air performances.,events,paid,,all-ages,"Douglas County Fairgrounds, Alexandria, MN",45.8821,-95.3917,https://images.pexels.com/photos/31874024/pexels-photo-31874024.jpeg,curated_category,2026-08-20,18:30,,https://www.atvbigairtour.com/schedule,false,,,"alexandria,all-ages,fair"
Winona Dungeons & Dragons Sessions,D&D sessions for ages 10-17 with beginner-friendly one-shot quests that require no experience. Sessions held on select Mondays.,events,free,0,ages-10-17,"Winona Public Library, Winona, MN",44.0483,-91.6361,https://images.pexels.com/photos/31874024/pexels-photo-31874024.jpeg,curated_category,2026-08-03,15:00,,https://winona.lib.mn.us/event/dungeons-dragons-adventures/2025-06-24/,false,,,"winona,ages-10-17,gaming,free"
Minnesota Twins vs Philadelphia Phillies,"Home baseball games at Target Field. August 14-16, 2026. Tickets available on MLB.com and Ticketmaster.",events,Paid,varies,all ages,"Target Field, 1 Twins Way, Minneapolis, MN 55403",44.9817,-93.2789,https://images.pexels.com/photos/31874024/pexels-photo-31874024.jpeg,curated_category,2026-08-14,varies,,https://www.mlb.com/twins/schedule,false,,,"pro-sports,baseball,game,ticketed,paid,all-ages"
Minnesota Twins vs Atlanta Braves,"Home baseball games at Target Field. August 18-20, 2026. Tickets available on MLB.com and Ticketmaster.",events,Paid,varies,all ages,"Target Field, 1 Twins Way, Minneapolis, MN 55403",44.9817,-93.2789,https://images.pexels.com/photos/31874024/pexels-photo-31874024.jpeg,curated_category,2026-08-18,varies,,https://www.mlb.com/twins/schedule,false,,,"pro-sports,baseball,game,ticketed,paid,all-ages"
St. Paul Saints Home Games August 2026,Minor league baseball games at CHS Field. Games scheduled August 4-9 and August 25. Single game tickets available on Ticketmaster and MiLB.com.,events,Paid,varies,all ages,"CHS Field, 360 Broadway, Saint Paul, MN 55101",44.9519,-93.0984,https://saint-paul-2022.s3.amazonaws.com/imager/files_idss_com/C17/6f86d743-2ecf-40c2-90a9-21cb39d7e639_2a23813dca470163f0b2610639f888f1.jpg,curated,2026-08-04,varies,,https://www.milb.com/st-paul/schedule,false,,,"minor-league baseball,game,ticketed,paid,all-ages"
Minnesota Lynx Homestand August 2-9,"WNBA home games at Target Center. Games vs Indiana (Aug 2), Los Angeles, Las Vegas (Aug 8), Portland (Aug 9), and Dallas. Multiple games during week-long homestand.",events,Paid,varies,all ages,"Target Center, 600 First Avenue North, Minneapolis, MN 55403",44.9795,-93.2763,https://images.pexels.com/photos/31874024/pexels-photo-31874024.jpeg,curated_category,2026-08-02,varies,,https://lynx.wnba.com/schedule,false,,,"pro-sports,women's basketball,WNBA,game,ticketed,paid,all-ages"
Minnesota United vs FC Juarez,"MLS regular season match at Allianz Field. August 4, 2026, 7:30 PM. Tickets available on Ticketmaster and MNUFC.com.",events,Paid,varies,all ages,"Allianz Field, 400 Snelling Avenue North, Saint Paul, MN 55104",44.975,-93.1681,https://images.pexels.com/photos/31874024/pexels-photo-31874024.jpeg,curated_category,2026-08-04,7:30 PM,,https://www.mnufc.com/schedule/matches,false,,,"pro-sports,soccer,MLS,game,ticketed,paid,all-ages"
Minnesota United vs Tigres UANL,"MLS regular season match at Allianz Field. August 7, 2026, 8:00 PM. Tickets available on Ticketmaster and MNUFC.com.",events,Paid,varies,all ages,"Allianz Field, 400 Snelling Avenue North, Saint Paul, MN 55104",44.975,-93.1681,https://images.pexels.com/photos/31874024/pexels-photo-31874024.jpeg,curated_category,2026-08-07,8:00 PM,,https://www.mnufc.com/schedule/matches,false,,,"pro-sports,soccer,MLS,game,ticketed,paid,all-ages"
Minnesota United vs Atlanta United - 10th Season Celebration,"MLS regular season match at Allianz Field. August 19, 2026. Special season celebration match. Tickets available on Ticketmaster and MNUFC.com.",events,Paid,varies,all ages,"Allianz Field, 400 Snelling Avenue North, Saint Paul, MN 55104",44.975,-93.1681,https://images.pexels.com/photos/31874024/pexels-photo-31874024.jpeg,curated_category,2026-08-19,varies,,https://www.mnufc.com/schedule/matches,false,,,"pro-sports,soccer,MLS,game,ticketed,paid,all-ages"
Moms on the Run 5K/Kids Run Family Event,"Annual family-friendly running event with 5K race, 10K option, and Kids Run events. Sunday, August 23, 2026. In-person and virtual options available. Family Fun Zone included.",events,Paid,varies,all ages,"Twin Cities, Minnesota",44.9749,-93.2348,https://images.pexels.com/photos/31874024/pexels-photo-31874024.jpeg,curated_category,2026-08-23,morning,,https://www.momsontherun.com/race-information/,false,,,"family-event,kids-race,running,5K,free-or-paid,all-ages"
Children's Theatre Company - Hadestown Teen Edition,"Teen musical production retelling ancient Greek myths. August 7-8, 2026. All tickets $25. Recommended for ages 10+.",events,Paid,25,10+,"Children's Theatre Company, 2400 3rd Ave South, Minneapolis, MN 55404",44.9496,-93.2637,https://images.pexels.com/photos/31874024/pexels-photo-31874024.jpeg,curated_category,2026-08-07,varies,,https://childrenstheatre.org/shows-and-tickets/,false,,,"theatre,performance,ticketed,paid,ages-10-plus"
DGPT Doubles Championship at The Preserve - Clearwater,"Professional disc golf championship August 14-16, 2026 at The Preserve: Black Bear Disc Golf Course. Children 10 and under free with ticketed adult.",events,Paid,varies,all ages,"The Preserve: Black Bear Disc Golf Course, Clearwater, MN",45.3333,-94.1667,https://live.staticflickr.com/6012/6205997306_c2609f848d_b.jpg,curated_category,2026-08-14,varies,,https://tickets.dgpt.com/event/2026-dgpt-doubles-championship-x6d2dc,true,Children 10 and under free with ticketed adult,,"disc-golf,sports,tournament,ticketed,paid,all-ages,clearwater"
Minnesota Doubles Disc Golf Series #6 - South St. Paul,"Disc golf tournament August 9, 2026 at Kaposia Park in South St. Paul. Community-level competition.",events,Paid,varies,all ages,"Kaposia Park, South St. Paul, MN",44.7408,-93.0503,https://www.minneapolisparks.org/wp-content/uploads/2018/11/discgolf_wirth.jpg,curated,2026-08-09,varies,,https://www.discgolfscene.com/tournaments/Minnesota,false,,,"disc-golf,sports,tournament,paid,all-ages"
Kandiyohi County Fair - Willmar,"County fair featuring open class exhibits (needlework, canning, baking, flowers, vegetables, quilts), livestock (cattle, horses, rabbits), auto racing, NTPA tractor and truck pull, bull riding, ranch sorting, and free entertainment.",events,paid,3-7,family,"Fairgrounds, Willmar, MN 56201",45.1267,-95.0619,https://images.pexels.com/photos/31874024/pexels-photo-31874024.jpeg,curated_category,2026-08-05,11:00 AM - 11:00 PM,,kandifair.com,false,Free admission for veteran and guest 10am-3pm on Aug 5,,"county-fair,Willmar,family"
Friday Night Car Show - North St. Paul (Aug 7),"Weekly classic car show featuring vintage and custom cars, live music, food vendors. Part of ongoing summer series hosted by History Cruizers. 7th Avenue downtown transforms into a car cruise venue.",events,free,,all-ages,"7th Avenue, Downtown North St. Paul, MN 55109",44.9956,-93.0761,https://live.staticflickr.com/228/472117411_94e0ada8b4_b.jpg,curated_category,2026-08-07,6:00 PM - 10:00 PM,(651) 253-1706,historycruzer.com,false,,,"cruise-night,North St. Paul,all-ages"
Grand Portage Rendezvous Days & Pow Wow,"Cultural gathering celebrating American Indian heritage with traditional dance, song, and family celebration. Features traditional foods, music, craft stands, and historical re-enactments. Saturday/Sunday Grand Entry honors military veterans.",events,free,,all-ages,"Grand Portage National Monument, Grand Portage, MN",47.9625,-89.6863,https://images.pexels.com/photos/1384254/pexels-photo-1384254.jpeg,curated_category,2026-08-07,,,nps.gov,false,,,"festival,Grand Portage,all-ages,community-fest"
Rochester Mustang Car Show,Specialty car show featuring Mustang vehicles. Community automotive gathering.,events,free,,all-ages,"4900 Highway 52 North, Rochester, MN 55901",44.0228,-92.4497,https://live.staticflickr.com/228/472117411_94e0ada8b4_b.jpg,curated_category,2026-08-08,10:00 AM,,https://www.roccitymustangz.com/,false,,,"car-show,Rochester,all-ages"
Friday Night Car Show - North St. Paul (Aug 14),"Weekly classic car show featuring vintage and custom cars, live music, food vendors. Part of ongoing summer series hosted by History Cruizers. 7th Avenue downtown transforms into a car cruise venue.",events,free,,all-ages,"7th Avenue, Downtown North St. Paul, MN 55109",44.9956,-93.0761,https://live.staticflickr.com/228/472117411_94e0ada8b4_b.jpg,curated_category,2026-08-14,6:00 PM - 10:00 PM,(651) 253-1706,historycruzer.com,false,,,"cruise-night,North St. Paul,all-ages"
Spirit Valley Days Celebration - Duluth,"Community festival featuring cars, bikes, big rigs, food trucks, and vendor exhibits. Multiple events across several days including parade entry, craft/vendor registration, and KidFest activities.",events,free,,family,"Grand Avenue, Duluth, MN",46.7863,-92.1061,https://images.pexels.com/photos/4697232/pexels-photo-4697232.jpeg,curated_category,2026-08-07,4:00 PM,,spiritvalleydays.com,false,,,"community-fest,car-show,Duluth,family"
Friday Night Car Show - North St. Paul (Aug 21),"Weekly classic car show featuring vintage and custom cars, live music, food vendors. Part of ongoing summer series hosted by History Cruizers. 7th Avenue downtown transforms into a car cruise venue.",events,free,,all-ages,"7th Avenue, Downtown North St. Paul, MN 55109",44.9956,-93.0761,https://live.staticflickr.com/228/472117411_94e0ada8b4_b.jpg,curated_category,2026-08-21,6:00 PM - 10:00 PM,(651) 253-1706,historycruzer.com,false,,,"cruise-night,North St. Paul,all-ages"
Friday Night Car Show - North St. Paul (Aug 28),"Weekly classic car show featuring vintage and custom cars, live music, food vendors. Part of ongoing summer series hosted by History Cruizers. 7th Avenue downtown transforms into a car cruise venue.",events,free,,all-ages,"7th Avenue, Downtown North St. Paul, MN 55109",44.9956,-93.0761,https://live.staticflickr.com/228/472117411_94e0ada8b4_b.jpg,curated_category,2026-08-28,6:00 PM - 10:00 PM,(651) 253-1706,historycruzer.com,false,,,"cruise-night,North St. Paul,all-ages"
Rochester Eagles Club Car Shows (Weekly),Weekly car shows for automotive enthusiasts. Recurring Wednesday evening community gathering.,events,free,,all-ages,"Eagles Club, Rochester, MN",44.0228,-92.4497,https://live.staticflickr.com/228/472117411_94e0ada8b4_b.jpg,curated_category,2026-08-05,5:00 PM,,rochestermneaglesclub.com,false,Recurring weekly Wednesdays May 13 - Sept 30,,"cruise-night,Rochester,all-ages"
Rochester Garden & Gasoline,Car enthusiast gathering combining garden viewing with classic vehicle displays.,events,free,,all-ages,"The Garden, Rochester, MN",44.0228,-92.4497,https://live.staticflickr.com/228/472117411_94e0ada8b4_b.jpg,curated_category,2026-08-21,6:00 PM,,https://www.facebook.com/gardenandgasoline/,false,,,"car-show,Rochester,all-ages"
Rochester Locals Night Out,Community car show and social gathering at local automotive business.,events,free,,all-ages,"Encompass Auto Care, 6212 34th Ave NW, Rochester, MN",44.0228,-92.4497,https://live.staticflickr.com/228/472117411_94e0ada8b4_b.jpg,curated_category,2026-08-28,4:00 PM,,https://encompassautocare.com/,false,,,"car-show,Rochester,all-ages"
Lookout Ridge Indoor Playground,"City-run indoor playground (Woodbury Central Park lower level) with 75+ play elements and a dedicated toddler area (ages 2-12; toddler section 5 & under). $8/child, adults free, socks required. Recurring open play: Mon-Wed 10am-7:30pm, Thu-Sat 10am-5pm, Sun 1-5pm (confirm each run).",events,Paid,$8/child,2-12,"8595 Central Park Place, Woodbury, MN 55125",44.916586,-92.932112,https://www.pexels.com/photo/children-walking-on-rope-playground-5488873/,curated_category,,,651-714-3799,https://www.woodburymn.gov/164/Lookout-Ridge-and-Birthday-Parties,false,,,"indoor-playground,open-play,toddlers,preschool,kids,woodbury,twin-cities"
Eagle's Nest Indoor Playground,"One of the metro's largest indoor playgrounds (New Brighton Community Center) - tall webbed climbing tower plus enclosed toddler area with a car-themed carousel. ~$9/child (ages 1-12; adults and under-1 free). Recurring open play: Mon-Sat 9am-8pm, Sun 11am-5pm (confirm each run).",events,Paid,~$9/child,1-12,"400 10th St NW, New Brighton, MN 55112",45.066088,-93.19074,https://www.pexels.com/photo/children-walking-on-rope-playground-5488873/,curated_category,,,,https://www.newbrightonmn.gov/308/Eagles-Nest-Indoor-Playground,false,,,"indoor-playground,open-play,toddlers,preschool,kids,new-brighton,twin-cities"
Backyard Indoor Playground at Brookview,"Multi-level play structure (Brookview Community Center) with tall tube slides, tunnels, a large wave slide, plus a smaller area for ages 2-5. ~$5-6 (ages 2-13). Recurring open play: Mon-Sat 9am-8pm, Sun 9:30am-5pm (confirm each run).",events,Paid,~$5-6,2-13,"316 Brookview Pkwy S, Golden Valley, MN 55426",44.976001,-93.385712,https://www.pexels.com/photo/children-walking-on-rope-playground-5488873/,curated_category,,,,https://www.brookviewbackyard.com/,false,,,"indoor-playground,open-play,toddlers,preschool,kids,golden-valley,twin-cities"
Maple Maze,"Long-running municipal maze-style indoor playground (Maple Grove Community Center) with slides, tunnels, and climbers. ~$6/child. Recurring open play: Mon-Sat 9am-8pm, Sun 10am-6pm (confirm each run).",events,Paid,~$6/child,2-12,"12951 Weaver Lake Rd, Maple Grove, MN 55369",45.103235,-93.443199,https://www.pexels.com/photo/children-walking-on-rope-playground-5488873/,curated_category,,,,https://www.maplegrovemn.gov/288/Maple-Maze,false,,,"indoor-playground,open-play,toddlers,preschool,kids,maple-grove,twin-cities"
Adventure Peak at Edinborough Park,"Large indoor play park (Edinborough Park): a 44-ft climbing/sliding/crawling structure, an open gym, and a gated area for kids 4 & under. ~$10/child. Recurring open play - confirm hours each run. Same complex as Peak Cafe.",events,Paid,~$10/child,1-12,"7700 York Ave S, Edina, MN 55435",44.86412,-93.32145,https://www.pexels.com/photo/children-walking-on-rope-playground-5488873/,curated_category,,,,https://www.edinamn.gov/1841/Edinborough-Park,false,,,"indoor-playground,open-play,toddlers,preschool,kids,edina,twin-cities"
The Treehouse at Williston Fitness Center,"Smaller indoor play structure geared to younger kids - several slides, swinging ropes, and rings. Recurring open play tied to the fitness center schedule (limited windows) - confirm hours/fee each run.",events,Paid,,1-8,"14509 Minnetonka Dr, Minnetonka, MN 55345",44.938449,-93.463209,https://www.pexels.com/photo/children-walking-on-rope-playground-5488873/,curated_category,,,,https://www.minnetonkamn.gov/our-city/williston-fitness-center/treehouse,false,,,"indoor-playground,open-play,toddlers,preschool,kids,minnetonka,twin-cities"
Eden Prairie Free Outdoor Movie - The Lego Movie,Free outdoor movie screening at Staring Lake Amphitheater. Bring blankets for family-friendly entertainment.,events,Free,Free,all-ages,"Staring Lake Amphitheater, Eden Prairie, MN",44.7846,-93.4542,https://images.pexels.com/photos/31874024/pexels-photo-31874024.jpeg,curated_category,2026-08-07,7:30 PM,,,false,,,"outdoor movie,free,family,eden-prairie"
Maple Grove Outdoor Movies - Back to the Future,Free outdoor movie screening at Town Green Park; movies start at dusk.,events,Free,Free,all-ages,"Town Green Park, Maple Grove, MN",45.0667,-93.4167,https://images.pexels.com/photos/31874024/pexels-photo-31874024.jpeg,curated_category,2026-08-07,Dusk,,,false,,,"outdoor movie,free,family,maple-grove"
Groovin' In The Garden - Flamin' Oh's Concert,"Free outdoor rock and roll concert at Como Zoo's Marjorie McNeely Conservatory with food trucks, climbing wall, and family activities.",events,Free,Free,all-ages,"Marjorie McNeely Conservatory, Como Park Zoo, St. Paul, MN",44.8855,-93.1655,https://images.pexels.com/photos/31874024/pexels-photo-31874024.jpeg,curated_category,2026-08-12,6:00 PM - 8:00 PM,,,false,,,"concert,free,family,st-paul"
Shoreview Farmers Market,Weekly farmers market in Shoreview with a family-friendly atmosphere and kids activities.,events,Free,Free,family,"Shoreview Community Center, Shoreview, MN",45.0744,-93.2122,https://images.pexels.com/photos/31874024/pexels-photo-31874024.jpeg,curated_category,2026-08-11,3:00 PM - 7:00 PM,,,false,,,"farmers-market,free,family,shoreview"
Mill City Farmers Market - Power of Produce (POP),"Saturday market with produce, farmers, food makers, and artisans. Kids earn $2 market tokens by sampling fresh vegetables.",events,Free,Free,kids,"Mill City Farmers Market, Minneapolis, MN",44.9824,-93.2656,https://images.pexels.com/photos/31874024/pexels-photo-31874024.jpeg,curated_category,2026-08-08,8:00 AM - 1:00 PM,,,false,,,"farmers-market,free,kids,minneapolis"
"Lowell Park Summer Series - Farmers Market, Music & Movie","Stillwater's outdoor summer series: farmers market at 5pm, live music 6-8pm, and an outdoor movie after sunset.",events,Free,Free,all-ages,"Lowell Park, Stillwater, MN",45.0538,-92.8096,https://images.pexels.com/photos/31874024/pexels-photo-31874024.jpeg,curated_category,2026-08-11,5:00 PM onwards,,,false,,,"farmers-market,concert,outdoor movie,free,family,stillwater"
St. Paul Movies in the Parks - Como Park,Free summer movie screenings at Como Park's Midway Pavilion; movies begin at dusk.,events,Free,Free,all-ages,"Midway Pavilion, Como Park, St. Paul, MN",44.8845,-93.1645,https://images.pexels.com/photos/31874024/pexels-photo-31874024.jpeg,curated_category,2026-08-07,Dusk,,,false,,,"outdoor movie,free,family,st-paul"
Minneapolis Parks Summer Concert Series,Free outdoor concerts performed nearly nightly across Minneapolis parks throughout summer.,events,Free,Free,all-ages,"Multiple Minneapolis parks, Minneapolis, MN",44.9726,-93.2348,https://images.pexels.com/photos/31874024/pexels-photo-31874024.jpeg,curated_category,2026-08-05,Evenings,,,false,,,"concert,free,family,minneapolis"
Rockin' On The Rum - Anoka,Community festival in Anoka with live music and family entertainment along the riverfront.,events,Free,Free,all-ages,"Riverfront Memorial Park, Anoka, MN",45.2063,-93.3714,https://images.pexels.com/photos/4697232/pexels-photo-4697232.jpeg,curated_category,2026-08-12,All day,,,false,,,"community-fest,festival,free,family,anoka"
Rhythm on the Rails - Shakopee Free Concert Series,"Free outdoor concert series with local opening acts and regional headliners; food and brew vendors, family fun and games.",events,Free,Free,all-ages,"Lewis Street, Downtown Shakopee, MN",44.7985,-93.5294,https://discovershakopee.org/wp-content/uploads/2023/05/Rhythm_on_the_Rails_Week_6_Fabulous_Armadillos-37-scaled.jpg,og_image,2026-08-05,6:00 PM - 9:00 PM,,https://discovershakopee.org/2026-rhythm-on-the-rails/,false,,,"concert,free,family,shakopee"
Railroad Street Fest - Rochester,"A neighborhood street festival in downtown Rochester celebrating the block, its people, and the summer season.",events,Free,Free,all-ages,"Railroad Street, Rochester, MN",43.8404,-92.4743,https://images.pexels.com/photos/4697232/pexels-photo-4697232.jpeg,curated_category,2026-08-02,Afternoon,,https://www.downtownrochestermn.com/what-to-do/calendar,false,,,"community-fest,festival,free,family,rochester"
Duluth Huskies vs Eau Claire Express,Northwoods League summer-collegiate baseball game at Wade Stadium.,events,Paid,varies,all-ages,"Wade Stadium, Duluth, MN",46.8374,-92.2054,https://live.staticflickr.com/6012/6205997306_c2609f848d_b.jpg,curated_category,2026-08-04,6:35 PM,,https://northwoodsleague.com/duluth-huskies/schedule/,false,,,"sports,baseball,game,college-sports,paid,duluth"
St. Cloud Rox vs Minot Hot Tots,Northwoods League summer-collegiate baseball game with Friday night fireworks at Joe Faber Field.,events,Paid,varies,all-ages,"Joe Faber Field, St. Cloud, MN",45.5625,-94.1808,https://live.staticflickr.com/6012/6205997306_c2609f848d_b.jpg,curated_category,2026-08-07,7:05 PM,,https://northwoodsleague.com/st-cloud-rox/schedule/,false,,,"sports,baseball,game,college-sports,paid,fireworks,st-cloud"
Roseville Puppet Wagon Free Shows,Free outdoor puppet shows for kids at Roseville parks through mid-August.,events,Free,Free,kids,"Roseville parks, Roseville, MN",45.0061,-93.1566,https://images.pexels.com/photos/31874024/pexels-photo-31874024.jpeg,curated_category,2026-08-05,Varies,,,false,,2026-08-13,"theater,free,kids,roseville"
Mounds Park Academy Summer Camps,"Full-day and half-day camps for ages 5-18 across specialty topics; running through August 4, 2026 (from $75/day).",events,Paid,from $75/day,kids,"2051 Larpenteur Ave E, St. Paul, MN 55109",44.9550,-93.1835,https://images.pexels.com/photos/31874024/pexels-photo-31874024.jpeg,curated_category,2026-08-03,Daytime,,,false,,2026-08-04,"camp,class,paid,kids,st-paul"
Movies in the Park: Back to the Future (Maple Grove),Free outdoor family movie night on the Maple Grove Town Green; screening starts at dusk. Bring blankets and chairs. Part of the Friday-night summer movie series.,events,free,,All ages,"Maple Grove Town Green, Main St, Maple Grove, MN 55369",45.0985,-93.44192,https://images.pexels.com/photos/32682154/pexels-photo-32682154.jpeg,curated_category,2026-08-07,Dusk (approx. 8:30 PM),,,false,,,"movies-in-the-parks,free,outdoor,west-metro,family-friendly"
Summer Tuesdays at Lowell Park (Stillwater),"Weekly summer evening in downtown Stillwater's Lowell Park: vendor market at 5 PM, a kid-friendly activity, live music 6-8 PM, then a free outdoor movie. Recurs Tuesday nights all summer.",events,free,,All ages,"Lowell Park, Water St N, Stillwater, MN 55082",45.05591,-92.80757,https://images.pexels.com/photos/32682154/pexels-photo-32682154.jpeg,curated_category,2026-08-04,5:00 PM - dusk,,,false,,,"free,outdoor,music,movies-in-the-parks,east-metro,family-friendly"
Camp Carver Day Camp (Woodbury),"Outdoor nature-based summer day camp at Carver Lake Park in Woodbury, running through Aug 10. Registration required; see city Parks & Rec for fees and age groups.",events,paid,,Kids,"Carver Lake Park, Woodbury, MN 55125",44.9147,-92.973483,https://images.pexels.com/photos/31874024/pexels-photo-31874024.jpeg,curated_category,2026-08-10,Daytime,,,false,,,"camp,kids,outdoor,east-metro"
Coon Rapids Summer Concert Series,Free Thursday-evening outdoor concerts at the Performance Pavilion in Coon Rapids Dam Regional Park. Bring a lawn chair.,events,free,,All ages,"Performance Pavilion, Coon Rapids Dam Regional Park, 10360 Egret Blvd NW, Coon Rapids, MN 55433",45.1728923,-93.3023898,https://images.pexels.com/photos/4697232/pexels-photo-4697232.jpeg,curated_category,2026-08-06,7:00 PM,,,false,,,"community-fest,free,outdoor,music,north-metro,family-friendly"
Kids Summer Craft Camp (Anoka),"Week-long themed craft camp for kids at Appleberry's Attic in Anoka, Aug 3-7, with hands-on creative projects. Registration required.",events,paid,,Kids,"Appleberry's Attic, Anoka, MN 55303",45.27102,-93.28276,https://images.pexels.com/photos/31874024/pexels-photo-31874024.jpeg,curated_category,2026-08-03,Daytime,,,false,,,"camp,crafts,kids,north-metro"
Eagan Food Truck Festival,"Free-entry food truck festival at the Eagan Festival Grounds featuring Twin Cities food trucks, local craft beverages, and live entertainment.",events,free,,All ages,"Eagan Festival Grounds, 1501 Central Parkway, Eagan, MN 55121",44.81817,-93.16592,https://images.pexels.com/photos/36420804/pexels-photo-36420804.jpeg,curated_category,2026-08-07,4:00 PM - 9:00 PM,,,false,,,"food-truck,festival,free,outdoor,south-metro,family-friendly"
Sunday Funday: Alma Andina & Ballet Folklorico (Bloomington),Free Sunday-evening concert and dance performance at the Normandale Lake Bandshell featuring Alma Andina and Ballet Folklorico Mexico Azteca.,events,free,,All ages,"Normandale Lake Bandshell, Bloomington, MN 55437",44.8322405,-93.3204872,https://images.pexels.com/photos/4697232/pexels-photo-4697232.jpeg,curated_category,2026-08-02,6:00 PM - 8:00 PM,,,false,,,"community-fest,free,outdoor,music,south-metro,family-friendly"
Free Kids Entertainment at Valley View Park (Bloomington),"Free morning kids' entertainment in the park, part of Bloomington's summer parks program.",events,free,,All ages,"Valley View Park, Bloomington, MN 55420",44.8322405,-93.3204872,https://images.pexels.com/photos/31874024/pexels-photo-31874024.jpeg,curated_category,2026-08-03,10:30 AM,,,false,,,"free,kids,outdoor,south-metro,family-friendly"
Music in Kelley Park at Splash Valley (Apple Valley),"Apple Valley Arts Foundation summer concert with free live music, food, and swimming at Splash Valley Water Park / Kelley Park.",events,free,,All ages,"Kelley Park, Apple Valley, MN 55124",44.7319094,-93.21772,https://images.pexels.com/photos/4697232/pexels-photo-4697232.jpeg,curated_category,2026-08-07,Evening,,,false,,,"community-fest,free,outdoor,music,water-park,south-metro,family-friendly"
Lakeville Summer Concert Series,Free Wednesday-evening concerts at the Casperson Park Outdoor Performance Stage featuring local and regional artists. Recurs Wednesdays through Aug 26.,events,free,,All ages,"Casperson Park, Lakeville, MN 55044",44.664831,-93.285453,https://images.pexels.com/photos/4697232/pexels-photo-4697232.jpeg,curated_category,2026-08-05,6:00 PM - 8:30 PM,,,false,,,"community-fest,free,outdoor,music,south-metro,family-friendly"
National Night Out / Night to Unite (Twin Cities Metro),"Metro-wide neighborhood block-party night on Aug 4 building community and police partnerships. Hundreds of neighborhood gatherings across Minneapolis, St. Paul, and the west/east/north/south suburbs.",events,free,,All ages,"Neighborhoods across the Twin Cities metro, MN",44.9773,-93.26547,https://images.pexels.com/photos/4697232/pexels-photo-4697232.jpeg,curated_category,2026-08-04,Evening,,,false,,,"community-fest,free,outdoor,family-friendly"
Maple Grove Kids Sounds of Summer - Wendy's Wiggle Jiggle and Jam,Free outdoor kids entertainment concert with live music and interactive performances.,events,Free,Free,Kids 3-12,"Town Green Park, 7991 Main Street N, Maple Grove, MN 55369",45.101377,-93.442113,https://images.pexels.com/photos/31874024/pexels-photo-31874024.jpeg,curated_category,2026-08-04,10:30 AM,,https://www.maplegrovemn.gov/669/Community-events,false,,,"family,kids,free,concert,all-ages"
Maple Grove Kids Sounds of Summer - Kids Dance,Free outdoor kids entertainment concert with live music and interactive dance performances.,events,Free,Free,Kids 3-12,"Town Green Park, 7991 Main Street N, Maple Grove, MN 55369",45.101377,-93.442113,https://images.pexels.com/photos/31874024/pexels-photo-31874024.jpeg,curated_category,2026-08-11,10:30 AM,,https://www.maplegrovemn.gov/669/Community-events,false,,,"family,kids,free,concert,all-ages"
Maple Grove Free Outdoor Movie,Free outdoor movie screening at dusk as part of Maple Grove's Sounds of Summer series.,events,Free,Free,All ages,"Town Green Park, 7991 Main Street N, Maple Grove, MN 55369",45.101377,-93.442113,https://images.pexels.com/photos/31874024/pexels-photo-31874024.jpeg,curated_category,2026-08-07,Dusk,,https://www.maplegrovemn.gov/669/Community-events,false,,,"family,kids,all-ages,free,outdoor movie"
Eden Prairie Free Outdoor Movie at Staring Lake,Free outdoor movie screening at Staring Lake Amphitheater.,events,Free,Free,All ages,"Staring Lake Amphitheater, Eden Prairie, MN",44.85469,-93.47079,https://images.pexels.com/photos/31874024/pexels-photo-31874024.jpeg,curated_category,2026-08-07,7:30 PM,,,false,,,"family,kids,all-ages,free,outdoor movie"
St. Paul Lunchtime Concerts at Mears Park,Free lunchtime concert series at Mears Park with live music Tuesdays and Wednesdays at noon.,events,Free,Free,All ages,"Mears Park, 221 5th St E, St Paul, MN 55101",44.94975,-93.0931,https://images.pexels.com/photos/31874024/pexels-photo-31874024.jpeg,curated_category,2026-08-05,12:00 PM,,https://www.visitsaintpaul.com/things-to-do/outdoors/summer-music/,false,,,"family,kids,all-ages,free,concert"
Como Zoo Groovin' in the Garden - Flamin' Oh's,Free summer concert with the Flamin' Oh's plus food trucks on the Como conservatory grounds.,events,Free,,All ages,"Como Park, 1225 Estabrook Dr, St. Paul",44.982532,-93.15393,https://live.staticflickr.com/1226/820440525_b9262bff06_b.jpg,curated,2026-08-12,6-8pm,,https://comozooconservatory.org/,false,,,"concert, free, outdoor, all-ages, family"
Como Zoo Japanese Obon Festival,"Japanese culture celebration with taiko drumming, martial arts, food, vendors, games, and a lantern-floating ceremony.",events,Paid,"$8 adults, $5 kids 3-12",All ages,"Como Park, 1225 Estabrook Dr, St. Paul",44.982532,-93.15393,https://live.staticflickr.com/1226/820440525_b9262bff06_b.jpg,curated,2026-08-16,3-9pm,,https://comozooconservatory.org/obon2026/,false,,,"festival, concert, outdoor, all-ages, family"
Minnesota Children's Museum Summer Block Party,Free special event at the children's museum with interactive hands-on activities.,events,Free,,All ages,"Minnesota Children's Museum, 10 W 7th St, St. Paul",44.947737,-93.096943,https://images.pexels.com/photos/31874024/pexels-photo-31874024.jpeg,curated_category,2026-08-16,Check website,,https://mcm.org/museumevents/,false,,,"free, indoor, all-ages, family, kids"
IndiaFest 2026,"Indian Independence Day celebration with 100+ booths, food, cultural performances, and children's activities.",events,Free,,All ages,"Minnesota State Capitol Grounds, St. Paul",44.9497487,-93.0931028,https://images.pexels.com/photos/1384254/pexels-photo-1384254.jpeg,curated_category,2026-08-15,11am-9pm,,https://iamn.org/events/indiafest-2026/,false,,,"festival, free, outdoor, all-ages, family"
Movies in the Park: The Super Mario Galaxy Movie (Pearl Park),Free outdoor family movie screening at Pearl Park.,events,Free,,All ages,"Pearl Park, Minneapolis",44.906619,-93.268533,https://images.pexels.com/photos/31874024/pexels-photo-31874024.jpeg,curated_category,2026-08-11,Dusk,,https://www.minneapolisparks.org/,false,,,"outdoor movie, free, outdoor, all-ages, family"
Movies in the Park: Freakier Friday (Van Cleve Park),Free outdoor family movie screening at Van Cleve Park.,events,Free,,All ages,"Van Cleve Park, Minneapolis",44.986865,-93.231881,https://images.pexels.com/photos/31874024/pexels-photo-31874024.jpeg,curated_category,2026-08-14,Dusk,,https://www.minneapolisparks.org/,false,,,"outdoor movie, free, outdoor, all-ages, family"
Movies in the Park: A Minecraft Movie (Luxton Park),Free outdoor family movie screening at Luxton Park.,events,Free,,All ages,"Luxton Park, Minneapolis",44.967536,-93.219075,https://images.pexels.com/photos/31874024/pexels-photo-31874024.jpeg,curated_category,2026-08-18,Dusk,,https://www.minneapolisparks.org/,false,,,"outdoor movie, free, outdoor, all-ages, family"
Movies in the Park: Wicked For Good (Victory Park),Free outdoor family movie screening at Victory Park.,events,Free,,All ages,"Victory Park, Minneapolis",45.036172,-93.314705,https://images.pexels.com/photos/31874024/pexels-photo-31874024.jpeg,curated_category,2026-08-20,Dusk,,https://www.minneapolisparks.org/,false,,,"outdoor movie, free, outdoor, all-ages, family"
Movies in the Park: TRON Ares (Whittier Park),Free outdoor family movie screening at Whittier Park.,events,Free,,All ages,"Whittier Park, Minneapolis",44.954523,-93.284554,https://images.pexels.com/photos/31874024/pexels-photo-31874024.jpeg,curated_category,2026-08-25,Dusk,,https://www.minneapolisparks.org/,false,,,"outdoor movie, free, outdoor, all-ages, family"
Movies in the Park: Little Giants (The Commons),Free outdoor family movie screening at The Commons.,events,Free,,All ages,"The Commons, Minneapolis",44.975597,-93.261363,https://images.pexels.com/photos/31874024/pexels-photo-31874024.jpeg,curated_category,2026-08-26,Dusk,,https://www.minneapolisparks.org/,false,,,"outdoor movie, free, outdoor, all-ages, family"
Eagan Market Fest,"Wednesday market with live concerts, a splash pad, a challenge course, and Kids POP Club for ages 4-12; runs through Aug 26.",events,Free,,All ages,"Eagan Central Park Festival Grounds, Eagan",44.81817,-93.16592,https://images.pexels.com/photos/31874024/pexels-photo-31874024.jpeg,curated_category,2026-08-05,Wed 4-8pm,,https://cityofeagan.com/marketfest,false,,,"farmers-market, free, outdoor, concert, all-ages, family, recurring, south-metro, twin-cities"
St. Paul Family Fishing at Lake Phalen,Free guided family fishing with instruction and equipment at Lake Phalen.,events,Free,,All ages,"Lake Phalen, St. Paul",44.987641,-93.053739,https://images.pexels.com/photos/31874024/pexels-photo-31874024.jpeg,curated_category,2026-08-25,5:30-8pm,,https://www.stpaul.gov/,false,,,"outdoor, free, all-ages, family"
Woodbury Days,"Large community festival with kids activities, carnival rides, a parade, fireworks, and Taste of Woodbury food vendors.",events,Free,Free entry; rides $3-7,All ages,"Ojibway Park, 2695 Ojibway Dr, Woodbury",44.9199,-92.93394,https://images.pexels.com/photos/4697232/pexels-photo-4697232.jpeg,curated_category,2026-08-28,11am-5pm,,https://www.woodburydays.org/,false,,,"community-fest, parade, fireworks, free, woodbury, east-metro, twin-cities, family"
Anoka Food Truck Festival,20+ food trucks with live music and entertainment for families.,events,Free,Free entry,All ages,"2015 1st Ave, Anoka",45.198694,-93.39037,https://images.pexels.com/photos/36420804/pexels-photo-36420804.jpeg,curated_category,2026-08-15,11am,,https://www.exploreminnesota.com/,false,,,"food-truck, festival, free, anoka, north-metro, twin-cities, family"
Eagan Lakefest,"Family event with shore fishing basics, aquatic-life activities, games, and water-themed crafts.",events,Free,,All ages,Eagan,44.81817,-93.16592,https://images.pexels.com/photos/4697232/pexels-photo-4697232.jpeg,curated_category,2026-08-14,3-6pm,,https://cityofeagan.com/events,false,,,"community-fest, free, eagan, south-metro, twin-cities, family"
Touch-A-Truck - Fridley,"Explore fire trucks, police cars, and big vehicles with bouncy castles and food trucks.",events,Free,,All ages,"Fridley Civic Campus, Fridley",45.08383,-93.25904,https://images.pexels.com/photos/31874024/pexels-photo-31874024.jpeg,curated_category,2026-08-18,4-7pm,,https://www.fridleymn.gov/,false,,,"touch-a-truck, free, fridley, north-metro, twin-cities, family"
Touch-A-Truck - Roseville,Explore emergency vehicles and public-works equipment; sensory-friendly hour 5-5:30pm.,events,Free,,All ages,"Central Park, Roseville",45.017561,-93.140561,https://images.pexels.com/photos/31874024/pexels-photo-31874024.jpeg,curated_category,2026-08-19,5-7pm,,https://www.cityofroseville.com/,false,,,"touch-a-truck, free, sensory-friendly, roseville, east-metro, twin-cities, family"
Touch-A-Truck - Chaska,"Climb into fire trucks, police cars, and snowplows with carnival games and ice cream.",events,Free,,All ages,"Chaska High School, Chaska",44.823362,-93.588072,https://images.pexels.com/photos/31874024/pexels-photo-31874024.jpeg,curated_category,2026-08-20,5-7pm,,https://www.chaskamn.com/,false,,,"touch-a-truck, free, chaska, west-metro, twin-cities, family"
Touch-A-Truck - Shakopee,"Trucks, boats, helicopters, and big equipment for kids to explore.",events,Free,,All ages,"Shakopee High School, 100 17th Ave W, Shakopee",44.79802,-93.5269,https://images.pexels.com/photos/31874024/pexels-photo-31874024.jpeg,curated_category,2026-08-24,5-6:30pm,,https://www.shakopeemn.gov/,false,,,"touch-a-truck, free, shakopee, south-metro, twin-cities, family"
Maple Grove Emergency Equipment Show,Free hotdog lunch and emergency-equipment show with the Maple Grove Police and Fire Departments.,events,Free,,All ages,"Town Green Park, Maple Grove",45.101034,-93.441865,https://images.pexels.com/photos/4697232/pexels-photo-4697232.jpeg,curated_category,2026-08-04,11am-1pm,,https://www.maplegrovemn.gov/,false,,,"touch-a-truck, community-fest, free, maple-grove, west-metro, twin-cities, family"
Carnival In the Commons,"August carnival with live music, entertainment, food trucks, and yard games.",events,Free,Free entry,All ages,"Ridgedale Commons, 12590 Ridgedale Dr, Minnetonka",44.94051,-93.46389,https://images.pexels.com/photos/4697232/pexels-photo-4697232.jpeg,curated_category,2026-08-15,,,https://www.minnetonkamn.gov/,false,,,"community-fest, free, minnetonka, west-metro, twin-cities, family"
Lakeville Live at the Lake Concert Series,Free summer concerts on Lake Marion with diverse music and performance groups.,events,Free,,All ages,"Casperson Park, 19720 Juno Trail, Lakeville",44.650051,-93.2432791,https://images.pexels.com/photos/31874024/pexels-photo-31874024.jpeg,curated_category,2026-08-12,Evening,,https://visitlakeville.org/,false,,,"concert, free, lakeville, south-metro, twin-cities, family"
Party on the Plaza III (Burnsville),"International festival with live music, food trucks, games, and a market.",events,Free,,All ages,"Nicollet Commons Park, Burnsville",44.773995,-93.278499,https://images.pexels.com/photos/4697232/pexels-photo-4697232.jpeg,curated_category,2026-08-13,Evening,,https://burnsvillemn.com/,false,,,"community-fest, concert, free, burnsville, south-metro, twin-cities, family"
Shakopee Mdewakanton Wacipi Pow Wow,"Traditional Native American pow wow with dancing, music, food, and community celebration.",events,Free,,All ages,Shakopee,44.798019,-93.526899,https://images.pexels.com/photos/4697232/pexels-photo-4697232.jpeg,curated_category,2026-08-14,,,https://shakopeedakota.org/wacipi/,false,,,"community-fest, free, shakopee, south-metro, twin-cities, family"
Downtown Hopkins Concerts on the Lawn,Free Thursday-evening outdoor concerts in downtown Hopkins.,events,Free,,All ages,"Downtown Park, 40 9th Ave S, Hopkins",44.9243986,-93.4114487,https://images.pexels.com/photos/31874024/pexels-photo-31874024.jpeg,curated_category,2026-08-06,7pm,,https://www.hopkinsmn.com/,false,,,"concert, free, recurring, hopkins, west-metro, twin-cities, family"
Minnetonka Music in the Park,Tuesday outdoor concert series at the Civic Center Amphitheater.,events,Free,,All ages,"14600 Minnetonka Blvd, Minnetonka",44.94009,-93.466009,https://images.pexels.com/photos/31874024/pexels-photo-31874024.jpeg,curated_category,2026-08-04,6:30-8pm,,https://www.minnetonkamn.gov/,false,,,"concert, free, recurring, minnetonka, west-metro, twin-cities, family"
Edina Centennial Lakes Concerts,Free outdoor concert series at Centennial Lakes Park amphitheater.,events,Free,,All ages,"Centennial Lakes Park, Edina",44.868011,-93.325724,https://images.pexels.com/photos/31874024/pexels-photo-31874024.jpeg,curated_category,2026-08-03,7pm,,https://www.edinamn.gov/,false,,,"concert, free, edina, west-metro, twin-cities, family"
Plymouth Back to School Bash,10th annual back-to-school community celebration with activities and entertainment.,events,Free,,All ages,"Northwest Greenway Pavilion, Plymouth",45.049512,-93.506151,https://images.pexels.com/photos/4697232/pexels-photo-4697232.jpeg,curated_category,2026-08-30,,,https://www.plymouthmn.gov/,false,,,"community-fest, free, plymouth, west-metro, twin-cities, family"
Grand Portage Rendezvous Days,"Fur-trade-era reenactments, workshops, music, dancing, craft demos, and traditional games; free admission.",events,Free,,All ages,"Grand Portage National Monument, Grand Portage",47.98946,-89.714653,https://images.pexels.com/photos/1384254/pexels-photo-1384254.jpeg,curated_category,2026-08-07,9am-5pm,,https://www.nps.gov/grpo/,false,,,"festival, free, outstate/day-trip, family"
Flock ArtFest,"Weekend art fair with live art demos, hands-on classes, a Kid Artist Tent, and food trucks.",events,Free,,All ages,"Bayfront Festival Park, 350 Harbor Dr, Duluth",46.7838287,-92.1052679,https://images.pexels.com/photos/1384254/pexels-photo-1384254.jpeg,curated_category,2026-08-21,12pm,,https://decc.org/event/flock-artfest/,false,,,"art fair, festival, free, outdoor, duluth, family"
Thursdays Downtown Street Festival,"Weekly summer street festival with 50+ food vendors, 50+ artisans, and live music.",events,Free,,All ages,"1st Ave SW & Peace Plaza, Rochester",44.0234387,-92.4630182,https://images.pexels.com/photos/1384254/pexels-photo-1384254.jpeg,curated_category,2026-08-06,11am,,https://www.downtownrochestermn.com/,false,,,"festival, food-truck, free, recurring, rochester, family"
Med City Art Festival,"Community art festival with local visual, musical, and performing artists plus hands-on art.",events,Free,,All ages,"Peace Plaza, Rochester",44.022578,-92.464717,https://images.pexels.com/photos/1384254/pexels-photo-1384254.jpeg,curated_category,2026-08-21,,,https://www.medcityartfestival.org/,false,,,"art fair, festival, free, rochester, family"
Kasson Festival in the Park,"Family weekend with an outdoor movie, a 5K, a free kids run, contests, obstacle courses, and carnival activities.",events,Varies,Kids run free,All ages,"Veterans Memorial Park, Kasson",44.037935,-92.751986,https://images.pexels.com/photos/1384254/pexels-photo-1384254.jpeg,curated_category,2026-08-07,Various,,https://www.kassonfestivalinthepark.com/,false,,,"festival, community-fest, free, rochester, family"
Common Roots Festival,Original music festival with nearly 40 local and regional artists across downtown venues.,events,Free,,All ages,Downtown St. Cloud,45.5608,-94.1622,https://images.pexels.com/photos/1384254/pexels-photo-1384254.jpeg,curated_category,2026-08-20,Various,,https://commonrootsfest.com/,false,,,"festival, concert, free, st-cloud, family"
Big Muddy in the Streets,"Free family event with live music, a grilling competition, food trucks, cornhole, kids activities, and an artisan market.",events,Free,,All ages,"3rd St Downtown, Winona",44.05001,-91.63923,https://images.pexels.com/photos/1384254/pexels-photo-1384254.jpeg,curated_category,2026-08-15,11am-7pm,,https://visitwinona.com/,false,,,"festival, food-truck, free, winona, family"
NHRA Brainerd Nationals,NHRA pro drag racing at Brainerd International Raceway with kids activities and family camping; kids 12 & under free.,events,Paid,Kids 12 & under free,All ages,"Brainerd International Raceway, 5523 Birchdale Rd, Brainerd",46.35802,-94.20083,https://live.staticflickr.com/6012/6205997306_c2609f848d_b.jpg,curated_category,2026-08-20,All day,,https://www.birmn.com/,false,,,"sports, ticketed, brainerd, family"
Red Willow Summer Concert Series,Free weekly outdoor concerts on the courthouse lawn for family picnicking.,events,Free,,All ages,"Courthouse Lawn, Alexandria",45.88351,-95.3745,https://images.pexels.com/photos/31874024/pexels-photo-31874024.jpeg,curated_category,2026-08-06,Thu 7-8:30pm,,https://www.redwillowartscoalition.org/,false,,,"concert, free, recurring, alexandria, family"
Minnesota Twins vs Philadelphia Phillies,MLB regular-season game at Target Field.,events,Paid,Varies,All ages,"Target Field, Minneapolis",44.981685,-93.277864,https://live.staticflickr.com/6012/6205997306_c2609f848d_b.jpg,curated_category,2026-08-15,,,https://www.mlb.com/twins/schedule,false,,,"sports, pro-sports, game, ticketed, minneapolis, twin-cities"
Minnesota Twins vs Philadelphia Phillies,MLB regular-season game at Target Field.,events,Paid,Varies,All ages,"Target Field, Minneapolis",44.981685,-93.277864,https://live.staticflickr.com/6012/6205997306_c2609f848d_b.jpg,curated_category,2026-08-16,,,https://www.mlb.com/twins/schedule,false,,,"sports, pro-sports, game, ticketed, minneapolis, twin-cities"
Minnesota Twins vs Atlanta Braves,MLB regular-season game at Target Field.,events,Paid,Varies,All ages,"Target Field, Minneapolis",44.981685,-93.277864,https://live.staticflickr.com/6012/6205997306_c2609f848d_b.jpg,curated_category,2026-08-19,,,https://www.mlb.com/twins/schedule,false,,,"sports, pro-sports, game, ticketed, minneapolis, twin-cities"
Minnesota Twins vs Atlanta Braves,MLB regular-season game at Target Field.,events,Paid,Varies,All ages,"Target Field, Minneapolis",44.981685,-93.277864,https://live.staticflickr.com/6012/6205997306_c2609f848d_b.jpg,curated_category,2026-08-20,,,https://www.mlb.com/twins/schedule,false,,,"sports, pro-sports, game, ticketed, minneapolis, twin-cities"
Minnesota Lynx vs Dallas Wings,WNBA regular-season game at Target Center.,events,Paid,Varies,All ages,"Target Center, Minneapolis",44.979592,-93.275983,https://live.staticflickr.com/6012/6205997306_c2609f848d_b.jpg,curated_category,2026-08-09,,,https://lynx.wnba.com/schedule,false,,,"sports, pro-sports, game, ticketed, minneapolis, twin-cities"
St. Paul Saints vs Toledo Mud Hens,Minor-league baseball at CHS Field.,events,Paid,Varies,All ages,"CHS Field, St. Paul",44.950954,-93.085202,https://live.staticflickr.com/6012/6205997306_c2609f848d_b.jpg,curated_category,2026-08-25,7:07pm,,https://www.milb.com/st-paul/schedule,false,,,"sports, game, ticketed, st-paul, twin-cities"
St. Paul Saints vs Toledo Mud Hens,Minor-league baseball at CHS Field.,events,Paid,Varies,All ages,"CHS Field, St. Paul",44.950954,-93.085202,https://live.staticflickr.com/6012/6205997306_c2609f848d_b.jpg,curated_category,2026-08-26,,,https://www.milb.com/st-paul/schedule,false,,,"sports, game, ticketed, st-paul, twin-cities"
St. Paul Saints vs Toledo Mud Hens,Minor-league baseball at CHS Field.,events,Paid,Varies,All ages,"CHS Field, St. Paul",44.950954,-93.085202,https://live.staticflickr.com/6012/6205997306_c2609f848d_b.jpg,curated_category,2026-08-27,,,https://www.milb.com/st-paul/schedule,false,,,"sports, game, ticketed, st-paul, twin-cities"
Minnesota United FC Youth Soccer Camp (Blaine),"Youth soccer camp for ages 5-17, recreational to competitive.",events,Paid,Varies,5-17,"National Sports Center, Blaine",45.159369,-93.222579,https://live.staticflickr.com/6012/6205997306_c2609f848d_b.jpg,curated_category,2026-08-24,,,https://mnufccamps.sportngin.com/,false,,,"sports, youth-sports, camp, registration, blaine, north-metro, twin-cities"
Cruisin' on the Croix,Twice-monthly hot rod and vintage car show on the scenic St. Croix riverbank.,events,Free,,All ages,Downtown Stillwater,45.055799,-92.805787,https://live.staticflickr.com/228/472117411_94e0ada8b4_b.jpg,curated_category,2026-08-05,,,https://cruisinonthecroix.org/,false,,,"car-show, cruise-night, free, recurring, stillwater, east-metro, twin-cities, family"
Spirit Valley Days,"West Duluth community event with classic cars, motorcycles, big rigs, vendors, and food trucks.",events,Free,,All ages,"Grand Ave, Duluth",46.725868,-92.187673,https://live.staticflickr.com/228/472117411_94e0ada8b4_b.jpg,curated_category,2026-08-07,,,https://visitduluth.com/events/,false,,,"car-show, community-fest, free, duluth, family"
Vadnais Heights Days Parade,Community parade and festival celebration.,events,Free,,All ages,Vadnais Heights,45.057534,-93.073896,https://images.pexels.com/photos/11664841/pexels-photo-11664841.jpeg,curated,2026-08-15,4pm,,http://www.cityvadnaisheights.com/,false,,,"parade, community-fest, free, vadnais-heights, north-metro, twin-cities, family"
Centennial Lakes Farmers Market,"Weekly farmers market with over 30 vendors offering local produce, meats, prepared foods, and beverages. Live music featured.",events,Free,,All ages,"7499 France Avenue South, Edina, MN 55435",44.866921,-93.326015,https://images.pexels.com/photos/31874024/pexels-photo-31874024.jpeg,curated_category,,3 PM - 7 PM Thursdays,,https://www.edinamn.gov/683/Farmers-Market,false,,,"farmers market, outdoor, weekly, free"
Torchlight Concert at Centennial Lakes,"Annual Lighthouse Night celebration featuring the 1st John Philip Sousa Memorial Band concert at sundown with family entertainment including barbershop quartet, magician, and 25-cent ice cream cones.",events,Free,,All ages,"7499 France Avenue South, Edina, MN 55435",44.866921,-93.326015,https://images.pexels.com/photos/31874024/pexels-photo-31874024.jpeg,curated_category,2026-08-09,Sundown,,https://www.edinamn.gov/1455/Annual-Events,false,,,"concert, music, outdoor, family friendly"
Minnetonka Music in the Park,"Free outdoor concert series held Tuesday evenings at Civic Center Park. August performances include Jeff Dayton, River City Jazz Orchestra, Sawyer's Dream, Salsa del Soul, and Dirty Shorts Brass Band.",events,Free,,All ages,"14600 Minnetonka Blvd, Minnetonka, MN 55345",44.94009,-93.466009,https://images.pexels.com/photos/31874024/pexels-photo-31874024.jpeg,curated_category,,6:30 PM - 8:00 PM,,https://www.minnetonkamn.gov/our-city/community-events/entertainment-in-the-park,false,,,"free, outdoor, music, concerts, weekly"
Wayzata Farmers Market,"Weekly farmers market featuring fresh produce, artisan goods, baked items, and local vendors. Open Thursdays May-October.",events,Free,,All ages,"301 Promenade Avenue, Wayzata, MN 55391",44.968608,-93.507026,https://images.pexels.com/photos/31874024/pexels-photo-31874024.jpeg,curated_category,,2:00 PM - 6:00 PM,,https://www.wayzatafarmersmarket.com/,false,,,"farmers market, local produce, weekly, thursday, outdoor"
Eagan Market Fest & Concert Series,"Wednesday evening farmers market with live music, free activities for kids including art and games, POP Club for ages 4-12 to earn produce tokens.",events,Free,,All ages,"1501 Central Parkway, Eagan, MN 55123",44.836074,-93.170149,https://images.pexels.com/photos/31874024/pexels-photo-31874024.jpeg,curated_category,,4:00 PM - 8:00 PM,,https://cityofeagan.com/events,false,,,"farmers market, music, free, kids activities, weekly"
Music in Kelley Park Concert Series,Free live outdoor concerts featuring local musicians and food trucks.,events,Free,,All ages,"6855 Fortino St, Apple Valley, MN 55124",44.728481,-93.204558,https://images.pexels.com/photos/31874024/pexels-photo-31874024.jpeg,curated_category,,evening hours,,https://www.applevalleymn.gov/1028/Events-and-Meetings,false,,,"music, outdoor, free, concerts"
Apple Valley Farmers Market,"Weekly farmers market featuring locally grown vegetables, fruits, cut flowers, plants, and artisan foods.",events,Varies,,All ages,"7100 147th Street West, Apple Valley, MN 55124",44.734623,-93.209013,https://images.pexels.com/photos/31874024/pexels-photo-31874024.jpeg,curated_category,,market hours,,https://www.applevalleymn.gov/1028/Events-and-Meetings,false,,,"farmers market, local, produce, artisan"
Mendota Heights Fest,"Major community festival with family-friendly activities including fishing derby, mini golf tournament, and sacred site tours.",events,Free,,All ages,"Mendakota Park, 2000 Dodd Rd, Mendota Heights, MN 55120",44.88358,-93.13827,https://images.pexels.com/photos/1384254/pexels-photo-1384254.jpeg,curated_category,2026-08-07,weekend,,https://mendotaheightsmn.gov/390/Events,false,,,"festival, fishing, golf, family, annual"
Fishing Derby - Mendota Heights Fest,"Kids ages 3-13 fishing derby with adult participation, free event during Heights Fest.",events,Free,,3-13,"Rogers Lake Park, 1000 Wagon Wheel Trail, Mendota Heights, MN 55118",44.88358,-93.13827,https://images.pexels.com/photos/31874024/pexels-photo-31874024.jpeg,curated_category,2026-08-09,8:00 AM,,https://mendotaheightsmn.gov/390/Events,false,,,"fishing, kids, outdoor, festival event"
Music in the Park - Mendota Heights,Live outdoor concert featuring The Working Stiffs performing Great American Songbook music from the 1920s-1950s.,events,Free,,All ages,"Mendakota Park, 2000 Dodd Rd, Mendota Heights, MN 55120",44.88358,-93.13827,https://images.pexels.com/photos/31874024/pexels-photo-31874024.jpeg,curated_category,2026-08-19,evening,,https://mendotaheightsmn.gov/438/Music-in-the-Park,false,,,"music, outdoor, free, concerts, live"
Autumn Arts Festival - North St. Paul,"Family-friendly celebration in downtown North St. Paul, Sat Sep 12 2026 11am-5pm. Stroll local artists and makers, live cultural performances, food trucks, and hands-on art activities. Free.",events,Free,,All ages,"Downtown North St. Paul, MN 55109",45.011,-92.9963,https://images.pexels.com/photos/1384254/pexels-photo-1384254.jpeg,curated_category,2026-09-12,11am-5pm,,https://www.exploreminnesota.com/event/autumn-arts-festival/39187,false,,,"art fair,craft-fair,festival,free,family,north-st-paul,east-metro,twin-cities"
Edina Fall Into the Arts Festival,"Juried fine-arts festival at Centennial Lakes Park featuring 250+ local and regional artists, live music, and kids' art activities. Mid-September (confirm exact weekend). Free admission.",events,Free,,All ages,"7499 France Ave S, Edina, MN 55435",44.8626,-93.3276,https://images.pexels.com/photos/1384254/pexels-photo-1384254.jpeg,curated_category,2026-09-12,10am-5pm,,https://fallintothearts.com/,false,,,"art fair,festival,free,family,edina,west-metro,twin-cities"
Eagan Art Block,"Kid- and family-friendly art activities spread over ~30 events across 15 days in Eagan, Sep 12-26 2026. Hands-on making, performances, and community art. Most events free.",events,Free,,All ages,"Eagan, MN 55122",44.8041,-93.16688,https://images.pexels.com/photos/1384254/pexels-photo-1384254.jpeg,curated_category,2026-09-12,Varies,,https://www.cityofeagan.com/,false,,,"art fair,festival,free,family,eagan,south-metro,twin-cities"
Duluth Oktoberfestival 2026,"Ranked a top authentic Oktoberfest in Minnesota. Sep 18-20 2026 at Bayfront Festival Park on the Duluth harbor: music, food, family activities. Confirm ticket/family details.",events,Paid,Ticketed,All ages,"350 Harbor Dr, Duluth, MN 55802",46.7793,-92.0996,https://images.pexels.com/photos/1384254/pexels-photo-1384254.jpeg,curated_category,2026-09-18,Varies,,https://decc.org/event/duluth-oktoberfestival-2026/,false,,,"festival,community-fest,family,duluth"
Chester Bowl Fall Fest - Duluth,"42nd annual Fall Fest, Sat Sep 19 2026 9:30am-4:30pm at Chester Bowl. 135 vendors of local crafts and art, live music, 15 food trucks, and children's/family activities. Free.",events,Free,,All ages,"1801 E Skyline Pkwy, Duluth, MN 55812",46.8143,-92.0711,https://images.pexels.com/photos/36420804/pexels-photo-36420804.jpeg,curated_category,2026-09-19,9:30am-4:30pm,,https://www.chesterbowl.org/fall-fest/,false,,,"craft-fair,food-truck,festival,free,family,duluth"
Afton Apple Festival,"Fall festival at Afton Apple Orchard, Sep 26-27 & Oct 3-4 & 10-11 2026: magician, live music, pick-your-own apples, huge playground, petting farm, Straw Mountain, corn maze, and wagon rides.",events,Paid,Admission varies,All ages,"14421 90th St S, Hastings, MN 55033",44.8316,-92.8342,https://live.staticflickr.com/1102/1478354100_d2c92c1c2e_b.jpg,curated_category,2026-09-26,Weekends,651-436-8385,https://www.aftonapple.com/,false,,,"farm/u-pick,seasonal,festival,family,hastings,east-metro,twin-cities"
Fresh Acres Fall Festival,"Corn maze and pumpkin patch with wagon rides, corn pit, inflatables, playground, and petting zoo. Opens Fridays/Saturdays/Sundays starting Sep 6 2026. Seasonal, recurs weekends.",events,Paid,Admission varies,All ages,"Ramsey, MN",45.01657,-93.09495,https://live.staticflickr.com/1102/1478354100_d2c92c1c2e_b.jpg,curated_category,2026-09-06,Fri-Sun,,https://www.freshacresmn.com/,false,,,"farm/u-pick,seasonal,festival,family,north-metro,twin-cities"
Pine Tree Apple Orchard - Fall Weekends,"Fall outdoor activities begin September 2026: weekend entertainment, pony rides, wagon rides, corn maze, pick-your-own pumpkins and apples, bakery, cider. Family favorite in White Bear Lake area. Recurs weekends.",events,Free,Activities vary,All ages,"450 Apple Orchard Rd, White Bear Lake, MN 55110",45.1147,-92.9833,https://images.pexels.com/photos/5529004/pexels-photo-5529004.jpeg,curated,2026-09-05,Weekends,651-429-7202,https://www.pinetreeappleorchard.com/,false,,,"farm/u-pick,seasonal,family,white-bear-lake,east-metro,twin-cities"
Minnesota Twins Home Games - September,Twins home games continue at Target Field through late September 2026 (81 home games across the season). Family-friendly ballpark outing; tickets from ~$7. Multiple dates in window - confirm the September home stand schedule.,events,Paid,From ~$7,All ages,"1 Twins Way, Minneapolis, MN 55403",44.98165,-93.27757,https://live.staticflickr.com/6012/6205997306_c2609f848d_b.jpg,curated_category,2026-09-01,Varies,,https://www.mlb.com/twins/schedule,false,,,"sports,pro-sports,game,ticketed,paid,family,minneapolis,twin-cities"
Minnesota Vikings 2026 Home Games,"The Vikings open the 2026 NFL season the weekend of Sep 8 at U.S. Bank Stadium, with additional September home dates. A marquee family/fan outing (tickets premium). Confirm the September home schedule.",events,Paid,Ticketed,All ages,"401 Chicago Ave, Minneapolis, MN 55415",44.9737,-93.2579,https://live.staticflickr.com/6012/6205997306_c2609f848d_b.jpg,curated_category,2026-09-08,Varies,,https://www.vikings.com/schedule/,false,,,"sports,pro-sports,game,ticketed,paid,family,minneapolis,twin-cities"
Fall Family Day - Isanti,"Sun Sep 27 2026, 3-5pm at Legacy Park, Isanti: cozy bonfire, s'mores, and family fall activities. Free community event.",events,Free,,All ages,"Legacy Park, Isanti, MN 55040",45.4902,-93.2479,https://images.pexels.com/photos/4697232/pexels-photo-4697232.jpeg,curated_category,2026-09-27,3-5pm,,https://www.cityofisanti.us/departments/parks_recreation/events/fall_family_day.php,false,,,"community-fest,free,family,seasonal,isanti"
Carters' Fall Festival,"Family farm fall festival near Park Rapids, Sep 26-27 2026 (Sat 10-5, Sun 12-5): pumpkin patch, corn maze, games, live entertainment, and wagon rides. Recurs following weekends too.",events,Paid,Admission varies,All ages,"Nevis, MN 56467",46.9647,-94.842,https://live.staticflickr.com/1102/1478354100_d2c92c1c2e_b.jpg,curated_category,2026-09-26,Weekends,,https://cartersfarm.org/fallfestival/,false,,,"farm/u-pick,seasonal,festival,family,outstate/day-trip"
Big Springs Farm Pumpkins & Corn Maze,"1.5-acre pumpkin patch with ~150 varieties of pumpkins, squash, and gourds, plus corn maze and fall activities in Lanesboro. Best selection in September. Seasonal.",events,Paid,Admission varies,All ages,"32060 Furrow Rd, Lanesboro, MN 55949",43.7188,-91.9765,https://live.staticflickr.com/1102/1478354100_d2c92c1c2e_b.jpg,curated_category,2026-09-12,Weekends,,https://www.bigspringsfarmmn.com/,false,,,"farm/u-pick,seasonal,family,outstate/day-trip,winona"
American Girl - Mall of America,"Two-level flagship doll store with a doll hair salon, a bistro where dolls get their own seats, and special events — a destination experience for many kids. Browsing free; salon/bistro/experiences ticketed.",events,Paid,,family,"5000 Center Court, Bloomington, MN 55425",44.85469,-93.242,https://images.pexels.com/photos/31874024/pexels-photo-31874024.jpeg,curated_category,,Mall hours,,https://www.americangirl.com/pages/mall-of-america,false,,,"kids-experience,toy-store,doll-store,indoor,kids,family,bloomington,south-metro,twin-cities"
The LEGO Store - Mall of America,"Four-story LEGO store with a giant Pick-a-Brick wall, play tables and towering models — free to browse and play.",events,Free,,family,"5000 Center Court, Bloomington, MN 55425",44.85469,-93.242,https://images.pexels.com/photos/31874024/pexels-photo-31874024.jpeg,curated_category,,Mall hours,,https://www.lego.com/en-us/stores/store/mall-of-america,false,,,"kids-experience,toy-store,lego,indoor,kids,family,bloomington,south-metro,twin-cities"
Wonderment,"Independent Grand Avenue toy shop specializing in natural, open-ended toys (wooden blocks, trains, dolls) — a charming browse for younger kids.",events,Free,,family,"949 Grand Ave, St. Paul, MN 55105",44.94021,-93.14018,https://images.pexels.com/photos/31874024/pexels-photo-31874024.jpeg,curated_category,,,,https://www.shopwonderment.com,false,,,"kids-experience,toy-store,indoor,toddlers,preschool,kids,family,st-paul,twin-cities"
CAMP Minneapolis,"Family experience store: a curated toy shop with a ticketed immersive play experience behind The Magic Door (theme rotates), plus hands-on crafts and free in-store events. Best for ages ~2-10. Confirm current featured experience, price and hours.",events,Paid,,family,"10 Southdale Center, Edina, MN 55435",44.87968,-93.32826,https://images.pexels.com/photos/31874024/pexels-photo-31874024.jpeg,curated_category,,"Mon-Sat 10am-8pm, Sun 11am-6pm",,https://camp.com/minneapolis,false,,,"kids-experience,indoor,toddlers,preschool,kids,edina,twin-cities"
The Works Museum,"Hands-on engineering-and-technology museum for kids — build, tinker and experiment.",events,Paid,,family,"9740 Grand Ave S, Bloomington, MN 55420",44.82713,-93.28633,https://images.pexels.com/photos/31874024/pexels-photo-31874024.jpeg,curated_category,,,,https://www.theworks.org,false,,,"attraction,museum,science,engineering,indoor,kids,family,bloomington,south-metro,twin-cities"
Nickelodeon Universe,"The nation's largest indoor theme park — roller coasters and rides for all ages in the center of Mall of America; year-round, all-weather. Wristband/points pricing.",events,Paid,,all-ages,"5000 Center Court, Bloomington, MN 55425",44.85469,-93.242,https://images.pexels.com/photos/31874024/pexels-photo-31874024.jpeg,curated_category,,Mall hours,,https://nickelodeonuniverse.com,false,,,"attraction,theme-park,rides,indoor,kids,family,bloomington,south-metro,twin-cities"
Stages Theatre Company,Youth theater (founded 1984) with family productions and summer workshops in the western suburbs. Confirm the current/upcoming show and dates.,events,Paid,,family,"1111 Mainstreet, Hopkins, MN 55343",44.92465,-93.4146,https://images.pexels.com/photos/31874024/pexels-photo-31874024.jpeg,curated_category,,,,https://www.stagestheatre.org,false,,,"theater,performing-arts,show,indoor,kids,family,hopkins,west-metro,twin-cities"
Sever's Fall Festival & Corn Maze,"Big autumn festival — giant corn maze, pumpkins, petting zoo, slides and food; one of the metro's signature fall outings. Seasonal: weekends late Sept-Oct; confirm current dates.",events,Paid,,all-ages,"3121 W 150th St, Shakopee, MN 55379",44.7327,-93.49774,https://images.pexels.com/photos/31874024/pexels-photo-31874024.jpeg,curated_category,,,,https://seversfestivals.com,false,,,"attraction,corn-maze,fall-festival,farm,pumpkins,seasonal,fall,outdoor,kids,family,shakopee,south-metro,twin-cities"
Emma Krumbee's,"Orchard, bakery/restaurant and a fall Scarecrow Festival with apple and pumpkin picking, a giant tube slide and barrel-train rides. Seasonal apple/pumpkin season Sept-Oct; confirm current hours.",events,Paid,,family,"311 E Enterprise Dr, Belle Plaine, MN 56011",44.61935,-93.75576,https://images.pexels.com/photos/5529004/pexels-photo-5529004.jpeg,curated_category,,,,https://emmakrumbees.com,false,,,"attraction,orchard,apple-picking,farm,pumpkins,bakery,seasonal,fall,outdoor,kids,family,belle-plaine,outstate/day-trip"
Aamodt's Apple Farm,"Longtime Stillwater-area orchard in a historic barn — u-pick apples, cider donuts and fall weekend activities. U-pick season typically Sept-Oct; confirm current hours.",events,Paid,,family,"6428 Manning Ave N, Stillwater, MN 55082",45.03114,-92.86273,https://images.pexels.com/photos/9727471/pexels-photo-9727471.jpeg,curated,,,,https://www.aamodtsapplefarm.com,false,,,"attraction,orchard,apple-picking,farm,u-pick,seasonal,fall,outdoor,kids,family,stillwater,east-metro,twin-cities"
Sky Zone - Oakdale,"Wall-to-wall trampolines, a warrior obstacle course, climbing walls and a dedicated toddler zone. Jump/day passes; note toddler-time sessions.",events,Paid,,family,"595 Hale Ave N, Oakdale, MN 55128",44.95706,-92.96087,https://images.pexels.com/photos/31874024/pexels-photo-31874024.jpeg,curated_category,,,,https://www.skyzone.com/oakdale,false,,,"attraction,trampoline,indoor,active-play,kids,family,oakdale,east-metro,twin-cities"
Shoreview Community Center - Tropics Waterpark,"City rec center with the Tropics indoor waterpark (four-story slide, zero-depth Bamboo Bay kids' zone) AND a separate indoor playground with a toddler area — a two-in-one rainy-day destination. Confirm current open-swim + playground hours.",events,Paid,,family,"4580 Victoria St N, Shoreview, MN 55126",45.08047,-93.13169,https://images.pexels.com/photos/7207762/pexels-photo-7207762.jpeg,curated_category,,,,https://www.shoreviewcommunitycenter.com,false,,,"attraction,community-center,water-park,pool,aquatics,indoor-playground,indoor,active-play,kids,family,shoreview,north-metro,twin-cities"
Great River Water Park,"St. Paul's indoor waterpark (Oxford/Jimmy Lee Community Center) — two large waterslides, a lap pool with diving board and a children's activity pool. Seasonal indoor pool: typically open Sept-May, closed early June-summer; confirm fall reopening.",events,Paid,,family,"270 Lexington Pkwy N, St. Paul, MN 55104",44.94946,-93.14593,https://images.pexels.com/photos/7207762/pexels-photo-7207762.jpeg,curated_category,,,,https://www.stpaul.gov/greatriverwaterpark,false,,,"attraction,community-center,water-park,pool,aquatics,indoor,active-play,seasonal,kids,family,st-paul,twin-cities"
Burnsville Festival & Fire Muster,"Three-day festival with inflatables, kids area, medallion hunt, food trucks, carnival, fire-truck displays, and a fireworks show.",events,free,,All ages,"Civic Center Park, Burnsville, MN",44.7642,-93.26926,https://images.pexels.com/photos/1384254/pexels-photo-1384254.jpeg,curated_category,2026-09-10,5:00 PM,,https://www.burnsvillefestival.org/,false,,,"festival,free,family,fireworks,burnsville,community-fest,south-metro"
Minneapolis Music in the Parks,Free outdoor concerts held on summer evenings at Lake Harriet Bandshell and neighborhood parks; recurs through summer.,events,free,,All ages,"Lake Harriet Bandshell, Minneapolis, MN",44.92815,-93.30773,https://images.pexels.com/photos/31874024/pexels-photo-31874024.jpeg,curated_category,2026-08-02,7:00 PM,,https://www.minneapolisparks.org/,false,,,"music,concert,free,outdoor,minneapolis,family,recurring"
Art in Bayfront Park Art Fair,"Art fair showcasing more than 100 regional artists selling jewelry, paintings, and artwork on Duluth's waterfront.",events,free,,All ages,"Bayfront Festival Park, Duluth, MN",46.77865,-92.10181,https://images.pexels.com/photos/31874024/pexels-photo-31874024.jpeg,curated_category,2026-08-15,,,https://visitduluth.com/events/annual-events/,false,,,"duluth,art-fair,free,family"
Chester Bowl Fall Fest,"Community festival with 135 craft vendors, live music, 15 food trucks, and kids activities at Chester Bowl.",events,paid,$5-10,All ages,"Chester Bowl, Duluth, MN",46.8123,-92.09591,https://images.pexels.com/photos/1384254/pexels-photo-1384254.jpeg,curated_category,2026-09-19,9:30 AM,,https://www.chesterbowl.org/fall-fest/,false,,,"duluth,festival,craft-fair,family,fall,community-fest"
NorthShore Inline Marathon,"Inline skating marathon from Two Harbors to Duluth, with free kids inline sprints for young skaters.",events,paid,Varies,All ages,"Two Harbors to Duluth, MN",46.78383,-92.10527,https://live.staticflickr.com/6012/6205997306_c2609f848d_b.jpg,curated_category,2026-09-18,,,https://www.northshoreinline.com/,false,,,"duluth,sports,family,northshore"
Moorhead Sausage Fest,"Fall festival with German-inspired food, live music, games, and family fun; kids 12 and under free.",events,paid,,All ages,"2900 5th St S, Moorhead, MN",46.84549,-96.7717,https://images.pexels.com/photos/1384254/pexels-photo-1384254.jpeg,curated_category,2026-09-27,2:30 PM,,https://www.eventbrite.com/e/2026-moorhead-sausage-fest-tickets-1992207241488,false,,,"moorhead,festival,food,family,fall,community-fest"
Common Roots Festival,"St. Cloud festival with musicians, comedians, and performers across 20+ stages plus local businesses and artists.",events,paid,,All ages,"Downtown St. Cloud, MN",45.56161,-94.1642,https://images.pexels.com/photos/1384254/pexels-photo-1384254.jpeg,curated_category,2026-08-21,,,https://visitstcloud.com/events/list/,false,,,"st-cloud,festival,music,arts,community-fest"
Minnesota Family Festival (St. Cloud),"Free family-focused community event with local organizations, kid activities, and family resources in Central Minnesota.",events,free,,All ages,"The Park Event Center, St. Cloud, MN",45.56161,-94.1642,https://images.pexels.com/photos/1384254/pexels-photo-1384254.jpeg,curated_category,2026-09-20,,,https://minnesotafamilymagazine.com/,false,,,"st-cloud,festival,free,family,kids"
St. Cloud Pride in the Park,"Family-friendly Pride gathering at Lake George with food vendors, music, and games.",events,free,,All ages,"Lake George, St. Cloud, MN",45.55566,-94.16275,https://images.pexels.com/photos/1384254/pexels-photo-1384254.jpeg,curated_category,2026-09-15,,,https://visitstcloud.com/events/list/,false,,,"st-cloud,festival,free,family,community-fest"
Hickory Street Ribfest,"BBQ and music festival featuring ribs, food vendors, and live entertainment in downtown Mankato.",events,paid,,All ages,"Hickory Street, Mankato, MN",44.16355,-94.00043,https://images.pexels.com/photos/1384254/pexels-photo-1384254.jpeg,curated_category,2026-08-06,,,https://greatermankato.com/events/,false,,,"mankato,festival,food,music,community-fest"
Blues on Belgrade,Free blues music festival on Belgrade Avenue with food and craft vendors and live entertainment.,events,free,,All ages,"200 block of Belgrade Ave, Mankato, MN",44.16585,-94.0028,https://images.pexels.com/photos/1384254/pexels-photo-1384254.jpeg,curated_category,2026-09-19,2:00 PM,,https://greatermankato.com/events/,false,,,"mankato,festival,music,free,family,community-fest"
Oletoberfest,"Oktoberfest-style celebration with German food, live music, and family entertainment in Alexandria.",events,paid,,All ages,"Alexandria, MN",45.88351,-95.3745,https://images.pexels.com/photos/1384254/pexels-photo-1384254.jpeg,curated_category,2026-09-04,,,https://alexandriamn.city/events/list/,false,,,"alexandria,festival,food,family,community-fest"
Dockside Sessions (Grand Marais),Free outdoor concert series on the Grand Marais harbor on Wednesday evenings.,events,free,,All ages,"Grand Marais harbor, Grand Marais, MN",47.75047,-90.33468,https://images.pexels.com/photos/31874024/pexels-photo-31874024.jpeg,curated_category,2026-08-05,6:00 PM,,https://northshorevisitor.com/events/,false,,,"northshore,concert,free,family,outdoor,recurring"
Boats and Bluegrass Festival,Music festival on Prairie Island Campground near downtown Winona featuring national bluegrass acts and camping.,events,paid,,All ages,"Prairie Island Campground, Winona, MN",44.07546,-91.67738,https://images.pexels.com/photos/1384254/pexels-photo-1384254.jpeg,curated_category,2026-09-24,,,https://boatsandbluegrass.com/,false,,,"winona,festival,music,bluegrass,family"
Crosslake Fall Festival,Fall festival with free samples at Crosslake Chamber member businesses in the Brainerd Lakes area.,events,free,,All ages,"Crosslake, MN",46.65941,-94.11387,https://images.pexels.com/photos/1384254/pexels-photo-1384254.jpeg,curated_category,2026-09-12,9:00 AM,,https://business.brainerdlakeschamber.com/events,false,,,"brainerd,festival,free,family,community-fest"
Minnesota Twins vs. Texas Rangers,MLB regular-season home game at Target Field.,events,paid,,All ages,"Target Field, Minneapolis, MN",44.98168,-93.27786,https://live.staticflickr.com/6012/6205997306_c2609f848d_b.jpg,curated_category,2026-09-25,7:10 PM,,https://www.mlb.com/twins/schedule,false,,,"pro-sports,sports,baseball,ticketed,minneapolis,family"
St. Paul Saints vs. Louisville Bats,"Minor-league baseball home game at CHS Field, a family-favorite ballpark.",events,paid,,All ages,"CHS Field, St. Paul, MN",44.95095,-93.0852,https://live.staticflickr.com/6012/6205997306_c2609f848d_b.jpg,curated_category,2026-08-04,7:05 PM,,https://www.milb.com/st-paul/schedule,false,,,"sports,baseball,ticketed,st-paul,family"
St. Paul Saints vs. Syracuse Mets,Minor-league baseball home game at CHS Field.,events,paid,,All ages,"CHS Field, St. Paul, MN",44.95095,-93.0852,https://live.staticflickr.com/6012/6205997306_c2609f848d_b.jpg,curated_category,2026-09-08,7:05 PM,,https://www.milb.com/st-paul/schedule,false,,,"sports,baseball,ticketed,st-paul,family"
Minnesota United FC vs. Atlanta United,MLS regular-season home match at Allianz Field.,events,paid,,All ages,"Allianz Field, St. Paul, MN",44.95314,-93.16469,https://live.staticflickr.com/6012/6205997306_c2609f848d_b.jpg,curated_category,2026-08-19,7:30 PM,,https://www.mnufc.com/schedule,false,,,"pro-sports,sports,soccer,ticketed,st-paul,family"
Minnesota United FC vs. Orlando City SC,MLS regular-season home match at Allianz Field.,events,paid,,All ages,"Allianz Field, St. Paul, MN",44.95314,-93.16469,https://live.staticflickr.com/6012/6205997306_c2609f848d_b.jpg,curated_category,2026-08-29,7:30 PM,,https://www.mnufc.com/schedule,false,,,"pro-sports,sports,soccer,ticketed,st-paul,family"
Minnesota United FC vs. FC Dallas,MLS regular-season home match at Allianz Field.,events,paid,,All ages,"Allianz Field, St. Paul, MN",44.95314,-93.16469,https://live.staticflickr.com/6012/6205997306_c2609f848d_b.jpg,curated_category,2026-09-09,7:30 PM,,https://www.mnufc.com/schedule,false,,,"pro-sports,sports,soccer,ticketed,st-paul,family"
Friday Night Car Show (North St. Paul),Weekly classic and hot-rod car show in downtown North St. Paul with live music and food; Fridays all summer.,events,free,,All ages,"7th Avenue, Downtown North St. Paul, MN",44.95166,-93.09439,https://live.staticflickr.com/228/472117411_94e0ada8b4_b.jpg,curated_category,2026-08-07,6:00 PM,,https://www.northstpaul.org/741/Friday-Night-Car-Shows,false,,,"car-show,cruise-night,free,family,community,recurring,east-metro"
Cars and Caves (Chanhassen),Monthly car show at Chanhassen AutoPlex; free to browse hundreds of collector cars.,events,free,,All ages,"Chanhassen AutoPlex, Chanhassen, MN",44.86184,-93.53072,https://live.staticflickr.com/228/472117411_94e0ada8b4_b.jpg,curated_category,2026-08-29,9:00 AM,,https://chanhassenautoplex.com/cars-and-caves/,false,,,"car-show,free,family,chanhassen,west-metro,recurring"
Cars and Coffee St. Paul,Free monthly Cars and Coffee meet with local car enthusiasts and food.,events,free,,All ages,"1371 7th St W, St. Paul, MN",44.94975,-93.0931,https://live.staticflickr.com/228/472117411_94e0ada8b4_b.jpg,curated_category,2026-09-20,8:00 AM,,https://intermarque.org/,false,,,"car-show,free,family,st-paul,recurring"
Wayzata Car Show,"5th Annual Wayzata Car Show welcoming all makes, models, years, and motorcycles.",events,free,,All ages,"Downtown Wayzata, MN",44.9733,-93.5066,https://live.staticflickr.com/228/472117411_94e0ada8b4_b.jpg,curated_category,2026-09-19,10:00 AM,,,false,,,"car-show,free,family,wayzata,west-metro"
Mighty Machines (Farmington),Kids can climb inside and explore trucks and machines from Dakota County's fleet at the Farmington Library.,events,free,,All ages,"Farmington Library, Farmington, MN",44.64024,-93.14355,https://images.pexels.com/photos/31874024/pexels-photo-31874024.jpeg,curated_category,2026-08-06,9:30 AM,,,false,,,"touch-a-truck,free,family,kids,farmington,south-metro"
Day of the Dozers,Kids climb inside construction vehicles and play in sandpits at ERX Motor Park.,events,paid,,All ages,"ERX Motor Park, Elk River, MN",45.3038,-93.5675,https://images.pexels.com/photos/31874024/pexels-photo-31874024.jpeg,curated_category,2026-09-26,9:00 AM,,https://erxmotorpark.com/,false,,,"touch-a-truck,family,kids,elk-river"
St. Paul Park Heritage Days,"Community festival with contests, games, and a local celebration in St. Paul Park.",events,free,,All ages,"St. Paul Park, MN",44.8408,-92.9938,https://images.pexels.com/photos/4697232/pexels-photo-4697232.jpeg,curated_category,2026-08-13,,,,false,,,"community-fest,free,family,east-metro"
Blue Heron Days (Lino Lakes),Community festival with a Saturday parade and various family festival activities.,events,free,,All ages,"Lino Lakes, MN",45.1608,-93.0894,https://images.pexels.com/photos/4697232/pexels-photo-4697232.jpeg,curated_category,2026-08-13,10:00 AM,,,false,,,"community-fest,parade,free,family,north-metro"
Art in the Garden (Arboretum),"Fine art and craft fair with 70+ local vendors, live music, and food at the Minnesota Landscape Arboretum.",events,paid,,All ages,"Minnesota Landscape Arboretum, Chaska, MN",44.78941,-93.60218,https://images.pexels.com/photos/31874024/pexels-photo-31874024.jpeg,curated_category,2026-08-14,10:00 AM,,https://arb.umn.edu/,false,,,"craft-fair,art-fair,family,chaska,southwest-metro"
Fall Into the Arts Festival,"Community arts festival with 90+ local artists, food trucks, live music, and family activities at the ROC.",events,free,,All ages,"Recreation Outdoor Center (ROC), St. Louis Park, MN",44.94757,-93.3569,https://images.pexels.com/photos/4697232/pexels-photo-4697232.jpeg,curated_category,2026-09-19,10:00 AM,,https://www.stlouispark.org/,false,,,"community-fest,art-fair,craft-fair,free,family,st-louis-park,west-metro"
Jesse James Days,"Weekend festival with reenactments, a rodeo, grand parade, craft fairs, car shows, concerts, and food trucks in Northfield.",events,free,,All ages,"Downtown Northfield, MN",44.4583,-93.1616,https://images.pexels.com/photos/4697232/pexels-photo-4697232.jpeg,curated_category,2026-09-12,,,https://djjd.org/,false,,,"community-fest,parade,craft-fair,free,family,northfield"
Goodhue County Fair,"County fair with agricultural exhibitions, food, rides, and local entertainment in Zumbrota.",events,paid,,All ages,"Goodhue County Fairgrounds, Zumbrota, MN",44.2941,-92.669,https://images.pexels.com/photos/4697232/pexels-photo-4697232.jpeg,curated_category,2026-08-11,,,https://www.goodhuecountyfair.com/,false,,,"county-fair,community-fest,family,zumbrota"
Children's Theatre Company: Pinocchio,Inventive musical production of Pinocchio at the Tony-winning Children's Theatre Company; best for ages 5-10.,events,paid,Varies,5-10 years,"2400 3rd Ave S, Minneapolis, MN",44.9773,-93.26547,https://images.pexels.com/photos/31874024/pexels-photo-31874024.jpeg,curated_category,2026-09-08,,,https://childrenstheatre.org/,false,,,"theater,performing-arts,show,kids,family,minneapolis,ticketed"
Afton Apple Festival Weekends,"Fall festival at Afton Apple Orchard with apple picking, corn maze, playground, petting farm, live music, and a magician.",events,paid,$5-10,All ages,"14421 90th St S, Hastings, MN",44.7433,-92.8519,https://images.pexels.com/photos/5529004/pexels-photo-5529004.jpeg,curated_category,2026-09-26,10:00 AM,,https://aftonapple.com/,false,,,"orchard,apple-picking,fall-festival,farm/u-pick,seasonal,family,east-metro"
Woodbury Performances in the Park,Free outdoor family performance in a Woodbury park; part of a summer series.,events,free,,All ages,"Ojibway Park, Woodbury, MN",44.9199,-92.93394,https://images.pexels.com/photos/31874024/pexels-photo-31874024.jpeg,curated_category,2026-08-02,2:00 PM,,https://www.woodburymn.gov/,false,,,"community,free,family,outdoor,woodbury,east-metro,recurring"
Bloomington Community Education Fall Classes,Fall youth enrichment and activity classes; registration opens Aug 5 at 7:30 AM.,events,paid,Varies,All ages,"Bloomington Public Schools, MN",44.8408,-93.2983,https://images.pexels.com/photos/31874024/pexels-photo-31874024.jpeg,curated_category,2026-08-05,,,https://www.bloomington.k12.mn.us/ce,false,,,"class,registration,paid,kids,bloomington,south-metro"
South Washington County Community Education Fall Programs,"Fall STEM, arts, music, and sports classes for ages 3-18; registration opens Aug 3.",events,paid,Varies,Ages 3-18,"South Washington County Schools, Cottage Grove, MN",44.8277,-92.9438,https://images.pexels.com/photos/31874024/pexels-photo-31874024.jpeg,curated_category,2026-08-03,,,https://commed.sowashco.org/,false,,,"class,registration,paid,kids,cottage-grove,east-metro"
Osseo Area Schools Community Education Fall Classes,"Fall youth enrichment classes including arts, chess, coding, and engineering for elementary and middle schoolers.",events,paid,Varies,Elementary-middle,"Osseo Area Schools, Osseo, MN",45.1194,-93.4022,https://images.pexels.com/photos/31874024/pexels-photo-31874024.jpeg,curated_category,2026-09-01,,,https://ce.osseoschools.org/,false,,,"class,registration,paid,kids,osseo,north-metro"
Wayzata Community Education Fall Classes,Fall enrichment classes for kids across the Wayzata school district.,events,paid,Varies,All ages,"Wayzata Public Schools, MN",44.9733,-93.5066,https://images.pexels.com/photos/31874024/pexels-photo-31874024.jpeg,curated_category,2026-08-20,,,https://communityed.mvpschools.org/,false,,,"class,registration,paid,kids,wayzata,west-metro"
